id;name;region;group_key;category;tags;hidden;is_local;rating;description;access;coord_x;coord_y;created_at;lat;lng
street-batumi;ბათუმის სტრიტ-ფუდის კუთხე;აჭარა;food;სწრაფი კვება;"[""Street Food"",""Drive""]";false;false;4.1;აჭარული ხაჭაპური და კუბდარი ერთ ქუჩაზე.;"{""wheelchair"":true}";18;58;2026-08-01 15:43:26.083686+00;41.646;41.64
birtvisi;ბირთვისის კანიონი;ქვემო ქართლი;nature;კანიონი;"[""ერთდღიანი"",""კლდეები""]";true;false;4.6;კლდოვანი ლაბირინთი თბილისიდან ერთ საათში.;"{""parking"":true}";55;62;2026-08-01 15:43:26.083686+00;41.625;44.533
dedaena;დედაენის ბაღი;თბილისი;leisure;პარკი;"[""ოჯახური"",""პიკნიკი""]";false;false;4.4;მდინარისპირა პარკი სასეირნო ბილიკებითა და ბავშვთა სივრცით.;"{""parking"":true,""ramp"":true,""toilet"":true,""wheelchair"":true}";60;55;2026-08-01 15:43:26.083686+00;41.693;44.806
biblioteka;ეროვნული ბიბლიოთეკა;თბილისი;culture;ბიბლიოთეკა;"[""სტუდენტური"",""სამუშაო სივრცე""]";false;false;4.5;სამკითხველო დარბაზები და ეზო ქალაქის ცენტრში.;"{""elevator"":true,""ramp"":true,""toilet"":true,""wheelchair"":true}";59;54;2026-08-01 15:43:26.083686+00;41.697;44.799
cafe-kutaisi;კაფე „ჩაი და ჩურჩხელა“;იმერეთი;food;კაფე;"[""Vegetarian"",""Family Friendly""]";false;true;4.3;პატარა კაფე ცენტრალურ ბაზართან, ადგილობრივი დესერტებით.;"{""ramp"":true,""toilet"":true}";36;48;2026-08-01 15:43:26.083686+00;42.2679;42.718
nikortsminda;ნიკორწმინდის ტაძარი;რაჭა;culture;ისტორიული ადგილი;"[""არქიტექტურა"",""XI საუკუნე""]";false;false;4.7;ქვის რელიეფებით დაფარული ტაძარი რაჭის მთებში.;"{""parking"":true}";44;36;2026-08-01 15:43:26.083686+00;42.453;43
okatse;ოკაცეს კანიონი;იმერეთი;nature;კანიონი;"[""ლაშქრობა"",""ხედი""]";false;false;4.8;დაკიდული ბილიკი კანიონის თავზე, ჩანჩქერებითა და ტყის ხედებით.;"{""parking"":true,""toilet"":true}";34;46;2026-08-01 15:43:26.083686+00;42.45;42.52
velo-rike;რიყის ველობილიკი;თბილისი;leisure;ველობილიკი;"[""სპორტი""]";false;false;4.2;მტკვრის სანაპიროზე გამავალი ველობილიკი.;"{""ramp"":true,""wheelchair"":true}";61;57;2026-08-01 15:43:26.083686+00;41.691;44.809
osm-4351377190;აბულის ტბა;სამცხე-ჯავახეთი;nature;ხედი;"[""ხედი"",""სამცხე-ჯავახეთი""]";true;true;4.4;ხედი — სამცხე-ჯავახეთი.;{};53.95;85.45;2026-08-03 10:38:42.238563+00;41.38562;43.62278
osm-4351527990;ჭიქიანის (თიქმათაში,ქათ-კარი)მენჰირი;შიდა ქართლი;culture;ღირსშესანიშნაობა;"[""ღირსშესანიშნაობა"",""შიდა ქართლი""]";true;true;4.4;ღირსშესანიშნაობა — შიდა ქართლი.;{};57.63;81.24;2026-08-03 10:38:42.238563+00;41.49707;43.87627
osm-4352199889;მთა ჩანგილი;შიდა ქართლი;nature;ხედი;"[""ხედი"",""შიდა ქართლი""]";true;true;4.4;ხედი — შიდა ქართლი.;{};61.99;72.04;2026-08-03 10:38:42.238563+00;41.74089;44.17751
osm-4352373592;ჩხიკვთას მეგალითური კომპლექსი;ქვემო ქართლი;culture;ღირსშესანიშნაობა;"[""ღირსშესანიშნაობა"",""ქვემო ქართლი""]";true;true;4.4;ღირსშესანიშნაობა — ქვემო ქართლი.;{};66.94;78.61;2026-08-03 10:38:42.238563+00;41.56692;44.51857
osm-4352553595;ს.პატარა კლდეისის საყინულე;ქვემო ქართლი;nature;ხედი;"[""ხედი"",""ქვემო ქართლი""]";true;true;4.4;ხედი — ქვემო ქართლი.;{};63.37;77.52;2026-08-03 10:38:42.238563+00;41.5956;44.2728
osm-4356525195;კიკეთის პანორამული ხედი;თბილისი;nature;ხედი;"[""ხედი"",""თბილისი""]";true;true;4.4;ხედი — თბილისი.;{};68.94;75.89;2026-08-03 10:38:42.238563+00;41.63891;44.65689
osm-4357315790;ნადარბაზევის მეფეთა ნასასახლევი;ქვემო ქართლი;culture;ღირსშესანიშნაობა;"[""ღირსშესანიშნაობა"",""ქვემო ქართლი""]";true;true;4.4;ღირსშესანიშნაობა — ქვემო ქართლი.;{};64.78;78.15;2026-08-03 10:38:42.238563+00;41.57909;44.37015
osm-4364339391;გადასახედი;სვანეთი;nature;ხედი;"[""ხედი"",""სვანეთი""]";true;true;4.4;ხედი — სვანეთი.;{};33.39;25.85;2026-08-03 10:38:42.238563+00;42.96492;42.20396
osm-4366390801;გრაკლიანი;მცხეთა-მთიანეთი;culture;ღირსშესანიშნაობა;"[""ღირსშესანიშნაობა"",""მცხეთა-მთიანეთი""]";false;false;4.9;ღირსშესანიშნაობა — მცხეთა-მთიანეთი.;{};65.29;62.40;2026-08-03 10:38:42.238563+00;41.99653;44.40508
osm-4368138489;დანახვისის(წმ.გიორგის) ნიში;შიდა ქართლი;culture;ღირსშესანიშნაობა;"[""ღირსშესანიშნაობა"",""შიდა ქართლი""]";true;true;4.4;ღირსშესანიშნაობა — შიდა ქართლი.;{};61.26;65.54;2026-08-03 10:38:42.238563+00;41.91327;44.12667
osm-4371576815;გოგირდის აბანოები;შიდა ქართლი;culture;ღირსშესანიშნაობა;"[""ღირსშესანიშნაობა"",""შიდა ქართლი""]";true;true;4.4;ღირსშესანიშნაობა — შიდა ქართლი.;{};59.22;67.13;2026-08-03 10:38:42.238563+00;41.87095;43.98594
marani-kakheti;საოჯახო მარანი „ხიხანი“;კახეთი;food;რესტორანი;"[""ქვევრის ღვინო"",""Family Owned""]";true;true;4.9;ოჯახური მარანი, სადაც ღვინოს დეგუსტაციასთან ერთად სუფრასაც გიშლიან.;"{""parking"":true,""ramp"":true}";74;52;2026-08-01 15:43:26.083686+00;41.9197;45.4731
tobavarchkhili;ტობავარჩხილის ტბები;სამეგრელო;nature;ტბა;"[""მრავალდღიანი"",""ველური ბუნება""]";true;false;4.9;ვერცხლის ტბები 2650 მეტრზე — ტურისტები აქ თითქმის არ დადიან.;{};26;38;2026-08-01 15:43:26.083686+00;42.75;42.25
osm-888765992;ცისფერი ტბა;აფხაზეთი;leisure;ხედი;"[""ხედი"",""აფხაზეთი""]";false;false;4.8;ხედი — აფხაზეთი.;{};7.42;11.29;2026-08-03 10:38:42.238563+00;43.350865;40.4121007
osm-1182747224;ქეთევან იაშვილის გალერეა;კახეთი;culture;გალერეა;"[""გალერეა"",""კახეთი""]";true;true;4.4;გალერეა — კახეთი.;{};80.80;65.33;2026-08-03 10:38:42.238563+00;41.91864;45.47501
osm-4436779990;"ტბა ""საქართველო"" (2400 მ.)";სვანეთი;nature;ხედი;"[""ხედი"",""სვანეთი""]";true;true;4.4;ხედი — სვანეთი.;{};40.77;21.90;2026-08-03 10:38:42.238563+00;43.06953;42.71298
osm-1273141286;ნიკოლაძის კოშკი;გურია;leisure;მუზეუმი;"[""მუზეუმი"",""გურია""]";false;false;4.8;მუზეუმი — გურია.;{};25.71;56.9;2026-08-03 10:38:42.238563+00;42.1420669;41.6736935
osm-1437496277;სტეგოზავრი;იმერეთი;culture;არქეოლოგიური ძეგლი;"[""არქეოლოგიური ძეგლი"",""იმერეთი""]";false;false;4.8;არქეოლოგიური ძეგლი — იმერეთი.;{};40.17;50.63;2026-08-03 10:38:42.238563+00;42.3083202;42.6719095
osm-1437496278;იგუანოდონი;იმერეთი;culture;არქეოლოგიური ძეგლი;"[""არქეოლოგიური ძეგლი"",""იმერეთი""]";false;false;4.8;არქეოლოგიური ძეგლი — იმერეთი.;{};40.17;50.63;2026-08-03 10:38:42.238563+00;42.308233;42.6719417
osm-1437496279;ტირანოზავრი;იმერეთი;culture;არქეოლოგიური ძეგლი;"[""არქეოლოგიური ძეგლი"",""იმერეთი""]";false;false;4.8;არქეოლოგიური ძეგლი — იმერეთი.;{};40.19;50.65;2026-08-03 10:38:42.238563+00;42.3077886;42.6729288
osm-1506655011;ბირთვისის ციხე;ქვემო ქართლი;leisure;ღირსშესანიშნაობა;"[""ღირსშესანიშნაობა"",""ქვემო ქართლი""]";false;false;4.8;ღირსშესანიშნაობა — ქვემო ქართლი.;{};67.18;77.02;2026-08-03 10:38:42.238563+00;41.6089798;44.5355328
osm-1551655810;ნიკო ფიროსმანაშვილის სახელმწიფო მუზეუმი;თბილისი;leisure;მუზეუმი;"[""მუზეუმი"",""თბილისი""]";false;false;4.8;მუზეუმი — თბილისი.;{};71.02;72.88;2026-08-03 10:38:42.238563+00;41.7186659;44.8003272
osm-1561059942;გიორგი ლეონიძის სახელობის ქართული ლიტერატურის სახელმწიფო მუზეუმი;თბილისი;leisure;მუზეუმი;"[""მუზეუმი"",""თბილისი""]";false;false;4.8;მუზეუმი — თბილისი.;{};71;73.61;2026-08-03 10:38:42.238563+00;41.699388;44.7991841
osm-2645376053;საყდრისი;ქვემო ქართლი;culture;ღირსშესანიშნაობა;"[""ღირსშესანიშნაობა"",""ქვემო ქართლი""]";false;false;4.9;ღირსშესანიშნაობა — ქვემო ქართლი.;{};65.13;85.40;2026-08-03 10:38:42.238563+00;41.38696;44.39413
osm-2891332680;ელენე ახვლედიანის სახლ-მუსეუმი;თბილისი;culture;მუზეუმი;"[""მუზეუმი"",""თბილისი""]";false;false;4.9;მუზეუმი — თბილისი.;{};70.88;73.37;2026-08-03 10:38:42.238563+00;41.70579;44.7906
osm-2971963454;მამძიშხა;სამეგრელო;nature;ხედი;"[""ხედი"",""სამეგრელო""]";false;false;4.9;ხედი — სამეგრელო.;{};6.30;12.99;2026-08-03 10:38:42.238563+00;43.30588;40.33489
osm-3040997621;ტბები ქორულდი;სვანეთი;nature;ხედი;"[""ხედი"",""სვანეთი""]";true;true;4.4;ხედი — სვანეთი.;{};40.65;21.25;2026-08-03 10:38:42.238563+00;43.08691;42.70468
osm-3153824081;"არტ-ვილა ""გარიყულა""";შიდა ქართლი;culture;გალერეა;"[""გალერეა"",""შიდა ქართლი""]";true;true;4.4;გალერეა — შიდა ქართლი.;{};64.20;66.72;2026-08-03 10:38:42.238563+00;41.88195;44.32975
osm-3448495777;უთვირი;სვანეთი;nature;ხედი;"[""ხედი"",""სვანეთი""]";true;true;4.4;ხედი — სვანეთი.;{};34.67;21.48;2026-08-03 10:38:42.238563+00;43.08067;42.29229
osm-3569927543;ალაზნის ველის გადმოსახედი;კახეთი;nature;ხედი;"[""ხედი"",""კახეთი""]";true;true;4.4;ხედი — კახეთი.;{};93.92;67.07;2026-08-03 10:38:42.238563+00;41.87252;46.38067
osm-3569927545;დაღესტნის გადმოსახედი;კახეთი;nature;ხედი;"[""ხედი"",""კახეთი""]";true;true;4.4;ხედი — კახეთი.;{};94.01;67.05;2026-08-03 10:38:42.238563+00;41.8731;46.38661
osm-3578395922;ტახტითეფას ტალახის ვულკანები;კახეთი;culture;ღირსშესანიშნაობა;"[""ღირსშესანიშნაობა"",""კახეთი""]";false;false;4.9;ღირსშესანიშნაობა — კახეთი.;{};86.14;90.72;2026-08-03 10:38:42.238563+00;41.246;45.84399
osm-3583287514;ოკაცეს კანიონი;იმერეთი;culture;ღირსშესანიშნაობა;"[""ღირსშესანიშნაობა"",""იმერეთი""]";true;true;4.4;ღირსშესანიშნაობა — იმერეთი.;{};38.39;45.11;2026-08-03 10:38:42.238563+00;42.45447;42.54911
osm-3583287516;კინჩხას დიდი ჩანჩქერი;იმერეთი;culture;ღირსშესანიშნაობა;"[""ღირსშესანიშნაობა"",""იმერეთი""]";true;true;4.4;ღირსშესანიშნაობა — იმერეთი.;{};38.41;43.56;2026-08-03 10:38:42.238563+00;42.4957;42.55019
osm-3607742306;მინერალური წყალი;სამცხე-ჯავახეთი;culture;ღირსშესანიშნაობა;"[""ღირსშესანიშნაობა"",""სამცხე-ჯავახეთი""]";true;true;4.4;ღირსშესანიშნაობა — სამცხე-ჯავახეთი.;{};51.92;69.95;2026-08-03 10:38:42.238563+00;41.79635;43.48246
osm-3607742377;"წაღვერის ციხე ""უზნარიანი""";სამცხე-ჯავახეთი;culture;ღირსშესანიშნაობა;"[""ღირსშესანიშნაობა"",""სამცხე-ჯავახეთი""]";true;true;4.4;ღირსშესანიშნაობა — სამცხე-ჯავახეთი.;{};52.05;69.85;2026-08-03 10:38:42.238563+00;41.7991;43.49115
osm-4436780991;მანქანების ბოლო გასაჩერებელი (3183 მ.);სვანეთი;nature;ხედი;"[""ხედი"",""სვანეთი""]";true;true;4.4;ხედი — სვანეთი.;{};43.77;23.32;2026-08-03 10:38:42.238563+00;43.03211;42.9199
osm-3682549787;დავით კაკაბაძის სახელობის ქუთაისის სახვითი ხელოვნების გალერეა;იმერეთი;culture;გალერეა;"[""გალერეა"",""იმერეთი""]";true;true;4.4;გალერეა — იმერეთი.;{};40.60;52.05;2026-08-03 10:38:42.238563+00;42.27079;42.7012
osm-3706247846;თორღვას გოგირდის აბანო;კახეთი;culture;ღირსშესანიშნაობა;"[""ღირსშესანიშნაობა"",""კახეთი""]";true;true;4.4;ღირსშესანიშნაობა — კახეთი.;{};81.06;52.62;2026-08-03 10:38:42.238563+00;42.25548;45.49303
osm-3779973775;ძველი საბჭოთა ბულდოზერი;სამცხე-ჯავახეთი;culture;ღირსშესანიშნაობა;"[""ღირსშესანიშნაობა"",""სამცხე-ჯავახეთი""]";true;true;4.4;ღირსშესანიშნაობა — სამცხე-ჯავახეთი.;{};49.04;68.88;2026-08-03 10:38:42.238563+00;41.82461;43.28372
osm-4006459356;კესელოს კოშკები;კახეთი;nature;ხედი;"[""ხედი"",""კახეთი""]";true;true;4.4;ხედი — კახეთი.;{};83.02;47.91;2026-08-03 10:38:42.238563+00;42.38028;45.62862
osm-4006528027;ხორნაბუჯი;კახეთი;culture;ღირსშესანიშნაობა;"[""ღირსშესანიშნაობა"",""კახეთი""]";true;true;4.4;ღირსშესანიშნაობა — კახეთი.;{};90.37;81.66;2026-08-03 10:38:42.238563+00;41.48606;46.13578
osm-4006544463;დევების გადასახედი;კახეთი;nature;ხედი;"[""ხედი"",""კახეთი""]";true;true;4.4;ხედი — კახეთი.;{};97.21;95.19;2026-08-03 10:38:42.238563+00;41.1275;46.60724
osm-4117121044;ქილაკუპრას ტალახის ვულკანები;კახეთი;culture;ღირსშესანიშნაობა;"[""ღირსშესანიშნაობა"",""კახეთი""]";false;false;4.9;ღირსშესანიშნაობა — კახეთი.;{};85.07;87.40;2026-08-03 10:38:42.238563+00;41.33398;45.76999
osm-4152665530;სიყვარულის მოსახვევი;სამცხე-ჯავახეთი;nature;ხედი;"[""ხედი"",""სამცხე-ჯავახეთი""]";true;true;4.4;ხედი — სამცხე-ჯავახეთი.;{};42.42;71.25;2026-08-03 10:38:42.238563+00;41.76195;42.82725
osm-4181937896;ზედა ჩხუტუნეთის მაჭახლის ისტორიულ-ეთნოგრაფიული მუზეუმი;აჭარა;culture;მუზეუმი;"[""მუზეუმი"",""აჭარა""]";true;true;4.4;მუზეუმი — აჭარა.;{};28.39;81.53;2026-08-03 10:38:42.238563+00;41.48942;41.85868
osm-4201900096;მარტვილის მხარეთმცოდნეობის მუზეუმი;სამეგრელო;culture;მუზეუმი;"[""მუზეუმი"",""სამეგრელო""]";true;true;4.4;მუზეუმი — სამეგრელო.;{};35.93;46.62;2026-08-03 10:38:42.238563+00;42.41459;42.3794
osm-4234982991;ივანე მაჩაბლის მუზეუმი რომელიც ოკუპანტებმა დაანგრიეს;შიდა ქართლი;culture;მუზეუმი;"[""მუზეუმი"",""შიდა ქართლი""]";true;true;4.4;მუზეუმი — შიდა ქართლი.;{};58.86;52.44;2026-08-03 10:38:42.238563+00;42.26033;43.96122
osm-4248001794;ასტრონომიული საათი;აჭარა;culture;ღირსშესანიშნაობა;"[""ღირსშესანიშნაობა"",""აჭარა""]";true;true;4.4;ღირსშესანიშნაობა — აჭარა.;{};25.18;75.43;2026-08-03 10:38:42.238563+00;41.65117;41.63751
osm-4250087306;თრუსოს ხეობა;მცხეთა-მთიანეთი;culture;ღირსშესანიშნაობა;"[""ღირსშესანიშნაობა"",""მცხეთა-მთიანეთი""]";false;false;4.9;ღირსშესანიშნაობა — მცხეთა-მთიანეთი.;{};66.16;40.32;2026-08-03 10:38:42.238563+00;42.58143;44.46474
osm-4265827353;სტალინის საზაფხულო რეზიდენცია;სამეგრელო;culture;ღირსშესანიშნაობა;"[""ღირსშესანიშნაობა"",""სამეგრელო""]";true;true;4.4;ღირსშესანიშნაობა — სამეგრელო.;{};13.43;21.19;2026-08-03 10:38:42.238563+00;43.08854;40.82652
osm-4287142368;მენთაში;სვანეთი;nature;ხედი;"[""ხედი"",""სვანეთი""]";true;true;4.4;ხედი — სვანეთი.;{};41.58;23.59;2026-08-03 10:38:42.238563+00;43.0248;42.76923
osm-4302896147;ქართული ხალხური სიმღერისა და საკრავების სახელმწიფო მუზეუმი;თბილისი;culture;მუზეუმი;"[""მუზეუმი"",""თბილისი""]";true;true;4.4;მუზეუმი — თბილისი.;{};71.15;73.98;2026-08-03 10:38:42.238563+00;41.68948;44.80924
osm-4322870690;ჩხორია;სამეგრელო;nature;ხედი;"[""ხედი"",""სამეგრელო""]";true;true;4.4;ხედი — სამეგრელო.;{};29.68;39.77;2026-08-03 10:38:42.238563+00;42.5961;41.94792
osm-4325006493;თბილისის ისტორიულ-ეთნოგრაფიული მუზეუმი;თბილისი;culture;მუზეუმი;"[""მუზეუმი"",""თბილისი""]";false;false;4.9;მუზეუმი — თბილისი.;{};71.12;73.93;2026-08-03 10:38:42.238563+00;41.69096;44.80755
osm-4328045889;ლადო გუდიაშვილის სახელობის გალერეა;თბილისი;culture;მუზეუმი;"[""მუზეუმი"",""თბილისი""]";true;true;4.4;მუზეუმი — თბილისი.;{};71.02;73.68;2026-08-03 10:38:42.238563+00;41.69758;44.80021
osm-4341842589;სველი კლდე;შიდა ქართლი;nature;ხედი;"[""ხედი"",""შიდა ქართლი""]";true;true;4.4;ხედი — შიდა ქართლი.;{};59.12;67.77;2026-08-03 10:38:42.238563+00;41.85408;43.97943
osm-4342126392;მცირე ზოოპარკი;შიდა ქართლი;leisure;ზოოპარკი;"[""ზოოპარკი"",""შიდა ქართლი""]";true;true;4.4;ზოოპარკი — შიდა ქართლი.;{};60.90;62.96;2026-08-03 10:38:42.238563+00;41.98148;44.10193
osm-4375587393;დეკანოზ  დიმიტრი კუხალაშვილს ხონელებისგან(ნიში);იმერეთი;culture;ღირსშესანიშნაობა;"[""ღირსშესანიშნაობა"",""იმერეთი""]";true;true;4.4;ღირსშესანიშნაობა — იმერეთი.;{};40.80;43.10;2026-08-03 10:38:42.238563+00;42.50795;42.71544
osm-4375628689;"""გუმათლების"" ჯვარი (1920 მ ზ.დ.)";იმერეთი;culture;ღირსშესანიშნაობა;"[""ღირსშესანიშნაობა"",""იმერეთი""]";true;true;4.4;ღირსშესანიშნაობა — იმერეთი.;{};40.81;43.07;2026-08-03 10:38:42.238563+00;42.50858;42.71561
osm-4375878290;ხვამლი;იმერეთი;culture;ღირსშესანიშნაობა;"[""ღირსშესანიშნაობა"",""იმერეთი""]";true;true;4.4;ღირსშესანიშნაობა — იმერეთი.;{};40.78;43.36;2026-08-03 10:38:42.238563+00;42.50084;42.71356
osm-4377610195;ლადო მუსელიანი ლენტეხის ადგილობრივი მუზეუმი;სვანეთი;culture;მუზეუმი;"[""მუზეუმი"",""სვანეთი""]";true;true;4.4;მუზეუმი — სვანეთი.;{};40.86;32.51;2026-08-03 10:38:42.238563+00;42.78861;42.71918
osm-4381996119;ნატო ვაჩნაძის სახლ-მუზეუმი;კახეთი;culture;მუზეუმი;"[""მუზეუმი"",""კახეთი""]";true;true;4.4;მუზეუმი — კახეთი.;{};85.49;72.49;2026-08-03 10:38:42.238563+00;41.72899;45.7987
osm-4382027392;იოსებ ნონეშვილის სახლ-მუზეუმი;კახეთი;culture;მუზეუმი;"[""მუზეუმი"",""კახეთი""]";true;true;4.4;მუზეუმი — კახეთი.;{};86.84;74.84;2026-08-03 10:38:42.238563+00;41.66671;45.89215
osm-4382047691;დიდების მემორიალური მუზეუმი;კახეთი;culture;მუზეუმი;"[""მუზეუმი"",""კახეთი""]";true;true;4.4;მუზეუმი — კახეთი.;{};85.33;71.91;2026-08-03 10:38:42.238563+00;41.74429;45.78765
osm-4382047692;ივანე ბერიტაშვილის მუზეუმი;კახეთი;culture;მუზეუმი;"[""მუზეუმი"",""კახეთი""]";true;true;4.4;მუზეუმი — კახეთი.;{};85.80;73.25;2026-08-03 10:38:42.238563+00;41.70892;45.82012
osm-4382492394;კოშკი;თბილისი;culture;ღირსშესანიშნაობა;"[""ღირსშესანიშნაობა"",""თბილისი""]";true;true;4.4;ღირსშესანიშნაობა — თბილისი.;{};68.48;68.67;2026-08-03 10:38:42.238563+00;41.83033;44.62527
osm-4389263094;ვარჯანაულის ქვის თაღოვანი ხიდი (თამარის ხიდი);გურია;culture;ღირსშესანიშნაობა;"[""ღირსშესანიშნაობა"",""გურია""]";true;true;4.4;ღირსშესანიშნაობა — გურია.;{};29.87;70.24;2026-08-03 10:38:42.238563+00;41.78858;41.96083
osm-4389270498;ცხემვანის ქვის თაღოვანი ხიდი ( თამარის ხიდი);გურია;culture;ღირსშესანიშნაობა;"[""ღირსშესანიშნაობა"",""გურია""]";true;true;4.4;ღირსშესანიშნაობა — გურია.;{};30.09;71.23;2026-08-03 10:38:42.238563+00;41.7623;41.97616
osm-4390180794;სხალთის მამათა მონასტერი;გურია;culture;ღირსშესანიშნაობა;"[""ღირსშესანიშნაობა"",""გურია""]";false;false;4.9;ღირსშესანიშნაობა — გურია.;{};35.21;77.94;2026-08-03 10:38:42.238563+00;41.58472;42.32947
osm-4390215490;მამუკას ციხე;გურია;culture;ღირსშესანიშნაობა;"[""ღირსშესანიშნაობა"",""გურია""]";true;true;4.4;ღირსშესანიშნაობა — გურია.;{};28.58;68.65;2026-08-03 10:38:42.238563+00;41.83073;41.8718
osm-4391708690;ციხისყელის (ხიხანის) ციხე;გურია;culture;ღირსშესანიშნაობა;"[""ღირსშესანიშნაობა"",""გურია""]";true;true;4.4;ღირსშესანიშნაობა — გურია.;{};37.15;79.44;2026-08-03 10:38:42.238563+00;41.54488;42.46353
osm-4391732689;ვარდციხე;გურია;culture;ღირსშესანიშნაობა;"[""ღირსშესანიშნაობა"",""გურია""]";true;true;4.4;ღირსშესანიშნაობა — გურია.;{};37.17;79.46;2026-08-03 10:38:42.238563+00;41.54444;42.46462
osm-4391832992;ნიგაზეულის ციხე;გურია;culture;ღირსშესანიშნაობა;"[""ღირსშესანიშნაობა"",""გურია""]";true;true;4.4;ღირსშესანიშნაობა — გურია.;{};34.02;75.48;2026-08-03 10:38:42.238563+00;41.64979;42.24729
osm-4391852791;სელიმ ხიმშიაშვილისთვის თავის მოკვეთის ადგილი;სამცხე-ჯავახეთი;culture;ღირსშესანიშნაობა;"[""ღირსშესანიშნაობა"",""სამცხე-ჯავახეთი""]";true;true;4.4;ღირსშესანიშნაობა — სამცხე-ჯავახეთი.;{};38.16;79.61;2026-08-03 10:38:42.238563+00;41.54041;42.53271
osm-4391855892;სელიმ ხიმშიაშვილის სახ. მუზეუმი;გურია;culture;მუზეუმი;"[""მუზეუმი"",""გურია""]";true;true;4.4;მუზეუმი — გურია.;{};34.02;75.49;2026-08-03 10:38:42.238563+00;41.64962;42.24717
osm-4391900089;შერიფ-ბეგ ხიმშიაშვილის საზაფხულო სახლ-მუზეუმი და საფლავი;გურია;culture;ღირსშესანიშნაობა;"[""ღირსშესანიშნაობა"",""გურია""]";true;true;4.4;ღირსშესანიშნაობა — გურია.;{};37.90;79.55;2026-08-03 10:38:42.238563+00;41.54195;42.51478
osm-4397527590;ნოდარ დუმბაძის სახლ-მუზეუმი;გურია;culture;მუზეუმი;"[""მუზეუმი"",""გურია""]";true;true;4.4;მუზეუმი — გურია.;{};33.67;63.28;2026-08-03 10:38:42.238563+00;41.97298;42.22303
osm-4401552294;ამაღლების ნიში;სამცხე-ჯავახეთი;culture;ღირსშესანიშნაობა;"[""ღირსშესანიშნაობა"",""სამცხე-ჯავახეთი""]";true;true;4.4;ღირსშესანიშნაობა — სამცხე-ჯავახეთი.;{};49.11;84.76;2026-08-03 10:38:42.238563+00;41.40391;43.28875
osm-4401553791;ჭაჭკრისთავის ჯვარი;სამცხე-ჯავახეთი;culture;ღირსშესანიშნაობა;"[""ღირსშესანიშნაობა"",""სამცხე-ჯავახეთი""]";true;true;4.4;ღირსშესანიშნაობა — სამცხე-ჯავახეთი.;{};49.08;84.78;2026-08-03 10:38:42.238563+00;41.40323;43.28679
osm-4401567890;გუგუნჯვარი;სამცხე-ჯავახეთი;culture;ღირსშესანიშნაობა;"[""ღირსშესანიშნაობა"",""სამცხე-ჯავახეთი""]";true;true;4.4;ღირსშესანიშნაობა — სამცხე-ჯავახეთი.;{};49.10;84.75;2026-08-03 10:38:42.238563+00;41.40403;43.28793
osm-4401567891;ალაგურის((დანიელის) ჯვარი;სამცხე-ჯავახეთი;culture;ღირსშესანიშნაობა;"[""ღირსშესანიშნაობა"",""სამცხე-ჯავახეთი""]";true;true;4.4;ღირსშესანიშნაობა — სამცხე-ჯავახეთი.;{};49.10;84.82;2026-08-03 10:38:42.238563+00;41.40216;43.28793
osm-4401568189;მაღალი ჯვარი (თევდორობა);სამცხე-ჯავახეთი;culture;ღირსშესანიშნაობა;"[""ღირსშესანიშნაობა"",""სამცხე-ჯავახეთი""]";true;true;4.4;ღირსშესანიშნაობა — სამცხე-ჯავახეთი.;{};49.11;84.79;2026-08-03 10:38:42.238563+00;41.40316;43.28847
osm-4404041192;დროზერა;გურია;culture;ღირსშესანიშნაობა;"[""ღირსშესანიშნაობა"",""გურია""]";true;true;4.4;ღირსშესანიშნაობა — გურია.;{};27.41;67.38;2026-08-03 10:38:42.238563+00;41.86439;41.79121
osm-4407796506;წაბლნარის ჩანჩქერი;აჭარა;culture;ღირსშესანიშნაობა;"[""ღირსშესანიშნაობა"",""აჭარა""]";true;true;4.4;ღირსშესანიშნაობა — აჭარა.;{};28.67;74.70;2026-08-03 10:38:42.238563+00;41.67055;41.87795
osm-4413566790;თამარ მეფის საზაფხულო რეზიდენცია (ციხე-კოშკი);სვანეთი;culture;ღირსშესანიშნაობა;"[""ღირსშესანიშნაობა"",""სვანეთი""]";true;true;4.4;ღირსშესანიშნაობა — სვანეთი.;{};45.03;27.92;2026-08-03 10:38:42.238563+00;42.91;43.00724
osm-4414673367;ითხვისი;რაჭა-ლეჩხუმი;culture;ღირსშესანიშნაობა;"[""ღირსშესანიშნაობა"",""რაჭა-ლეჩხუმი""]";true;true;4.4;ღირსშესანიშნაობა — რაჭა-ლეჩხუმი.;{};49.74;50.65;2026-08-03 10:38:42.238563+00;42.30767;43.3319
osm-4414673368;ავტოგზა;რაჭა-ლეჩხუმი;culture;ღირსშესანიშნაობა;"[""ღირსშესანიშნაობა"",""რაჭა-ლეჩხუმი""]";true;true;4.4;ღირსშესანიშნაობა — რაჭა-ლეჩხუმი.;{};49.66;50.75;2026-08-03 10:38:42.238563+00;42.30515;43.32631
osm-4415594089;ანატორის აკლდამები;მცხეთა-მთიანეთი;culture;ღირსშესანიშნაობა;"[""ღირსშესანიშნაობა"",""მცხეთა-მთიანეთი""]";true;true;4.4;ღირსშესანიშნაობა — მცხეთა-მთიანეთი.;{};76.52;36.93;2026-08-03 10:38:42.238563+00;42.67134;45.18009
osm-4424086003;არწივის ხეობა;კახეთი;nature;ხედი;"[""ხედი"",""კახეთი""]";true;true;4.4;ხედი — კახეთი.;{};89.82;81.50;2026-08-03 10:38:42.238563+00;41.49038;46.0977
osm-4424706789;ქვის ცხენი;ქვემო ქართლი;culture;ღირსშესანიშნაობა;"[""ღირსშესანიშნაობა"",""ქვემო ქართლი""]";true;true;4.4;ღირსშესანიშნაობა — ქვემო ქართლი.;{};66.56;80.80;2026-08-03 10:38:42.238563+00;41.50872;44.49287
osm-4425316092;ქვის ცხვარი;ქვემო ქართლი;culture;ღირსშესანიშნაობა;"[""ღირსშესანიშნაობა"",""ქვემო ქართლი""]";true;true;4.4;ღირსშესანიშნაობა — ქვემო ქართლი.;{};66.66;80.84;2026-08-03 10:38:42.238563+00;41.50783;44.49951
osm-4425316093;ტეტრალიტი (სამი ქვა);ქვემო ქართლი;culture;ღირსშესანიშნაობა;"[""ღირსშესანიშნაობა"",""ქვემო ქართლი""]";true;true;4.4;ღირსშესანიშნაობა — ქვემო ქართლი.;{};66.64;80.88;2026-08-03 10:38:42.238563+00;41.50667;44.498
osm-4425326092;კონცხის ბოლო: პანორამული გადასახედი;ქვემო ქართლი;nature;ხედი;"[""ხედი"",""ქვემო ქართლი""]";true;true;4.4;ხედი — ქვემო ქართლი.;{};66.80;80.86;2026-08-03 10:38:42.238563+00;41.50718;44.50945
osm-4425354790;"""სასახლეები""";ქვემო ქართლი;culture;ღირსშესანიშნაობა;"[""ღირსშესანიშნაობა"",""ქვემო ქართლი""]";true;true;4.4;ღირსშესანიშნაობა — ქვემო ქართლი.;{};66.66;80.88;2026-08-03 10:38:42.238563+00;41.50675;44.49951
osm-4425358989;პანორამული გადმოსახედი;ქვემო ქართლი;nature;ხედი;"[""ხედი"",""ქვემო ქართლი""]";true;true;4.4;ხედი — ქვემო ქართლი.;{};66.76;80.87;2026-08-03 10:38:42.238563+00;41.50687;44.50645
osm-4430393491;მოთენას მღვიმე;სამეგრელო;culture;ღირსშესანიშნაობა;"[""ღირსშესანიშნაობა"",""სამეგრელო""]";true;true;4.4;ღირსშესანიშნაობა — სამეგრელო.;{};36.11;44.28;2026-08-03 10:38:42.238563+00;42.47654;42.39129
osm-4437663534;პანორამული ხედი მაზერის დიდ ჩანჩქერზე;სვანეთი;nature;ხედი;"[""ხედი"",""სვანეთი""]";true;true;4.4;ხედი — სვანეთი.;{};39.05;19.74;2026-08-03 10:38:42.238563+00;43.12693;42.59461
osm-4441996090;საკალანდარიშვილოს ციხე;სამეგრელო;culture;ღირსშესანიშნაობა;"[""ღირსშესანიშნაობა"",""სამეგრელო""]";true;true;4.4;ღირსშესანიშნაობა — სამეგრელო.;{};31.57;51.52;2026-08-03 10:38:42.238563+00;42.28461;42.07863
osm-4610058085;საგრიმიორო No 406;თბილისი;culture;ღირსშესანიშნაობა;"[""ღირსშესანიშნაობა"",""თბილისი""]";true;true;4.4;ღირსშესანიშნაობა — თბილისი.;{};70.96;73.16;2026-08-03 10:38:42.238563+00;41.71135;44.79631
osm-4640468843;ჭიაურის სამონადირეო მეურნეობა;კახეთი;culture;ღირსშესანიშნაობა;"[""ღირსშესანიშნაობა"",""კახეთი""]";true;true;4.4;ღირსშესანიშნაობა — კახეთი.;{};89.35;72.91;2026-08-03 10:38:42.238563+00;41.71796;46.06511
osm-4646089594;საცალფეხო ხიდი;აჭარა;culture;ღირსშესანიშნაობა;"[""ღირსშესანიშნაობა"",""აჭარა""]";true;true;4.4;ღირსშესანიშნაობა — აჭარა.;{};25.59;79.03;2026-08-03 10:38:42.238563+00;41.55558;41.66566
osm-4718256444;წიფლისხევის ჩანჩქერი;კახეთი;culture;ღირსშესანიშნაობა;"[""ღირსშესანიშნაობა"",""კახეთი""]";true;true;4.4;ღირსშესანიშნაობა — კახეთი.;{};78.68;70.99;2026-08-03 10:38:42.238563+00;41.76887;45.32875
osm-4734479773;ჭიქაურა;რაჭა-ლეჩხუმი;culture;ღირსშესანიშნაობა;"[""ღირსშესანიშნაობა"",""რაჭა-ლეჩხუმი""]";true;true;4.4;ღირსშესანიშნაობა — რაჭა-ლეჩხუმი.;{};49.40;50.90;2026-08-03 10:38:42.238563+00;42.30121;43.30892
osm-4790743324;"ტბა ""კალაშიშ ტობა""(კოლიაშის (კალიაშის) ტბა) (ზ.დ.2540 მ.)";სამეგრელო;nature;ხედი;"[""ხედი"",""სამეგრელო""]";true;true;4.4;ხედი — სამეგრელო.;{};34.07;32.23;2026-08-03 10:38:42.238563+00;42.79589;42.2509
osm-4791422824;გოჭიფეს კანიონი მდინარე ტეხურზე;სამეგრელო;culture;ღირსშესანიშნაობა;"[""ღირსშესანიშნაობა"",""სამეგრელო""]";true;true;4.4;ღირსშესანიშნაობა — სამეგრელო.;{};33.16;48.48;2026-08-03 10:38:42.238563+00;42.36534;42.18835
osm-4793482725;წისქვილი;სამეგრელო;culture;ღირსშესანიშნაობა;"[""ღირსშესანიშნაობა"",""სამეგრელო""]";true;true;4.4;ღირსშესანიშნაობა — სამეგრელო.;{};35.48;42.87;2026-08-03 10:38:42.238563+00;42.51393;42.3484
osm-4793483623;დადიანების სასახლის ნანგრევები;იმერეთი;culture;ღირსშესანიშნაობა;"[""ღირსშესანიშნაობა"",""იმერეთი""]";true;true;4.4;ღირსშესანიშნაობა — იმერეთი.;{};38.12;45.01;2026-08-03 10:38:42.238563+00;42.45716;42.53038
osm-4793483625;დადიანების ბაღი;იმერეთი;culture;ღირსშესანიშნაობა;"[""ღირსშესანიშნაობა"",""იმერეთი""]";true;true;4.4;ღირსშესანიშნაობა — იმერეთი.;{};38.16;45.01;2026-08-03 10:38:42.238563+00;42.45718;42.53325
osm-4793488821;თამაკონის ციხის ( თამაკონიშ ჯიხა) ნანგრევები;სამეგრელო;culture;ღირსშესანიშნაობა;"[""ღირსშესანიშნაობა"",""სამეგრელო""]";true;true;4.4;ღირსშესანიშნაობა — სამეგრელო.;{};35.43;44.56;2026-08-03 10:38:42.238563+00;42.46916;42.34457
osm-4799313523;ონიორეს ჩანჩქერი;სამეგრელო;culture;ღირსშესანიშნაობა;"[""ღირსშესანიშნაობა"",""სამეგრელო""]";true;true;4.4;ღირსშესანიშნაობა — სამეგრელო.;{};37.08;44.24;2026-08-03 10:38:42.238563+00;42.47758;42.45881
osm-4799559522;ჯორწყუს მღვიმე;სამეგრელო;culture;ღირსშესანიშნაობა;"[""ღირსშესანიშნაობა"",""სამეგრელო""]";true;true;4.4;ღირსშესანიშნაობა — სამეგრელო.;{};36.49;43.03;2026-08-03 10:38:42.238563+00;42.50959;42.41768
osm-4799655823;ნოჯიხევის სამონასტრო კომპლექსის ნანგრევები;სამეგრელო;culture;ღირსშესანიშნაობა;"[""ღირსშესანიშნაობა"",""სამეგრელო""]";true;true;4.4;ღირსშესანიშნაობა — სამეგრელო.;{};35.16;48.11;2026-08-03 10:38:42.238563+00;42.37506;42.32601
osm-4800885821;ინწირას მღვიმე;სამეგრელო;culture;ღირსშესანიშნაობა;"[""ღირსშესანიშნაობა"",""სამეგრელო""]";true;true;4.4;ღირსშესანიშნაობა — სამეგრელო.;{};31.99;34.67;2026-08-03 10:38:42.238563+00;42.73113;42.10733
osm-4801063322;ქუაქანცალია ( მოქანავე ლოდი );სამეგრელო;culture;ღირსშესანიშნაობა;"[""ღირსშესანიშნაობა"",""სამეგრელო""]";true;true;4.4;ღირსშესანიშნაობა — სამეგრელო.;{};32.46;33.82;2026-08-03 10:38:42.238563+00;42.7539;42.13948
osm-4801461321;ჯაღირას კომპლექსი (ციხე-დარბაზის ნანგრევები);სამეგრელო;culture;ღირსშესანიშნაობა;"[""ღირსშესანიშნაობა"",""სამეგრელო""]";true;true;4.4;ღირსშესანიშნაობა — სამეგრელო.;{};31.22;41.71;2026-08-03 10:38:42.238563+00;42.54481;42.0543
osm-4805419124;დათვის ტბა;იმერეთი;culture;ღირსშესანიშნაობა;"[""ღირსშესანიშნაობა"",""იმერეთი""]";true;true;4.4;ღირსშესანიშნაობა — იმერეთი.;{};38.41;45.13;2026-08-03 10:38:42.238563+00;42.45402;42.55047
osm-4805422223;ადგ.წიფურია;სამეგრელო;nature;ხედი;"[""ხედი"",""სამეგრელო""]";true;true;4.4;ხედი — სამეგრელო.;{};34.27;38.30;2026-08-03 10:38:42.238563+00;42.63498;42.26478
osm-4805438122;ადგ.ციგირია;სამეგრელო;nature;ხედი;"[""ხედი"",""სამეგრელო""]";true;true;4.4;ხედი — სამეგრელო.;{};33.88;37.95;2026-08-03 10:38:42.238563+00;42.64438;42.23759
osm-4805438123;ხავერდოვანას მღვიმე;სამეგრელო;culture;ღირსშესანიშნაობა;"[""ღირსშესანიშნაობა"",""სამეგრელო""]";true;true;4.4;ღირსშესანიშნაობა — სამეგრელო.;{};35.04;38.35;2026-08-03 10:38:42.238563+00;42.6338;42.31781
osm-4805438125;ყალიჩონის მღვიმე;სამეგრელო;culture;ღირსშესანიშნაობა;"[""ღირსშესანიშნაობა"",""სამეგრელო""]";true;true;4.4;ღირსშესანიშნაობა — სამეგრელო.;{};32.69;43.02;2026-08-03 10:38:42.238563+00;42.51001;42.1559
osm-4805438221;კორცხელის მღვიმე;სამეგრელო;culture;ღირსშესანიშნაობა;"[""ღირსშესანიშნაობა"",""სამეგრელო""]";true;true;4.4;ღირსშესანიშნაობა — სამეგრელო.;{};29.71;41.11;2026-08-03 10:38:42.238563+00;42.56048;41.95031
osm-4805438321;ფოთოლცვენის მღვიმე;სამეგრელო;culture;ღირსშესანიშნაობა;"[""ღირსშესანიშნაობა"",""სამეგრელო""]";true;true;4.4;ღირსშესანიშნაობა — სამეგრელო.;{};35.15;38.30;2026-08-03 10:38:42.238563+00;42.63509;42.32527
osm-4805438324;ზესნახეს მღვიმე;სამეგრელო;culture;ღირსშესანიშნაობა;"[""ღირსშესანიშნაობა"",""სამეგრელო""]";true;true;4.4;ღირსშესანიშნაობა — სამეგრელო.;{};34.16;38.59;2026-08-03 10:38:42.238563+00;42.6273;42.25712
osm-4805438327;ნაზოდელავოს მღვიმე;სამეგრელო;culture;ღირსშესანიშნაობა;"[""ღირსშესანიშნაობა"",""სამეგრელო""]";true;true;4.4;ღირსშესანიშნაობა — სამეგრელო.;{};32.83;42.18;2026-08-03 10:38:42.238563+00;42.53218;42.16538
osm-4805438328;გარახის მღვიმე;სამეგრელო;culture;ღირსშესანიშნაობა;"[""ღირსშესანიშნაობა"",""სამეგრელო""]";true;true;4.4;ღირსშესანიშნაობა — სამეგრელო.;{};32.70;42.84;2026-08-03 10:38:42.238563+00;42.51463;42.15629
osm-4805438329;სავეკუოს მღვიმე;სამეგრელო;culture;ღირსშესანიშნაობა;"[""ღირსშესანიშნაობა"",""სამეგრელო""]";true;true;4.4;ღირსშესანიშნაობა — სამეგრელო.;{};32.48;43.12;2026-08-03 10:38:42.238563+00;42.50729;42.14117
osm-4813665316;ცოფი;რაჭა-ლეჩხუმი;culture;ღირსშესანიშნაობა;"[""ღირსშესანიშნაობა"",""რაჭა-ლეჩხუმი""]";true;true;4.4;ღირსშესანიშნაობა — რაჭა-ლეჩხუმი.;{};49.52;50.92;2026-08-03 10:38:42.238563+00;42.30052;43.31697
osm-4829202033;ნაზმუხუს ტბა;სამეგრელო;nature;ხედი;"[""ხედი"",""სამეგრელო""]";true;true;4.4;ხედი — სამეგრელო.;{};27.97;48.06;2026-08-03 10:38:42.238563+00;42.37643;41.82963
osm-4829202323;პაპანწყვილის ტბა;სამეგრელო;nature;ხედი;"[""ხედი"",""სამეგრელო""]";true;true;4.4;ხედი — სამეგრელო.;{};27.97;48.17;2026-08-03 10:38:42.238563+00;42.37359;41.82972
osm-4831271124;ძველი ქალაქის კედელი;თბილისი;culture;ღირსშესანიშნაობა;"[""ღირსშესანიშნაობა"",""თბილისი""]";true;true;4.4;ღირსშესანიშნაობა — თბილისი.;{};71.07;73.74;2026-08-03 10:38:42.238563+00;41.69597;44.80368
osm-4867606321;ბუღა მოედანი;კახეთი;nature;ხედი;"[""ხედი"",""კახეთი""]";true;true;4.4;ხედი — კახეთი.;{};96.20;95.31;2026-08-03 10:38:42.238563+00;41.12431;46.53801
osm-4867815630;კოშკი ს.კოშკებში;შიდა ქართლი;culture;ღირსშესანიშნაობა;"[""ღირსშესანიშნაობა"",""შიდა ქართლი""]";true;true;4.4;ღირსშესანიშნაობა — შიდა ქართლი.;{};59.40;63.51;2026-08-03 10:38:42.238563+00;41.967;43.99843
osm-4877303221;მუხურას ჩანჩქერი;იმერეთი;culture;ღირსშესანიშნაობა;"[""ღირსშესანიშნაობა"",""იმერეთი""]";true;true;4.4;ღირსშესანიშნაობა — იმერეთი.;{};45.64;49.95;2026-08-03 10:38:42.238563+00;42.32633;43.04899
osm-4881942121;ბუნებრივი ქვის ხიდი;რაჭა-ლეჩხუმი;nature;ხედი;"[""ხედი"",""რაჭა-ლეჩხუმი""]";true;true;4.4;ხედი — რაჭა-ლეჩხუმი.;{};43.49;42.68;2026-08-03 10:38:42.238563+00;42.51888;42.90059
osm-4881942321;მთა გვირგვინა (2203 მ ზ.დ.);შიდა ქართლი;nature;ხედი;"[""ხედი"",""შიდა ქართლი""]";true;true;4.4;ხედი — შიდა ქართლი.;{};53.17;69.05;2026-08-03 10:38:42.238563+00;41.82009;43.56888
osm-4884065526;ჯემუგის წმ.გიორგის ჯვარი;შიდა ქართლი;culture;ღირსშესანიშნაობა;"[""ღირსშესანიშნაობა"",""შიდა ქართლი""]";true;true;4.4;ღირსშესანიშნაობა — შიდა ქართლი.;{};59.88;67.67;2026-08-03 10:38:42.238563+00;41.85676;44.03155
osm-4921000335;დავით IV აღმაშენებელი;იმერეთი;culture;ღირსშესანიშნაობა;"[""ღირსშესანიშნაობა"",""იმერეთი""]";true;true;4.4;ღირსშესანიშნაობა — იმერეთი.;{};41.56;51.16;2026-08-03 10:38:42.238563+00;42.29416;42.76765
osm-4950669324;თბილისის ავტომუზეუმი;თბილისი;culture;მუზეუმი;"[""მუზეუმი"",""თბილისი""]";true;true;4.4;მუზეუმი — თბილისი.;{};72.50;74.45;2026-08-03 10:38:42.238563+00;41.67709;44.90222
osm-5049645324;რიწის ტბის ლამაზი ხედი;სამეგრელო;nature;ხედი;"[""ხედი"",""სამეგრელო""]";true;true;4.4;ხედი — სამეგრელო.;{};9.69;6.44;2026-08-03 10:38:42.238563+00;43.47928;40.56876
osm-5071267727;უძველესი ურთხმელის ხე ავენისში;მცხეთა-მთიანეთი;culture;ღირსშესანიშნაობა;"[""ღირსშესანიშნაობა"",""მცხეთა-მთიანეთი""]";true;true;4.4;ღირსშესანიშნაობა — მცხეთა-მთიანეთი.;{};69.86;55.85;2026-08-03 10:38:42.238563+00;42.16997;44.72021
osm-5137682529;ჯვარი;იმერეთი;nature;ხედი;"[""ხედი"",""იმერეთი""]";true;true;4.4;ხედი — იმერეთი.;{};42.14;67.66;2026-08-03 10:38:42.238563+00;41.85712;42.808
osm-5159455326;კალაბოინის ჩანჩქერი;გურია;culture;ღირსშესანიშნაობა;"[""ღირსშესანიშნაობა"",""გურია""]";true;true;4.4;ღირსშესანიშნაობა — გურია.;{};36.24;80.99;2026-08-03 10:38:42.238563+00;41.50384;42.40076
osm-5172664821;ვაშლოვანის სახელმწიფო ნაკრძალი;კახეთი;culture;ღირსშესანიშნაობა;"[""ღირსშესანიშნაობა"",""კახეთი""]";true;true;4.4;ღირსშესანიშნაობა — კახეთი.;{};97.77;95.76;2026-08-03 10:38:42.238563+00;41.11232;46.64626
osm-5173891987;მერისის ჩანჩქერი;აჭარა;culture;ღირსშესანიშნაობა;"[""ღირსშესანიშნაობა"",""აჭარა""]";true;true;4.4;ღირსშესანიშნაობა — აჭარა.;{};30.83;78.49;2026-08-03 10:38:42.238563+00;41.56989;42.02747
osm-5178503623;"""მრავალწყაროს""სამონასტრო კომპლექსის შავი სენაკები";თბილისი;culture;ღირსშესანიშნაობა;"[""ღირსშესანიშნაობა"",""თბილისი""]";true;true;4.4;ღირსშესანიშნაობა — თბილისი.;{};77.62;80.07;2026-08-03 10:38:42.238563+00;41.52806;45.25569
osm-5193319625;ფორფოტები-ტალახის ვულკანი;კახეთი;culture;ღირსშესანიშნაობა;"[""ღირსშესანიშნაობა"",""კახეთი""]";true;true;4.4;ღირსშესანიშნაობა — კახეთი.;{};84.54;82.13;2026-08-03 10:38:42.238563+00;41.47367;45.73311
osm-5210555323;მარანი;ქვემო ქართლი;culture;ღირსშესანიშნაობა;"[""ღირსშესანიშნაობა"",""ქვემო ქართლი""]";true;true;4.4;ღირსშესანიშნაობა — ქვემო ქართლი.;{};65.64;77.70;2026-08-03 10:38:42.238563+00;41.59084;44.42887
osm-5210693224;ქაქუცა ჩოლოყაშვილის ნაბინავარი;ქვემო ქართლი;culture;ღირსშესანიშნაობა;"[""ღირსშესანიშნაობა"",""ქვემო ქართლი""]";true;true;4.4;ღირსშესანიშნაობა — ქვემო ქართლი.;{};65.96;77.77;2026-08-03 10:38:42.238563+00;41.58912;44.45124
osm-5210792421;დედოფლის  სალოცავი;ქვემო ქართლი;culture;ღირსშესანიშნაობა;"[""ღირსშესანიშნაობა"",""ქვემო ქართლი""]";true;true;4.4;ღირსშესანიშნაობა — ქვემო ქართლი.;{};65.64;77.71;2026-08-03 10:38:42.238563+00;41.59081;44.42887
osm-5210792422;დედოფლის მოსასვენებელი;ქვემო ქართლი;culture;ღირსშესანიშნაობა;"[""ღირსშესანიშნაობა"",""ქვემო ქართლი""]";true;true;4.4;ღირსშესანიშნაობა — ქვემო ქართლი.;{};65.63;77.68;2026-08-03 10:38:42.238563+00;41.59142;44.42851
osm-5210792423;საეკლესიო სახლი (მამაოების საცხოვრებელი);ქვემო ქართლი;culture;ღირსშესანიშნაობა;"[""ღირსშესანიშნაობა"",""ქვემო ქართლი""]";true;true;4.4;ღირსშესანიშნაობა — ქვემო ქართლი.;{};66.08;77.65;2026-08-03 10:38:42.238563+00;41.59219;44.45943
osm-5210792921;მღვდელმთავრის მოსასვენებელი და სატრაპეზო;ქვემო ქართლი;culture;ღირსშესანიშნაობა;"[""ღირსშესანიშნაობა"",""ქვემო ქართლი""]";true;true;4.4;ღირსშესანიშნაობა — ქვემო ქართლი.;{};65.62;77.68;2026-08-03 10:38:42.238563+00;41.59138;44.42811
osm-5225127626;გადასახვევი ღრომას ეკლესიისკენ;სამცხე-ჯავახეთი;culture;ღირსშესანიშნაობა;"[""ღირსშესანიშნაობა"",""სამცხე-ჯავახეთი""]";true;true;4.4;ღირსშესანიშნაობა — სამცხე-ჯავახეთი.;{};45.59;78.32;2026-08-03 10:38:42.238563+00;41.57442;43.04541
osm-5229681821;პატარა სამსარის (ვერანას) წმ.გიორგის ეკლესიის ნანგრევები;სამცხე-ჯავახეთი;culture;ღირსშესანიშნაობა;"[""ღირსშესანიშნაობა"",""სამცხე-ჯავახეთი""]";true;true;4.4;ღირსშესანიშნაობა — სამცხე-ჯავახეთი.;{};53.70;79.27;2026-08-03 10:38:42.238563+00;41.54947;43.6053
osm-5278699557;დარკვეთი;რაჭა-ლეჩხუმი;culture;ღირსშესანიშნაობა;"[""ღირსშესანიშნაობა"",""რაჭა-ლეჩხუმი""]";true;true;4.4;ღირსშესანიშნაობა — რაჭა-ლეჩხუმი.;{};49.70;50.48;2026-08-03 10:38:42.238563+00;42.31215;43.32926
osm-5380579591;ფულის მუზეუმი;კახეთი;culture;მუზეუმი;"[""მუზეუმი"",""კახეთი""]";true;true;4.4;მუზეუმი — კახეთი.;{};85.71;64.07;2026-08-03 10:38:42.238563+00;41.95227;45.81416
osm-5392080961;მე მიყვარს კახეთი;კახეთი;culture;ღირსშესანიშნაობა;"[""ღირსშესანიშნაობა"",""კახეთი""]";true;true;4.4;ღირსშესანიშნაობა — კახეთი.;{};85.26;63.86;2026-08-03 10:38:42.238563+00;41.95768;45.7831
osm-5474592421;ლომინას პატარა ჩანჩქერი და ტბა;იმერეთი;culture;ღირსშესანიშნაობა;"[""ღირსშესანიშნაობა"",""იმერეთი""]";true;true;4.4;ღირსშესანიშნაობა — იმერეთი.;{};38.54;42.90;2026-08-03 10:38:42.238563+00;42.51325;42.55905
osm-5496898954;იაკობ გოგოებაშვილის სახლ-მუზეუმი;შიდა ქართლი;culture;მუზეუმი;"[""მუზეუმი"",""შიდა ქართლი""]";true;true;4.4;მუზეუმი — შიდა ქართლი.;{};59.88;59.52;2026-08-03 10:38:42.238563+00;42.07278;44.03198
osm-5587129122;ნიკო ბურის სასახლე;თბილისი;culture;ღირსშესანიშნაობა;"[""ღირსშესანიშნაობა"",""თბილისი""]";true;true;4.4;ღირსშესანიშნაობა — თბილისი.;{};67.75;64.73;2026-08-03 10:38:42.238563+00;41.93461;44.57503
osm-5587129123;ივანე კონსტანტინეს-ძე მუხრანბატონის სასახლე;თბილისი;culture;ღირსშესანიშნაობა;"[""ღირსშესანიშნაობა"",""თბილისი""]";true;true;4.4;ღირსშესანიშნაობა — თბილისი.;{};67.90;64.47;2026-08-03 10:38:42.238563+00;41.94155;44.58488
osm-5600656366;ჭობისხევის მეგალითი (გამოქვაბული);სამცხე-ჯავახეთი;culture;ღირსშესანიშნაობა;"[""ღირსშესანიშნაობა"",""სამცხე-ჯავახეთი""]";true;true;4.4;ღირსშესანიშნაობა — სამცხე-ჯავახეთი.;{};49.42;70.01;2026-08-03 10:38:42.238563+00;41.79486;43.31005
osm-5611815222;ივანე ჯავახიშვილის სახლ-მუზეუმი;შიდა ქართლი;culture;მუზეუმი;"[""მუზეუმი"",""შიდა ქართლი""]";true;true;4.4;მუზეუმი — შიდა ქართლი.;{};62.91;66.33;2026-08-03 10:38:42.238563+00;41.89216;44.24077
osm-5611815422;ცილინდრული კოშკი;შიდა ქართლი;culture;ღირსშესანიშნაობა;"[""ღირსშესანიშნაობა"",""შიდა ქართლი""]";true;true;4.4;ღირსშესანიშნაობა — შიდა ქართლი.;{};62.94;66.18;2026-08-03 10:38:42.238563+00;41.89635;44.24289
osm-5613960825;მარიდაანთ კოშკი,წისქვილი;ქვემო ქართლი;culture;ღირსშესანიშნაობა;"[""ღირსშესანიშნაობა"",""ქვემო ქართლი""]";true;true;4.4;ღირსშესანიშნაობა — ქვემო ქართლი.;{};64.87;65.32;2026-08-03 10:38:42.238563+00;41.91907;44.37576
osm-5615577727;გოზალაანთ მარანი;შიდა ქართლი;culture;ღირსშესანიშნაობა;"[""ღირსშესანიშნაობა"",""შიდა ქართლი""]";true;true;4.4;ღირსშესანიშნაობა — შიდა ქართლი.;{};64.23;66.14;2026-08-03 10:38:42.238563+00;41.89721;44.33201
osm-5615577728;თოიძეაანთ კოშკი;შიდა ქართლი;culture;ღირსშესანიშნაობა;"[""ღირსშესანიშნაობა"",""შიდა ქართლი""]";true;true;4.4;ღირსშესანიშნაობა — შიდა ქართლი.;{};64.30;66.14;2026-08-03 10:38:42.238563+00;41.8973;44.33684
osm-5615616223;დავითაშვილების საგვარეულო მარანი;შიდა ქართლი;culture;ღირსშესანიშნაობა;"[""ღირსშესანიშნაობა"",""შიდა ქართლი""]";true;true;4.4;ღირსშესანიშნაობა — შიდა ქართლი.;{};64.19;66.27;2026-08-03 10:38:42.238563+00;41.89381;44.32945
osm-5615616226;ბოლგარსკის სახლი-აგარაკი;შიდა ქართლი;culture;ღირსშესანიშნაობა;"[""ღირსშესანიშნაობა"",""შიდა ქართლი""]";true;true;4.4;ღირსშესანიშნაობა — შიდა ქართლი.;{};64.20;66.72;2026-08-03 10:38:42.238563+00;41.88192;44.32984
osm-5626442826;გახვრეტილი ქვა;შიდა ქართლი;nature;ხედი;"[""ხედი"",""შიდა ქართლი""]";true;true;4.4;ხედი — შიდა ქართლი.;{};61.90;66.14;2026-08-03 10:38:42.238563+00;41.89724;44.1711
osm-5641767221;საბრძოლო დიდების ეროვნული მუზეუმი;იმერეთი;culture;მუზეუმი;"[""მუზეუმი"",""იმერეთი""]";false;false;4.9;მუზეუმი — იმერეთი.;{};40.65;51.97;2026-08-03 10:38:42.238563+00;42.27281;42.70483
osm-5793702155;ციხე-კოშკის ნანგრევები;თბილისი;culture;ღირსშესანიშნაობა;"[""ღირსშესანიშნაობა"",""თბილისი""]";true;true;4.4;ღირსშესანიშნაობა — თბილისი.;{};71.18;66.53;2026-08-03 10:38:42.238563+00;41.88707;44.81137
osm-5793702156;პანორამული ხედი;იმერეთი;nature;ხედი;"[""ხედი"",""იმერეთი""]";true;true;4.4;ხედი — იმერეთი.;{};41.61;51.14;2026-08-03 10:38:42.238563+00;42.29486;42.7713
osm-11432249427;ფრიდონ ხალვაშის სახლ-მუზეუმი;აჭარა;culture;მუზეუმი;"[""მუზეუმი"",""აჭარა""]";true;true;4.4;მუზეუმი — აჭარა.;{};31.58;75.60;2026-08-03 10:38:42.238563+00;41.64667;42.07904
osm-5807071253;ზანავის ციხე;სამცხე-ჯავახეთი;culture;ღირსშესანიშნაობა;"[""ღირსშესანიშნაობა"",""სამცხე-ჯავახეთი""]";false;false;4.9;ღირსშესანიშნაობა — სამცხე-ჯავახეთი.;{};40.77;73.53;2026-08-03 10:38:42.238563+00;41.70142;42.7129
osm-5811878753;გოდერძი ჩოხელის ნასახლარი;მცხეთა-მთიანეთი;culture;ღირსშესანიშნაობა;"[""ღირსშესანიშნაობა"",""მცხეთა-მთიანეთი""]";true;true;4.4;ღირსშესანიშნაობა — მცხეთა-მთიანეთი.;{};69.85;45.19;2026-08-03 10:38:42.238563+00;42.45242;44.71959
osm-5822939454;სერგი მაკალათიას სახელობის ისტორიულ-ეთნოგრაფიული მუზეუმი;შიდა ქართლი;culture;მუზეუმი;"[""მუზეუმი"",""შიდა ქართლი""]";true;true;4.4;მუზეუმი — შიდა ქართლი.;{};61.04;62.76;2026-08-03 10:38:42.238563+00;41.98694;44.11186
osm-5859109293;ხაბელაშვილების ხის კოჭებიანი ხიდი;გურია;culture;ღირსშესანიშნაობა;"[""ღირსშესანიშნაობა"",""გურია""]";true;true;4.4;ღირსშესანიშნაობა — გურია.;{};33.04;73.37;2026-08-03 10:38:42.238563+00;41.70564;42.17976
osm-5892115288;ყაზბეგის საუკეთესო ხედი;მცხეთა-მთიანეთი;nature;ხედი;"[""ხედი"",""მცხეთა-მთიანეთი""]";true;true;4.4;ხედი — მცხეთა-მთიანეთი.;{};67.97;37.18;2026-08-03 10:38:42.238563+00;42.66462;44.58962
osm-5892370997;ხრამის კანიონი;ქვემო ქართლი;culture;ღირსშესანიშნაობა;"[""ღირსშესანიშნაობა"",""ქვემო ქართლი""]";true;true;4.4;ღირსშესანიშნაობა — ქვემო ქართლი.;{};67.21;80.94;2026-08-03 10:38:42.238563+00;41.50518;44.5374
osm-5956079285;მოცეკვავე გოგონა;აჭარა;culture;ღირსშესანიშნაობა;"[""ღირსშესანიშნაობა"",""აჭარა""]";true;true;4.4;ღირსშესანიშნაობა — აჭარა.;{};25.24;75.48;2026-08-03 10:38:42.238563+00;41.64977;41.6413
osm-6162064485;ქართული სახვითი ხელოვნების მუზეუმი;თბილისი;culture;მუზეუმი;"[""მუზეუმი"",""თბილისი""]";false;false;4.9;მუზეუმი — თბილისი.;{};71.01;73.69;2026-08-03 10:38:42.238563+00;41.69721;44.79955
osm-6190478560;ფერადი მთების პანორამა;თბილისი;nature;ხედი;"[""ხედი"",""თბილისი""]";true;true;4.4;ხედი — თბილისი.;{};78.07;80.55;2026-08-03 10:38:42.238563+00;41.51539;45.28656
osm-6200547851;"""ჰოვანეს თუმანიანის სახლი"" სამეცნიერო, კულტურული ცენტრი";თბილისი;culture;მუზეუმი;"[""მუზეუმი"",""თბილისი""]";false;false;4.9;მუზეუმი — თბილისი.;{};70.92;73.97;2026-08-03 10:38:42.238563+00;41.68971;44.79382
osm-6213121286;"საცხოვრებელი კომპლექსი ""შატილი""";თბილისი;culture;ღირსშესანიშნაობა;"[""ღირსშესანიშნაობა"",""თბილისი""]";true;true;4.4;ღირსშესანიშნაობა — თბილისი.;{};69.84;72.60;2026-08-03 10:38:42.238563+00;41.72614;44.71906
osm-6246747305;უჩხოს ქვისთაღოვანი ხიდი;გურია;culture;ღირსშესანიშნაობა;"[""ღირსშესანიშნაობა"",""გურია""]";false;false;4.9;ღირსშესანიშნაობა — გურია.;{};34.99;74.36;2026-08-03 10:38:42.238563+00;41.6794;42.31461
osm-6259837785;ბროწეულის ძეგლი;თბილისი;culture;ღირსშესანიშნაობა;"[""ღირსშესანიშნაობა"",""თბილისი""]";true;true;4.4;ღირსშესანიშნაობა — თბილისი.;{};71.52;69.62;2026-08-03 10:38:42.238563+00;41.8051;44.83489
osm-6514186786;შატილის ციხექალაქი;მცხეთა-მთიანეთი;culture;ღირსშესანიშნაობა;"[""ღირსშესანიშნაობა"",""მცხეთა-მთიანეთი""]";true;true;4.4;ღირსშესანიშნაობა — მცხეთა-მთიანეთი.;{};76.20;37.39;2026-08-03 10:38:42.238563+00;42.65915;45.1578
osm-6612890685;მირზა ფათალი ახუნდოვის სახელობის აზერბაიჯანული კულტურის მუზეუმი;თბილისი;culture;მუზეუმი;"[""მუზეუმი"",""თბილისი""]";false;false;4.9;მუზეუმი — თბილისი.;{};71.25;74.02;2026-08-03 10:38:42.238563+00;41.68842;44.8161
osm-6648486086;გუდაურის პანორამული გადასახედი;მცხეთა-მთიანეთი;nature;ხედი;"[""ხედი"",""მცხეთა-მთიანეთი""]";true;true;4.4;ხედი — მცხეთა-მთიანეთი.;{};65.97;43.63;2026-08-03 10:38:42.238563+00;42.49374;44.45204
osm-6662574588;ნანგრევები (???);კახეთი;culture;ღირსშესანიშნაობა;"[""ღირსშესანიშნაობა"",""კახეთი""]";true;true;4.4;ღირსშესანიშნაობა — კახეთი.;{};78.07;60.21;2026-08-03 10:38:42.238563+00;42.05436;45.28684
osm-6662574685;ალვანის ცხრაკარას სასახლე;კახეთი;culture;ღირსშესანიშნაობა;"[""ღირსშესანიშნაობა"",""კახეთი""]";true;true;4.4;ღირსშესანიშნაობა — კახეთი.;{};78.71;60.32;2026-08-03 10:38:42.238563+00;42.05158;45.33123
osm-6676160385;საკიშორის მღვიმე;რაჭა-ლეჩხუმი;culture;ღირსშესანიშნაობა;"[""ღირსშესანიშნაობა"",""რაჭა-ლეჩხუმი""]";true;true;4.4;ღირსშესანიშნაობა — რაჭა-ლეჩხუმი.;{};47.24;45.57;2026-08-03 10:38:42.238563+00;42.44234;43.15949
osm-6677138685;კიდობანას მღვიმე;რაჭა-ლეჩხუმი;culture;ღირსშესანიშნაობა;"[""ღირსშესანიშნაობა"",""რაჭა-ლეჩხუმი""]";true;true;4.4;ღირსშესანიშნაობა — რაჭა-ლეჩხუმი.;{};47.04;45.89;2026-08-03 10:38:42.238563+00;42.43404;43.14573
osm-6681694007;ეთნოგრაფიული მუზეუმი;სვანეთი;culture;მუზეუმი;"[""მუზეუმი"",""სვანეთი""]";true;true;4.4;მუზეუმი — სვანეთი.;{};45.17;27.62;2026-08-03 10:38:42.238563+00;42.91797;43.01644
osm-6691161685;ჭვანას თაღოვანი ხიდი;გურია;culture;ღირსშესანიშნაობა;"[""ღირსშესანიშნაობა"",""გურია""]";true;true;4.4;ღირსშესანიშნაობა — გურია.;{};32.77;74.49;2026-08-03 10:38:42.238563+00;41.67602;42.16137
osm-6691346685;"წონიარისის(""ჯაიმელას"") თაღოვანი ხიდი";აჭარა;culture;ღირსშესანიშნაობა;"[""ღირსშესანიშნაობა"",""აჭარა""]";true;true;4.4;ღირსშესანიშნაობა — აჭარა.;{};30.70;75.21;2026-08-03 10:38:42.238563+00;41.65682;42.01829
osm-6718807388;ჭედილ ბერიძის მემორიალი;აჭარა;culture;ღირსშესანიშნაობა;"[""ღირსშესანიშნაობა"",""აჭარა""]";true;true;4.4;ღირსშესანიშნაობა — აჭარა.;{};30.63;75.76;2026-08-03 10:38:42.238563+00;41.64234;42.01368
osm-6726589687;ჩიხის ციხე;რაჭა-ლეჩხუმი;culture;ღირსშესანიშნაობა;"[""ღირსშესანიშნაობა"",""რაჭა-ლეჩხუმი""]";true;true;4.4;ღირსშესანიშნაობა — რაჭა-ლეჩხუმი.;{};51.49;48.88;2026-08-03 10:38:42.238563+00;42.35473;43.45263
osm-6726870687;ილუზიების მუზეუმი;თბილისი;culture;მუზეუმი;"[""მუზეუმი"",""თბილისი""]";true;true;4.4;მუზეუმი — თბილისი.;{};71.10;73.97;2026-08-03 10:38:42.238563+00;41.68983;44.80618
osm-6743587287;მარჯანიძეების სახლი-დარბაზი;ქვემო ქართლი;culture;მუზეუმი;"[""მუზეუმი"",""ქვემო ქართლი""]";true;true;4.4;მუზეუმი — ქვემო ქართლი.;{};65.90;68.40;2026-08-03 10:38:42.238563+00;41.83727;44.44735
osm-6768468085;ნიამორების გადასახედი;კახეთი;nature;ხედი;"[""ხედი"",""კახეთი""]";true;true;4.4;ხედი — კახეთი.;{};83.21;47.70;2026-08-03 10:38:42.238563+00;42.38594;45.64179
osm-6771426156;საბრძოლო დიდების მუზეუმი;შიდა ქართლი;culture;მუზეუმი;"[""მუზეუმი"",""შიდა ქართლი""]";true;true;4.4;მუზეუმი — შიდა ქართლი.;{};61.04;62.87;2026-08-03 10:38:42.238563+00;41.98406;44.11202
osm-6803048185;კასპის აკლდამები;თბილისი;culture;ღირსშესანიშნაობა;"[""ღირსშესანიშნაობა"",""თბილისი""]";true;true;4.4;ღირსშესანიშნაობა — თბილისი.;{};65.26;64.56;2026-08-03 10:38:42.238563+00;41.93907;44.40284
osm-6829908087;შავერგე;კახეთი;culture;ღირსშესანიშნაობა;"[""ღირსშესანიშნაობა"",""კახეთი""]";true;true;4.4;ღირსშესანიშნაობა — კახეთი.;{};84.61;63.99;2026-08-03 10:38:42.238563+00;41.95418;45.73817
osm-6844357003;ბაია გელერეა;თბილისი;culture;გალერეა;"[""გალერეა"",""თბილისი""]";true;true;4.4;გალერეა — თბილისი.;{};70.96;73.73;2026-08-03 10:38:42.238563+00;41.69626;44.79652
osm-6844357004;ართბეთი;თბილისი;culture;გალერეა;"[""გალერეა"",""თბილისი""]";true;true;4.4;გალერეა — თბილისი.;{};70.97;73.78;2026-08-03 10:38:42.238563+00;41.69472;44.79668
osm-6876095085;ციბალას წყალი;კახეთი;culture;ღირსშესანიშნაობა;"[""ღირსშესანიშნაობა"",""კახეთი""]";true;true;4.4;ღირსშესანიშნაობა — კახეთი.;{};87.22;77.49;2026-08-03 10:38:42.238563+00;41.59659;45.91804
osm-6879206685;ნასოფლარ კვირაწმინდას კოშკის ნანგრევები;მცხეთა-მთიანეთი;culture;ღირსშესანიშნაობა;"[""ღირსშესანიშნაობა"",""მცხეთა-მთიანეთი""]";true;true;4.4;ღირსშესანიშნაობა — მცხეთა-მთიანეთი.;{};72.47;37.85;2026-08-03 10:38:42.238563+00;42.64698;44.9003
osm-6879357888;2938 მ;მცხეთა-მთიანეთი;nature;ხედი;"[""ხედი"",""მცხეთა-მთიანეთი""]";true;true;4.4;ხედი — მცხეთა-მთიანეთი.;{};72.42;39.92;2026-08-03 10:38:42.238563+00;42.59219;44.89715
osm-6879387985;უღელტეხილი არხოტი, 2935 მ;მცხეთა-მთიანეთი;nature;ხედი;"[""ხედი"",""მცხეთა-მთიანეთი""]";true;true;4.4;ხედი — მცხეთა-მთიანეთი.;{};72.53;39.87;2026-08-03 10:38:42.238563+00;42.59351;44.90474
osm-6925043387;პანორამული ხედი ბაკურიანზე საქარიას გორადან;სამცხე-ჯავახეთი;nature;ხედი;"[""ხედი"",""სამცხე-ჯავახეთი""]";true;true;4.4;ხედი — სამცხე-ჯავახეთი.;{};50.23;71.30;2026-08-03 10:38:42.238563+00;41.76051;43.36559
osm-6960640386;თამაკონის ციხის ნანგრევები;სამეგრელო;culture;ღირსშესანიშნაობა;"[""ღირსშესანიშნაობა"",""სამეგრელო""]";true;true;4.4;ღირსშესანიშნაობა — სამეგრელო.;{};35.42;44.55;2026-08-03 10:38:42.238563+00;42.46953;42.34413
osm-6976458488;გადასახვევი წმ.გიორგის ეკლესიისკენ;მცხეთა-მთიანეთი;culture;ღირსშესანიშნაობა;"[""ღირსშესანიშნაობა"",""მცხეთა-მთიანეთი""]";true;true;4.4;ღირსშესანიშნაობა — მცხეთა-მთიანეთი.;{};71.71;54.84;2026-08-03 10:38:42.238563+00;42.19681;44.84783
osm-6984798186;გადასახვევი ცხრაკარას ეკლესიისკენ;კახეთი;culture;ღირსშესანიშნაობა;"[""ღირსშესანიშნაობა"",""კახეთი""]";true;true;4.4;ღირსშესანიშნაობა — კახეთი.;{};85.15;65.14;2026-08-03 10:38:42.238563+00;41.92383;45.77529
osm-7013800085;ნიკორწმინდის საყინულეს მღვიმე;რაჭა-ლეჩხუმი;culture;ღირსშესანიშნაობა;"[""ღირსშესანიშნაობა"",""რაჭა-ლეჩხუმი""]";true;true;4.4;ღირსშესანიშნაობა — რაჭა-ლეჩხუმი.;{};45.90;44.78;2026-08-03 10:38:42.238563+00;42.46334;43.06697
osm-7013972087;კაჩაეთის 900 წლიანი ცაცხვი;რაჭა-ლეჩხუმი;culture;ღირსშესანიშნაობა;"[""ღირსშესანიშნაობა"",""რაჭა-ლეჩხუმი""]";true;true;4.4;ღირსშესანიშნაობა — რაჭა-ლეჩხუმი.;{};46.56;44.43;2026-08-03 10:38:42.238563+00;42.47269;43.11267
osm-7042005685;ძუძუანას;რაჭა-ლეჩხუმი;culture;ღირსშესანიშნაობა;"[""ღირსშესანიშნაობა"",""რაჭა-ლეჩხუმი""]";false;false;4.9;ღირსშესანიშნაობა — რაჭა-ლეჩხუმი.;{};49.53;50.46;2026-08-03 10:38:42.238563+00;42.3129;43.31782
osm-7057084585;ფეოდალ გურკელელების რეზიდენცია;სამცხე-ჯავახეთი;culture;ღირსშესანიშნაობა;"[""ღირსშესანიშნაობა"",""სამცხე-ჯავახეთი""]";true;true;4.4;ღირსშესანიშნაობა — სამცხე-ჯავახეთი.;{};46.65;72.69;2026-08-03 10:38:42.238563+00;41.72375;43.11917
osm-7057084785;საგანგაშო კოშკი (??);სამცხე-ჯავახეთი;culture;ღირსშესანიშნაობა;"[""ღირსშესანიშნაობა"",""სამცხე-ჯავახეთი""]";true;true;4.4;ღირსშესანიშნაობა — სამცხე-ჯავახეთი.;{};46.46;72.46;2026-08-03 10:38:42.238563+00;41.7298;43.10608
osm-7057872485;ნაკადულზე გადასასვლელი(რთულია);ქვემო ქართლი;culture;ღირსშესანიშნაობა;"[""ღირსშესანიშნაობა"",""ქვემო ქართლი""]";true;true;4.4;ღირსშესანიშნაობა — ქვემო ქართლი.;{};65.34;81.14;2026-08-03 10:38:42.238563+00;41.49972;44.4087
osm-7131826587;ფერმა;კახეთი;culture;ღირსშესანიშნაობა;"[""ღირსშესანიშნაობა"",""კახეთი""]";true;true;4.4;ღირსშესანიშნაობა — კახეთი.;{};84.82;86.18;2026-08-03 10:38:42.238563+00;41.36612;45.75273
osm-7133579288;რკინის საავტომობილო ხიდი;კახეთი;culture;ღირსშესანიშნაობა;"[""ღირსშესანიშნაობა"",""კახეთი""]";true;true;4.4;ღირსშესანიშნაობა — კახეთი.;{};83.61;83.32;2026-08-03 10:38:42.238563+00;41.44192;45.66909
osm-7133598885;ფონი მდ.იორზე მაღალი მანქანების გადასასვლელად;კახეთი;culture;ღირსშესანიშნაობა;"[""ღირსშესანიშნაობა"",""კახეთი""]";true;true;4.4;ღირსშესანიშნაობა — კახეთი.;{};83.57;83.36;2026-08-03 10:38:42.238563+00;41.441;45.66605
osm-7134517785;ფონი მდ. იორზე მაღალი გამავლობის ავტომობილებისთვის;კახეთი;culture;ღირსშესანიშნაობა;"[""ღირსშესანიშნაობა"",""კახეთი""]";true;true;4.4;ღირსშესანიშნაობა — კახეთი.;{};84.87;86.33;2026-08-03 10:38:42.238563+00;41.36229;45.75604
osm-7135751285;საავტომობილო ხიდი;კახეთი;culture;ღირსშესანიშნაობა;"[""ღირსშესანიშნაობა"",""კახეთი""]";true;true;4.4;ღირსშესანიშნაობა — კახეთი.;{};83.25;80.91;2026-08-03 10:38:42.238563+00;41.50578;45.64439
osm-7144860334;მშენებარე ეკლესია;თბილისი;culture;ღირსშესანიშნაობა;"[""ღირსშესანიშნაობა"",""თბილისი""]";true;true;4.4;ღირსშესანიშნაობა — თბილისი.;{};67.77;71.00;2026-08-03 10:38:42.238563+00;41.7686;44.57606
osm-7237293986;მუგუთის ქვაბები;ქვემო ქართლი;culture;ღირსშესანიშნაობა;"[""ღირსშესანიშნაობა"",""ქვემო ქართლი""]";true;true;4.4;ღირსშესანიშნაობა — ქვემო ქართლი.;{};67.71;80.84;2026-08-03 10:38:42.238563+00;41.50775;44.57181
osm-7254636887;ნასახლარი;ქვემო ქართლი;culture;ღირსშესანიშნაობა;"[""ღირსშესანიშნაობა"",""ქვემო ქართლი""]";true;true;4.4;ღირსშესანიშნაობა — ქვემო ქართლი.;{};67.18;81.00;2026-08-03 10:38:42.238563+00;41.50342;44.53511
osm-7276269386;ნასახლარის ნანგრევები;თბილისი;culture;ღირსშესანიშნაობა;"[""ღირსშესანიშნაობა"",""თბილისი""]";true;true;4.4;ღირსშესანიშნაობა — თბილისი.;{};71.69;67.96;2026-08-03 10:38:42.238563+00;41.84904;44.84679
osm-7276270685;თამარის ციხე-დარბაზის;თბილისი;culture;ღირსშესანიშნაობა;"[""ღირსშესანიშნაობა"",""თბილისი""]";true;true;4.4;ღირსშესანიშნაობა — თბილისი.;{};71.72;67.96;2026-08-03 10:38:42.238563+00;41.84916;44.8485
osm-7276520687;ვეჯინის სასახლის ნანგრევები;თბილისი;culture;ღირსშესანიშნაობა;"[""ღირსშესანიშნაობა"",""თბილისი""]";true;true;4.4;ღირსშესანიშნაობა — თბილისი.;{};71.60;68.01;2026-08-03 10:38:42.238563+00;41.84767;44.84062
osm-7397091386;არსენას გამოქვაბული;ქვემო ქართლი;culture;ღირსშესანიშნაობა;"[""ღირსშესანიშნაობა"",""ქვემო ქართლი""]";true;true;4.4;ღირსშესანიშნაობა — ქვემო ქართლი.;{};64.73;74.15;2026-08-03 10:38:42.238563+00;41.68512;44.36656
osm-7600377191;ციხისკენ საფეხმავლო ბილიკის დასაწყისი;შიდა ქართლი;culture;ღირსშესანიშნაობა;"[""ღირსშესანიშნაობა"",""შიდა ქართლი""]";true;true;4.4;ღირსშესანიშნაობა — შიდა ქართლი.;{};63.42;67.28;2026-08-03 10:38:42.238563+00;41.86704;44.27584
osm-7600377193;ეკლესიისკენ საფეხმავლო ბილიკის დასაწყისი;შიდა ქართლი;culture;ღირსშესანიშნაობა;"[""ღირსშესანიშნაობა"",""შიდა ქართლი""]";true;true;4.4;ღირსშესანიშნაობა — შიდა ქართლი.;{};63.64;67.27;2026-08-03 10:38:42.238563+00;41.86725;44.29119
osm-7640785394;არდოტი;მცხეთა-მთიანეთი;nature;ხედი;"[""ხედი"",""მცხეთა-მთიანეთი""]";true;true;4.4;ხედი — მცხეთა-მთიანეთი.;{};76.67;40.74;2026-08-03 10:38:42.238563+00;42.57043;45.18994
osm-7663743315;ხედი საირმის სვეტებზე;რაჭა-ლეჩხუმი;nature;ხედი;"[""ხედი"",""რაჭა-ლეჩხუმი""]";true;true;4.4;ხედი — რაჭა-ლეჩხუმი.;{};43.11;41.59;2026-08-03 10:38:42.238563+00;42.54788;42.8743
osm-7678248785;ბილიკის დასაწყისი გამოქვაბულ- მონასტრამდე;თბილისი;culture;ღირსშესანიშნაობა;"[""ღირსშესანიშნაობა"",""თბილისი""]";true;true;4.4;ღირსშესანიშნაობა — თბილისი.;{};76.06;70.67;2026-08-03 10:38:42.238563+00;41.77715;45.1483
osm-7682849185;გედების ტბა;რაჭა-ლეჩხუმი;culture;ღირსშესანიშნაობა;"[""ღირსშესანიშნაობა"",""რაჭა-ლეჩხუმი""]";true;true;4.4;ღირსშესანიშნაობა — რაჭა-ლეჩხუმი.;{};49.06;51.35;2026-08-03 10:38:42.238563+00;42.28917;43.28534
osm-7683175085;აკაკის ძიძისეული სახლ-მუზეუმი;რაჭა-ლეჩხუმი;culture;მუზეუმი;"[""მუზეუმი"",""რაჭა-ლეჩხუმი""]";true;true;4.4;მუზეუმი — რაჭა-ლეჩხუმი.;{};51.75;50.10;2026-08-03 10:38:42.238563+00;42.32244;43.47072
osm-7747679485;გოგირდის აბანო;შიდა ქართლი;culture;ღირსშესანიშნაობა;"[""ღირსშესანიშნაობა"",""შიდა ქართლი""]";true;true;4.4;ღირსშესანიშნაობა — შიდა ქართლი.;{};55.82;62.60;2026-08-03 10:38:42.238563+00;41.99121;43.75148
osm-7773856785;გალავნები;მცხეთა-მთიანეთი;culture;ღირსშესანიშნაობა;"[""ღირსშესანიშნაობა"",""მცხეთა-მთიანეთი""]";true;true;4.4;ღირსშესანიშნაობა — მცხეთა-მთიანეთი.;{};76.77;58.51;2026-08-03 10:38:42.238563+00;42.09949;45.19707
osm-7778457285;სასახლის ნანგრევები;მცხეთა-მთიანეთი;culture;ღირსშესანიშნაობა;"[""ღირსშესანიშნაობა"",""მცხეთა-მთიანეთი""]";true;true;4.4;ღირსშესანიშნაობა — მცხეთა-მთიანეთი.;{};76.72;57.69;2026-08-03 10:38:42.238563+00;42.12124;45.19399
osm-7778457385;სამეურნეო ნაგებობების ნანგრევები;მცხეთა-მთიანეთი;culture;ღირსშესანიშნაობა;"[""ღირსშესანიშნაობა"",""მცხეთა-მთიანეთი""]";true;true;4.4;ღირსშესანიშნაობა — მცხეთა-მთიანეთი.;{};76.73;57.68;2026-08-03 10:38:42.238563+00;42.12137;45.19425
osm-7810604886;ახალშენის ციკლოპური ციხე-სიმაგრის ნანგრევები;შიდა ქართლი;culture;ღირსშესანიშნაობა;"[""ღირსშესანიშნაობა"",""შიდა ქართლი""]";true;true;4.4;ღირსშესანიშნაობა — შიდა ქართლი.;{};60.45;74.79;2026-08-03 10:38:42.238563+00;41.66814;44.07086
osm-7815940786;აი-ილიას ანტიკური ნამოსახლარი,ციკლოპური სიმაგრე და მეზოლითური სადგომი;შიდა ქართლი;culture;ღირსშესანიშნაობა;"[""ღირსშესანიშნაობა"",""შიდა ქართლი""]";true;true;4.4;ღირსშესანიშნაობა — შიდა ქართლი.;{};60.41;75.67;2026-08-03 10:38:42.238563+00;41.64467;44.06835
osm-7815941486;ნასოფლარ გარყლუპის დარანი;ქვემო ქართლი;culture;ღირსშესანიშნაობა;"[""ღირსშესანიშნაობა"",""ქვემო ქართლი""]";true;true;4.4;ღირსშესანიშნაობა — ქვემო ქართლი.;{};60.82;76.66;2026-08-03 10:38:42.238563+00;41.61858;44.09687
osm-7815942187;ყორღანები სარიტუალო გზით;ქვემო ქართლი;culture;ღირსშესანიშნაობა;"[""ღირსშესანიშნაობა"",""ქვემო ქართლი""]";true;true;4.4;ღირსშესანიშნაობა — ქვემო ქართლი.;{};60.69;76.37;2026-08-03 10:38:42.238563+00;41.62608;44.08777
osm-7817347295;საბანაო;შიდა ქართლი;culture;ღირსშესანიშნაობა;"[""ღირსშესანიშნაობა"",""შიდა ქართლი""]";true;true;4.4;ღირსშესანიშნაობა — შიდა ქართლი.;{};59.36;63.62;2026-08-03 10:38:42.238563+00;41.96404;43.99559
osm-7824596285;საჩხერის ჯურხა ნადირაძის სახელობის მხარეთმცოდნეობის მუზეუმი;რაჭა-ლეჩხუმი;culture;მუზეუმი;"[""მუზეუმი"",""რაჭა-ლეჩხუმი""]";true;true;4.4;მუზეუმი — რაჭა-ლეჩხუმი.;{};51.11;48.92;2026-08-03 10:38:42.238563+00;42.35365;43.42648
osm-7824596289;"მოქანავე ლოდი ""ქვაყუნტია""";რაჭა-ლეჩხუმი;culture;ღირსშესანიშნაობა;"[""ღირსშესანიშნაობა"",""რაჭა-ლეჩხუმი""]";true;true;4.4;ღირსშესანიშნაობა — რაჭა-ლეჩხუმი.;{};47.89;48.30;2026-08-03 10:38:42.238563+00;42.37;43.20473
osm-7824596385;აკაკი წერეთლის მუზეუმის საგამოფენო დარბაზი;რაჭა-ლეჩხუმი;culture;მუზეუმი;"[""მუზეუმი"",""რაჭა-ლეჩხუმი""]";true;true;4.4;მუზეუმი — რაჭა-ლეჩხუმი.;{};51.11;48.88;2026-08-03 10:38:42.238563+00;42.35462;43.42675
osm-7824596485;ქვაყუნთია(???);რაჭა-ლეჩხუმი;culture;ღირსშესანიშნაობა;"[""ღირსშესანიშნაობა"",""რაჭა-ლეჩხუმი""]";true;true;4.4;ღირსშესანიშნაობა — რაჭა-ლეჩხუმი.;{};47.88;48.32;2026-08-03 10:38:42.238563+00;42.36945;43.2039
osm-7836199887;მ.სხამოანა,3238;კახეთი;nature;ხედი;"[""ხედი"",""კახეთი""]";true;true;4.4;ხედი — კახეთი.;{};80.75;50.86;2026-08-03 10:38:42.238563+00;42.30232;45.47146
osm-7836216885;უღ.ორიწყალი,2984(6-9);კახეთი;nature;ხედი;"[""ხედი"",""კახეთი""]";true;true;4.4;ხედი — კახეთი.;{};80.83;51.19;2026-08-03 10:38:42.238563+00;42.29343;45.47736
osm-7836216985;უღ.სამყინვროსწვერი,3167(6-9);კახეთი;nature;ხედი;"[""ხედი"",""კახეთი""]";true;true;4.4;ხედი — კახეთი.;{};80.30;50.79;2026-08-03 10:38:42.238563+00;42.30416;45.44046
osm-7855589085;"ადგილი ""ბადიორ""ნაკოშკარი";სვანეთი;culture;ღირსშესანიშნაობა;"[""ღირსშესანიშნაობა"",""სვანეთი""]";true;true;4.4;ღირსშესანიშნაობა — სვანეთი.;{};36.56;21.82;2026-08-03 10:38:42.238563+00;43.0719;42.42296
osm-7859520703;ჭავჭავაძის მარნის ენოთეკა;კახეთი;culture;მუზეუმი;"[""მუზეუმი"",""კახეთი""]";true;true;4.4;მუზეუმი — კახეთი.;{};82.10;66.23;2026-08-03 10:38:42.238563+00;41.89486;45.56499
osm-7859897986;"ადგილი""სველას წყალი""";ქვემო ქართლი;culture;ღირსშესანიშნაობა;"[""ღირსშესანიშნაობა"",""ქვემო ქართლი""]";true;true;4.4;ღირსშესანიშნაობა — ქვემო ქართლი.;{};64.53;68.83;2026-08-03 10:38:42.238563+00;41.82603;44.35279
osm-7864401285;მ.გრიგოლისწვერი,1147;ქვემო ქართლი;nature;ხედი;"[""ხედი"",""ქვემო ქართლი""]";true;true;4.4;ხედი — ქვემო ქართლი.;{};65.08;68.17;2026-08-03 10:38:42.238563+00;41.84349;44.39022
osm-7880570885;ციხიაგორის სატაძრო კომპლექსი;თბილისი;culture;ღირსშესანიშნაობა;"[""ღირსშესანიშნაობა"",""თბილისი""]";true;true;4.4;ღირსშესანიშნაობა — თბილისი.;{};66.21;67.01;2026-08-03 10:38:42.238563+00;41.87416;44.46855
osm-7880601485;ზანდურის სახლის საქანელა და გადასახედი;რაჭა-ლეჩხუმი;nature;ხედი;"[""ხედი"",""რაჭა-ლეჩხუმი""]";true;true;4.4;ხედი — რაჭა-ლეჩხუმი.;{};41.92;40.44;2026-08-03 10:38:42.238563+00;42.57843;42.79277
osm-7884385285;ჩიქოვანების მარანი და კარიბჭე-გალავანი;თბილისი;culture;ღირსშესანიშნაობა;"[""ღირსშესანიშნაობა"",""თბილისი""]";true;true;4.4;ღირსშესანიშნაობა — თბილისი.;{};66.63;66.57;2026-08-03 10:38:42.238563+00;41.88592;44.49772
osm-7888040085;დადეშქელიანების სახლის კომპლექსი;სვანეთი;culture;ღირსშესანიშნაობა;"[""ღირსშესანიშნაობა"",""სვანეთი""]";true;true;4.4;ღირსშესანიშნაობა — სვანეთი.;{};38.06;22.67;2026-08-03 10:38:42.238563+00;43.04927;42.52624
osm-7906064885;მარმარილოს ყოფილი კარიერი;კახეთი;culture;ღირსშესანიშნაობა;"[""ღირსშესანიშნაობა"",""კახეთი""]";true;true;4.4;ღირსშესანიშნაობა — კახეთი.;{};83.35;56.97;2026-08-03 10:38:42.238563+00;42.14038;45.65142
osm-7908362591;მუცოს ციხე-ქალაქი;მცხეთა-მთიანეთი;culture;ღირსშესანიშნაობა;"[""ღირსშესანიშნაობა"",""მცხეთა-მთიანეთი""]";false;false;4.9;ღირსშესანიშნაობა — მცხეთა-მთიანეთი.;{};76.93;39.34;2026-08-03 10:38:42.238563+00;42.60743;45.20798
osm-7918192185;გამოქვაბული;კახეთი;culture;ღირსშესანიშნაობა;"[""ღირსშესანიშნაობა"",""კახეთი""]";true;true;4.4;ღირსშესანიშნაობა — კახეთი.;{};89.65;63.31;2026-08-03 10:38:42.238563+00;41.97236;46.08612
osm-7949076387;გიგანტური ადამიანის ფეხის კვალი;შიდა ქართლი;culture;ღირსშესანიშნაობა;"[""ღირსშესანიშნაობა"",""შიდა ქართლი""]";true;true;4.4;ღირსშესანიშნაობა — შიდა ქართლი.;{};54.19;57.95;2026-08-03 10:38:42.238563+00;42.11436;43.6392
osm-7950988785;ვეზირიშვილების სასახლე;შიდა ქართლი;culture;ღირსშესანიშნაობა;"[""ღირსშესანიშნაობა"",""შიდა ქართლი""]";true;true;4.4;ღირსშესანიშნაობა — შიდა ქართლი.;{};54.14;62.11;2026-08-03 10:38:42.238563+00;42.00399;43.63569
osm-8007946894;ეკლესიის(ან ნამოსახლარის) ნანგრევები;თბილისი;culture;ღირსშესანიშნაობა;"[""ღირსშესანიშნაობა"",""თბილისი""]";true;true;4.4;ღირსშესანიშნაობა — თბილისი.;{};71.72;67.97;2026-08-03 10:38:42.238563+00;41.84892;44.84846
osm-8017638985;ძევრის მღვიმე;იმერეთი;culture;ღირსშესანიშნაობა;"[""ღირსშესანიშნაობა"",""იმერეთი""]";true;true;4.4;ღირსშესანიშნაობა — იმერეთი.;{};44.37;52.62;2026-08-03 10:38:42.238563+00;42.25553;42.9613
osm-8022669685;მ.კოწახური,354;კახეთი;nature;ხედი;"[""ხედი"",""კახეთი""]";true;true;4.4;ხედი — კახეთი.;{};88.46;91.23;2026-08-03 10:38:42.238563+00;41.23248;46.00356
osm-8022745685;მ.ტახტი თეფა,763;კახეთი;nature;ხედი;"[""ხედი"",""კახეთი""]";true;true;4.4;ხედი — კახეთი.;{};86.91;92.31;2026-08-03 10:38:42.238563+00;41.20379;45.89659
osm-8022745785;მ.ჭაჭუნა,298.2;კახეთი;nature;ხედი;"[""ხედი"",""კახეთი""]";true;true;4.4;ხედი — კახეთი.;{};88.03;91.25;2026-08-03 10:38:42.238563+00;41.23197;45.97432
osm-8043121286;პირაღიის მღვიმე;იმერეთი;culture;ღირსშესანიშნაობა;"[""ღირსშესანიშნაობა"",""იმერეთი""]";true;true;4.4;ღირსშესანიშნაობა — იმერეთი.;{};50.69;55.45;2026-08-03 10:38:42.238563+00;42.18049;43.39788
osm-8043863286;სამოლოქიის მინდორი;იმერეთი;nature;ხედი;"[""ხედი"",""იმერეთი""]";true;true;4.4;ხედი — იმერეთი.;{};41.95;60.33;2026-08-03 10:38:42.238563+00;42.05117;42.79426
osm-8043960886;დევიძეების წყლის წისქვილი;იმერეთი;culture;ღირსშესანიშნაობა;"[""ღირსშესანიშნაობა"",""იმერეთი""]";true;true;4.4;ღირსშესანიშნაობა — იმერეთი.;{};41.60;59.70;2026-08-03 10:38:42.238563+00;42.068;42.77057
osm-8047083885;ბეწვის ხიდი მდ.ტეხურაზე;სამეგრელო;nature;ხედი;"[""ხედი"",""სამეგრელო""]";true;true;4.4;ხედი — სამეგრელო.;{};33.23;48.24;2026-08-03 10:38:42.238563+00;42.37175;42.19314
osm-8095792886;ხავის-წყარო;თბილისი;nature;ხედი;"[""ხედი"",""თბილისი""]";true;true;4.4;ხედი — თბილისი.;{};76.25;61.30;2026-08-03 10:38:42.238563+00;42.02568;45.16144
osm-8274526127;გურაზას ქვა;კახეთი;culture;ღირსშესანიშნაობა;"[""ღირსშესანიშნაობა"",""კახეთი""]";true;true;4.4;ღირსშესანიშნაობა — კახეთი.;{};85.36;74.24;2026-08-03 10:38:42.238563+00;41.68263;45.7896
osm-8483633567;ცხავერის ჩანჩქერი;ქვემო ქართლი;culture;ღირსშესანიშნაობა;"[""ღირსშესანიშნაობა"",""ქვემო ქართლი""]";true;true;4.4;ღირსშესანიშნაობა — ქვემო ქართლი.;{};64.24;68.06;2026-08-03 10:38:42.238563+00;41.84629;44.33284
osm-8786701145;ბალდის კანიონი;სამეგრელო;nature;ხედი;"[""ხედი"",""სამეგრელო""]";true;true;4.4;ხედი — სამეგრელო.;{};36.34;43.84;2026-08-03 10:38:42.238563+00;42.48811;42.40757
osm-9140366693;სვერის კლდეკარის გამოქვაბული;იმერეთი;culture;ღირსშესანიშნაობა;"[""ღირსშესანიშნაობა"",""იმერეთი""]";true;true;4.4;ღირსშესანიშნაობა — იმერეთი.;{};49.25;53.28;2026-08-03 10:38:42.238563+00;42.23802;43.29839
osm-9148153779;ხედი სვერის კლდეკარის გამოქვაბულზე;იმერეთი;nature;ხედი;"[""ხედი"",""იმერეთი""]";true;true;4.4;ხედი — იმერეთი.;{};49.22;53.30;2026-08-03 10:38:42.238563+00;42.2376;43.2961
osm-9148156505;ხედი ღურღუმელას ტბაზე;იმერეთი;nature;ხედი;"[""ხედი"",""იმერეთი""]";true;true;4.4;ხედი — იმერეთი.;{};48.66;52.72;2026-08-03 10:38:42.238563+00;42.25292;43.2576
osm-9151177618;ფოტო ჩარჩო (მწვანე);სვანეთი;nature;ხედი;"[""ხედი"",""სვანეთი""]";true;true;4.4;ხედი — სვანეთი.;{};40.65;23.90;2026-08-03 10:38:42.238563+00;43.01663;42.70516
osm-9151190617;ფოტო ჩარჩო (ყვითელი);სვანეთი;nature;ხედი;"[""ხედი"",""სვანეთი""]";true;true;4.4;ხედი — სვანეთი.;{};40.64;23.97;2026-08-03 10:38:42.238563+00;43.01492;42.70439
osm-9157681421;ხედი სვერის კლდეკარის გამოქვანულზე;იმერეთი;nature;ხედი;"[""ხედი"",""იმერეთი""]";true;true;4.4;ხედი — იმერეთი.;{};49.17;53.23;2026-08-03 10:38:42.238563+00;42.23949;43.293
osm-9645775705;ახალსოფლის მენჰირი;ქვემო ქართლი;culture;ღირსშესანიშნაობა;"[""ღირსშესანიშნაობა"",""ქვემო ქართლი""]";true;true;4.4;ღირსშესანიშნაობა — ქვემო ქართლი.;{};64.38;75.12;2026-08-03 10:38:42.238563+00;41.65927;44.34206
osm-9668018507;წიგნის მუზეუმი;თბილისი;culture;მუზეუმი;"[""მუზეუმი"",""თბილისი""]";false;false;4.9;მუზეუმი — თბილისი.;{};71.03;73.73;2026-08-03 10:38:42.238563+00;41.69626;44.8012
osm-9672782896;ძლევის ქედის „თამარის სავარძლები“;ქვემო ქართლი;nature;ხედი;"[""ხედი"",""ქვემო ქართლი""]";true;true;4.4;ხედი — ქვემო ქართლი.;{};65.60;67.99;2026-08-03 10:38:42.238563+00;41.84833;44.42657
osm-9721222742;პანკისის ეთნოგრაფიული მუზეუმი;კახეთი;culture;მუზეუმი;"[""მუზეუმი"",""კახეთი""]";true;true;4.4;მუზეუმი — კახეთი.;{};78.05;57.00;2026-08-03 10:38:42.238563+00;42.13947;45.28552
osm-9743990318;სასახლე-ხოკერაანთ ნასახლარი;კახეთი;culture;ღირსშესანიშნაობა;"[""ღირსშესანიშნაობა"",""კახეთი""]";true;true;4.4;ღირსშესანიშნაობა — კახეთი.;{};79.10;57.30;2026-08-03 10:38:42.238563+00;42.1316;45.3578
osm-9745401384;ოჟიოს კოშკი;კახეთი;culture;ღირსშესანიშნაობა;"[""ღირსშესანიშნაობა"",""კახეთი""]";true;true;4.4;ღირსშესანიშნაობა — კახეთი.;{};79.18;63.25;2026-08-03 10:38:42.238563+00;41.97377;45.36349
osm-9890728875;იაკობ ნიკოლაძის სახლ-მუზეუმი;თბილისი;culture;მუზეუმი;"[""მუზეუმი"",""თბილისი""]";false;false;4.9;მუზეუმი — თბილისი.;{};70.76;73.24;2026-08-03 10:38:42.238563+00;41.70904;44.78213
osm-9933179018;შოდას ტბა;რაჭა-ლეჩხუმი;nature;ხედი;"[""ხედი"",""რაჭა-ლეჩხუმი""]";true;true;4.4;ხედი — რაჭა-ლეჩხუმი.;{};51.43;37.01;2026-08-03 10:38:42.238563+00;42.66914;43.44853
osm-9942247822;მზის ამოსვლა და ჩასვლა;სვანეთი;nature;ხედი;"[""ხედი"",""სვანეთი""]";true;true;4.4;ხედი — სვანეთი.;{};41.14;24.20;2026-08-03 10:38:42.238563+00;43.00874;42.73863
osm-9944537908;მთისუბნის ბუნებრივი მაცივარი/საყინულე;გურია;culture;ღირსშესანიშნაობა;"[""ღირსშესანიშნაობა"",""გურია""]";true;true;4.4;ღირსშესანიშნაობა — გურია.;{};37.98;79.80;2026-08-03 10:38:42.238563+00;41.53521;42.52045
osm-9973442317;მარგიანების მუზეუმი;სვანეთი;culture;მუზეუმი;"[""მუზეუმი"",""სვანეთი""]";true;true;4.4;მუზეუმი — სვანეთი.;{};41.05;22.67;2026-08-03 10:38:42.238563+00;43.04924;42.73228
osm-10081554153;სასაზღვრო მდინარე ალაზანი;კახეთი;nature;ხედი;"[""ხედი"",""კახეთი""]";true;true;4.4;ხედი — კახეთი.;{};97.68;95.93;2026-08-03 10:38:42.238563+00;41.10778;46.63978
osm-10159462644;ილია ჩავჩავაძის სახელობის მუზეუმი;აჭარა;culture;მუზეუმი;"[""მუზეუმი"",""აჭარა""]";true;true;4.4;მუზეუმი — აჭარა.;{};24.96;75.64;2026-08-03 10:38:42.238563+00;41.64555;41.62196
osm-10207543017;iArt გალერეა;თბილისი;culture;გალერეა;"[""გალერეა"",""თბილისი""]";true;true;4.4;გალერეა — თბილისი.;{};71.06;73.46;2026-08-03 10:38:42.238563+00;41.70319;44.80292
osm-10291487511;თანამედროვე ხელოვნების გალერეა;თბილისი;culture;გალერეა;"[""გალერეა"",""თბილისი""]";true;true;4.4;გალერეა — თბილისი.;{};70.76;73.39;2026-08-03 10:38:42.238563+00;41.70517;44.78247
osm-10291487527;ქროსთი;თბილისი;culture;გალერეა;"[""გალერეა"",""თბილისი""]";true;true;4.4;გალერეა — თბილისი.;{};70.73;73.26;2026-08-03 10:38:42.238563+00;41.70866;44.78067
osm-10593499163;ქვის ხიდი;იმერეთი;culture;ღირსშესანიშნაობა;"[""ღირსშესანიშნაობა"",""იმერეთი""]";true;true;4.4;ღირსშესანიშნაობა — იმერეთი.;{};41.62;51.87;2026-08-03 10:38:42.238563+00;42.2754;42.77171
osm-10596290259;ბაია გალერეა;თბილისი;culture;გალერეა;"[""გალერეა"",""თბილისი""]";true;true;4.4;გალერეა — თბილისი.;{};70.40;73.30;2026-08-03 10:38:42.238563+00;41.70755;44.75781
osm-10678600085;მიტოვებული საბჭოთა საარტილერიო ბატარეა #431;აჭარა;culture;ღირსშესანიშნაობა;"[""ღირსშესანიშნაობა"",""აჭარა""]";true;true;4.4;ღირსშესანიშნაობა — აჭარა.;{};25.25;76.54;2026-08-03 10:38:42.238563+00;41.62177;41.64243
osm-10702213942;ხის ქსილოფონი;თბილისი;culture;ღირსშესანიშნაობა;"[""ღირსშესანიშნაობა"",""თბილისი""]";true;true;4.4;ღირსშესანიშნაობა — თბილისი.;{};70.30;73.73;2026-08-03 10:38:42.238563+00;41.69616;44.75038
osm-10706405584;ჰოლოზეუმი;თბილისი;culture;მუზეუმი;"[""მუზეუმი"",""თბილისი""]";true;true;4.4;მუზეუმი — თბილისი.;{};71.10;73.97;2026-08-03 10:38:42.238563+00;41.68984;44.80621
osm-10725753173;ლაზური ეთნოგრაფიული მუზეუმი;აჭარა;culture;მუზეუმი;"[""მუზეუმი"",""აჭარა""]";true;true;4.4;მუზეუმი — აჭარა.;{};23.90;80.30;2026-08-03 10:38:42.238563+00;41.52198;41.54932
osm-10744849090;ბაკურაძეების ჯვარი;იმერეთი;culture;ღირსშესანიშნაობა;"[""ღირსშესანიშნაობა"",""იმერეთი""]";true;true;4.4;ღირსშესანიშნაობა — იმერეთი.;{};41.78;51.09;2026-08-03 10:38:42.238563+00;42.29611;42.78293
osm-10744979377;ბერის ციხე;იმერეთი;culture;ღირსშესანიშნაობა;"[""ღირსშესანიშნაობა"",""იმერეთი""]";true;true;4.4;ღირსშესანიშნაობა — იმერეთი.;{};41.70;51.11;2026-08-03 10:38:42.238563+00;42.2955;42.77705
osm-10757328829;800 წლოვანი ჭადარი;სამეგრელო;culture;ღირსშესანიშნაობა;"[""ღირსშესანიშნაობა"",""სამეგრელო""]";true;true;4.4;ღირსშესანიშნაობა — სამეგრელო.;{};32.49;51.13;2026-08-03 10:38:42.238563+00;42.29506;42.14183
osm-10822067612;მერაბ ბერძენიშვილის სახელობის თანამედროვე სახვეთი ხელოვნების ცენტრი;გურია;culture;გალერეა;"[""გალერეა"",""გურია""]";true;true;4.4;გალერეა — გურია.;{};30.51;65.14;2026-08-03 10:38:42.238563+00;41.92377;42.00523
osm-10843264190;მოლოდინის კომისია;სამცხე-ჯავახეთი;nature;ხედი;"[""ხედი"",""სამცხე-ჯავახეთი""]";true;true;4.4;ხედი — სამცხე-ჯავახეთი.;{};50.75;63.21;2026-08-03 10:38:42.238563+00;41.97488;43.40208
osm-10904874479;მახოს ისტორიული ხიდი XII საუკუნის;აჭარა;culture;ღირსშესანიშნაობა;"[""ღირსშესანიშნაობა"",""აჭარა""]";true;true;4.4;ღირსშესანიშნაობა — აჭარა.;{};25.67;78.72;2026-08-03 10:38:42.238563+00;41.5638;41.67139
osm-10929827617;ნიკო ლომოურის სახლ-მუზეუმი;შიდა ქართლი;culture;მუზეუმი;"[""მუზეუმი"",""შიდა ქართლი""]";true;true;4.4;მუზეუმი — შიდა ქართლი.;{};60.32;53.73;2026-08-03 10:38:42.238563+00;42.22615;44.06239
osm-11003445556;იაზონის მღვიმე;იმერეთი;culture;ღირსშესანიშნაობა;"[""ღირსშესანიშნაობა"",""იმერეთი""]";false;false;4.9;ღირსშესანიშნაობა — იმერეთი.;{};41.01;52.17;2026-08-03 10:38:42.238563+00;42.26737;42.72994
osm-11008994146;ზაქარია ფალიაშვილის მემორიალური სახლ-მუზეუმი;თბილისი;culture;მუზეუმი;"[""მუზეუმი"",""თბილისი""]";false;false;4.9;მუზეუმი — თბილისი.;{};70.81;73.38;2026-08-03 10:38:42.238563+00;41.70553;44.78579
osm-11036101748;ხაჩკოის სტელები;შიდა ქართლი;culture;ღირსშესანიშნაობა;"[""ღირსშესანიშნაობა"",""შიდა ქართლი""]";true;true;4.4;ღირსშესანიშნაობა — შიდა ქართლი.;{};58.93;73.49;2026-08-03 10:38:42.238563+00;41.70244;43.9659
osm-11036113887;სტელა ხაჩკოიში;შიდა ქართლი;culture;ღირსშესანიშნაობა;"[""ღირსშესანიშნაობა"",""შიდა ქართლი""]";true;true;4.4;ღირსშესანიშნაობა — შიდა ქართლი.;{};58.92;73.47;2026-08-03 10:38:42.238563+00;41.7031;43.96567
osm-11051825158;ჯალილ მამედყულიზადეს სახლ-მუზეუმი;თბილისი;culture;მუზეუმი;"[""მუზეუმი"",""თბილისი""]";false;false;4.9;მუზეუმი — თბილისი.;{};70.93;73.71;2026-08-03 10:38:42.238563+00;41.6968;44.79438
osm-11065791482;ნასოფლარ ვარდისციხის დარანი;სამცხე-ჯავახეთი;culture;ღირსშესანიშნაობა;"[""ღირსშესანიშნაობა"",""სამცხე-ჯავახეთი""]";true;true;4.4;ღირსშესანიშნაობა — სამცხე-ჯავახეთი.;{};50.85;80.47;2026-08-03 10:38:42.238563+00;41.51755;43.40865
osm-11070826864;ძველი აბანოს ნანგრევები;სამცხე-ჯავახეთი;culture;ღირსშესანიშნაობა;"[""ღირსშესანიშნაობა"",""სამცხე-ჯავახეთი""]";true;true;4.4;ღირსშესანიშნაობა — სამცხე-ჯავახეთი.;{};44.64;75.75;2026-08-03 10:38:42.238563+00;41.64252;42.98037
osm-11073875128;ხულგუმოსა და ბავრის გამოქვაბულები;სამცხე-ჯავახეთი;culture;ღირსშესანიშნაობა;"[""ღირსშესანიშნაობა"",""სამცხე-ჯავახეთი""]";true;true;4.4;ღირსშესანიშნაობა — სამცხე-ჯავახეთი.;{};52.10;84.49;2026-08-03 10:38:42.238563+00;41.41112;43.4951
osm-11085808420;ქვის სტელა ზედ ჯვრის გამოსახულებით სახლის კედელში;შიდა ქართლი;culture;ღირსშესანიშნაობა;"[""ღირსშესანიშნაობა"",""შიდა ქართლი""]";true;true;4.4;ღირსშესანიშნაობა — შიდა ქართლი.;{};57.82;75.09;2026-08-03 10:38:42.238563+00;41.66018;43.8894
osm-11146717533;წყლის წისქვილი;აჭარა;culture;ღირსშესანიშნაობა;"[""ღირსშესანიშნაობა"",""აჭარა""]";true;true;4.4;ღირსშესანიშნაობა — აჭარა.;{};28.36;78.22;2026-08-03 10:38:42.238563+00;41.57728;41.85705
osm-11155247873;ქვევრი;თბილისი;culture;ღირსშესანიშნაობა;"[""ღირსშესანიშნაობა"",""თბილისი""]";true;true;4.4;ღირსშესანიშნაობა — თბილისი.;{};70.13;72.44;2026-08-03 10:38:42.238563+00;41.73047;44.73887
osm-11199359537;"ბარელიეფი ""ბერმუხა""";იმერეთი;culture;ღირსშესანიშნაობა;"[""ღირსშესანიშნაობა"",""იმერეთი""]";true;true;4.4;ღირსშესანიშნაობა — იმერეთი.;{};40.19;52.40;2026-08-03 10:38:42.238563+00;42.2613;42.67327
osm-11201911338;ფოტო-კინო მატიანეს მიზეუმი;იმერეთი;culture;მუზეუმი;"[""მუზეუმი"",""იმერეთი""]";true;true;4.4;მუზეუმი — იმერეთი.;{};40.68;51.95;2026-08-03 10:38:42.238563+00;42.27336;42.70712
osm-11212567837;ობსიდიანის ბილიკი;შიდა ქართლი;culture;ღირსშესანიშნაობა;"[""ღირსშესანიშნაობა"",""შიდა ქართლი""]";true;true;4.4;ღირსშესანიშნაობა — შიდა ქართლი.;{};57.20;83.18;2026-08-03 10:38:42.238563+00;41.44574;43.84695
osm-11232455637;ქვის დიდი ჯვარი;შიდა ქართლი;culture;ღირსშესანიშნაობა;"[""ღირსშესანიშნაობა"",""შიდა ქართლი""]";true;true;4.4;ღირსშესანიშნაობა — შიდა ქართლი.;{};58.68;71.79;2026-08-03 10:38:42.238563+00;41.74744;43.94923
osm-11245563910;სმირნოვების მუზეუმი;თბილისი;culture;მუზეუმი;"[""მუზეუმი"",""თბილისი""]";false;false;4.9;მუზეუმი — თბილისი.;{};71.03;73.95;2026-08-03 10:38:42.238563+00;41.69036;44.80139
osm-11257318838;ეკლესიისა და მთების ხედი;მცხეთა-მთიანეთი;nature;ხედი;"[""ხედი"",""მცხეთა-მთიანეთი""]";true;true;4.4;ხედი — მცხეთა-მთიანეთი.;{};68.18;37.12;2026-08-03 10:38:42.238563+00;42.6663;44.60422
osm-11258136761;ეკლესია, მენჰირი და კრომლეხი;შიდა ქართლი;culture;ღირსშესანიშნაობა;"[""ღირსშესანიშნაობა"",""შიდა ქართლი""]";true;true;4.4;ღირსშესანიშნაობა — შიდა ქართლი.;{};57.81;77.78;2026-08-03 10:38:42.238563+00;41.58896;43.88896
osm-11260341975;მოსე თოიძის სახლ-მუზეუმი;თბილისი;culture;მუზეუმი;"[""მუზეუმი"",""თბილისი""]";true;true;4.4;მუზეუმი — თბილისი.;{};70.95;73.59;2026-08-03 10:38:42.238563+00;41.69994;44.79576
osm-11267260977;ყორღანი მენჰირით;ქვემო ქართლი;culture;ღირსშესანიშნაობა;"[""ღირსშესანიშნაობა"",""ქვემო ქართლი""]";true;true;4.4;ღირსშესანიშნაობა — ქვემო ქართლი.;{};61.34;76.71;2026-08-03 10:38:42.238563+00;41.61728;44.13238
osm-11348362333;დიდი ლიახვის ხეობის სახელმწიფო მუზეუმ-ნაკრძალი;შიდა ქართლი;culture;მუზეუმი;"[""მუზეუმი"",""შიდა ქართლი""]";true;true;4.4;მუზეუმი — შიდა ქართლი.;{};61.26;62.25;2026-08-03 10:38:42.238563+00;42.00031;44.12675
osm-11366420227;ერისთავების სასახლე კარალეთში (ნანგრევები);შიდა ქართლი;culture;ღირსშესანიშნაობა;"[""ღირსშესანიშნაობა"",""შიდა ქართლი""]";true;true;4.4;ღირსშესანიშნაობა — შიდა ქართლი.;{};60.77;59.97;2026-08-03 10:38:42.238563+00;42.06092;44.09307
osm-11375345024;გალერეა 9;თბილისი;culture;გალერეა;"[""გალერეა"",""თბილისი""]";true;true;4.4;გალერეა — თბილისი.;{};71.06;73.47;2026-08-03 10:38:42.238563+00;41.70297;44.80344
osm-11389824514;ციფრული მუზეუმი;თბილისი;culture;მუზეუმი;"[""მუზეუმი"",""თბილისი""]";true;true;4.4;მუზეუმი — თბილისი.;{};70.97;73.61;2026-08-03 10:38:42.238563+00;41.69928;44.79707
osm-11390565210;ჩაბიას ტახტი;გურია;culture;ღირსშესანიშნაობა;"[""ღირსშესანიშნაობა"",""გურია""]";true;true;4.4;ღირსშესანიშნაობა — გურია.;{};30.18;67.16;2026-08-03 10:38:42.238563+00;41.87037;41.98237
osm-11394331815;ექვთიმე თაყაიშვილის მემორიალური მუზეუმი;გურია;culture;მუზეუმი;"[""მუზეუმი"",""გურია""]";true;true;4.4;მუზეუმი — გურია.;{};30.57;67.02;2026-08-03 10:38:42.238563+00;41.87407;42.00912
osm-11394341203;ექვთიმე თაყაიშვილის სახლ-მუზეუმი;გურია;culture;მუზეუმი;"[""მუზეუმი"",""გურია""]";true;true;4.4;მუზეუმი — გურია.;{};30.59;66.84;2026-08-03 10:38:42.238563+00;41.87877;42.01059
osm-11394748676;ფილიპე მახარაძის სახლი;გურია;culture;ღირსშესანიშნაობა;"[""ღირსშესანიშნაობა"",""გურია""]";true;true;4.4;ღირსშესანიშნაობა — გურია.;{};31.63;65.74;2026-08-03 10:38:42.238563+00;41.90781;42.08234
osm-11394902271;გოგორიკიძეების წისქვილი;გურია;culture;ღირსშესანიშნაობა;"[""ღირსშესანიშნაობა"",""გურია""]";true;true;4.4;ღირსშესანიშნაობა — გურია.;{};30.53;67.42;2026-08-03 10:38:42.238563+00;41.86335;42.0065
osm-11394938246;კოშკის ნანგრევი ( მონაზვნის სენაკი);გურია;culture;ღირსშესანიშნაობა;"[""ღირსშესანიშნაობა"",""გურია""]";true;true;4.4;ღირსშესანიშნაობა — გურია.;{};30.54;67.09;2026-08-03 10:38:42.238563+00;41.87211;42.00713
osm-11397644196;ჭაპალას ხიდი;ქვემო ქართლი;culture;ღირსშესანიშნაობა;"[""ღირსშესანიშნაობა"",""ქვემო ქართლი""]";true;true;4.4;ღირსშესანიშნაობა — ქვემო ქართლი.;{};68.68;83.44;2026-08-03 10:38:42.238563+00;41.43897;44.63869
osm-11397675736;განძანის ხიდი;სამცხე-ჯავახეთი;culture;ღირსშესანიშნაობა;"[""ღირსშესანიშნაობა"",""სამცხე-ჯავახეთი""]";true;true;4.4;ღირსშესანიშნაობა — სამცხე-ჯავახეთი.;{};55.74;86.64;2026-08-03 10:38:42.238563+00;41.35402;43.7458
osm-11397714936;კუშჩის ხიდი (დანგრეული);შიდა ქართლი;culture;ღირსშესანიშნაობა;"[""ღირსშესანიშნაობა"",""შიდა ქართლი""]";true;true;4.4;ღირსშესანიშნაობა — შიდა ქართლი.;{};57.97;76.78;2026-08-03 10:38:42.238563+00;41.61529;43.89971
osm-11397772327;ჭიშურას ხიდი;იმერეთი;culture;ღირსშესანიშნაობა;"[""ღირსშესანიშნაობა"",""იმერეთი""]";true;true;4.4;ღირსშესანიშნაობა — იმერეთი.;{};42.19;53.16;2026-08-03 10:38:42.238563+00;42.24128;42.81122
osm-11397806231;ფურთიოს ხიდი;გურია;culture;ღირსშესანიშნაობა;"[""ღირსშესანიშნაობა"",""გურია""]";true;true;4.4;ღირსშესანიშნაობა — გურია.;{};34.26;76.55;2026-08-03 10:38:42.238563+00;41.6213;42.2637
osm-11405360673;ნოვო;თბილისი;culture;გალერეა;"[""გალერეა"",""თბილისი""]";true;true;4.4;გალერეა — თბილისი.;{};70.75;73.34;2026-08-03 10:38:42.238563+00;41.70643;44.7815
osm-11412263064;წითელი მინდორი;იმერეთი;culture;ღირსშესანიშნაობა;"[""ღირსშესანიშნაობა"",""იმერეთი""]";true;true;4.4;ღირსშესანიშნაობა — იმერეთი.;{};41.50;66.76;2026-08-03 10:38:42.238563+00;41.88098;42.76337
osm-11451622171;მუჯირეთის მღვიმე;იმერეთი;culture;ღირსშესანიშნაობა;"[""ღირსშესანიშნაობა"",""იმერეთი""]";true;true;4.4;ღირსშესანიშნაობა — იმერეთი.;{};45.93;52.23;2026-08-03 10:38:42.238563+00;42.26583;43.06888
osm-11553249495;ექოს გადასახედი;კახეთი;nature;ხედი;"[""ხედი"",""კახეთი""]";true;true;4.4;ხედი — კახეთი.;{};95.86;93.23;2026-08-03 10:38:42.238563+00;41.17953;46.51457
osm-11584155943;მედიცინის მუზეუმი;თბილისი;culture;მუზეუმი;"[""მუზეუმი"",""თბილისი""]";true;true;4.4;მუზეუმი — თბილისი.;{};70.97;73.34;2026-08-03 10:38:42.238563+00;41.70641;44.79719
osm-11584155960;ფერტა;თბილისი;culture;გალერეა;"[""გალერეა"",""თბილისი""]";true;true;4.4;გალერეა — თბილისი.;{};70.97;73.33;2026-08-03 10:38:42.238563+00;41.70688;44.79668
osm-11619288869;დეკორაციული ქალაქი;თბილისი;culture;ღირსშესანიშნაობა;"[""ღირსშესანიშნაობა"",""თბილისი""]";true;true;4.4;ღირსშესანიშნაობა — თბილისი.;{};75.52;77.35;2026-08-03 10:38:42.238563+00;41.60032;45.11093
osm-11694230628;გიორგი წერეთლის სახლ-მუზეუმი;იმერეთი;culture;მუზეუმი;"[""მუზეუმი"",""იმერეთი""]";true;true;4.4;მუზეუმი — იმერეთი.;{};48.93;53.19;2026-08-03 10:38:42.238563+00;42.24057;43.2763
osm-11779843230;ორბელიანების მარანი;შიდა ქართლი;culture;ღირსშესანიშნაობა;"[""ღირსშესანიშნაობა"",""შიდა ქართლი""]";true;true;4.4;ღირსშესანიშნაობა — შიდა ქართლი.;{};61.05;65.02;2026-08-03 10:38:42.238563+00;41.92684;44.11213
osm-11792396535;ნამარხი სპილოს ძვლების პოვნის ადგილი;კახეთი;culture;ღირსშესანიშნაობა;"[""ღირსშესანიშნაობა"",""კახეთი""]";true;true;4.4;ღირსშესანიშნაობა — კახეთი.;{};93.75;90.73;2026-08-03 10:38:42.238563+00;41.24553;46.36866
osm-11792574788;პანტიშარას კანიონი;კახეთი;culture;ღირსშესანიშნაობა;"[""ღირსშესანიშნაობა"",""კახეთი""]";true;true;4.4;ღირსშესანიშნაობა — კახეთი.;{};93.66;91.26;2026-08-03 10:38:42.238563+00;41.23153;46.36246
osm-11792582004;დათვისხევი;კახეთი;culture;ღირსშესანიშნაობა;"[""ღირსშესანიშნაობა"",""კახეთი""]";true;true;4.4;ღირსშესანიშნაობა — კახეთი.;{};93.71;91.01;2026-08-03 10:38:42.238563+00;41.23827;46.36579
osm-11795456888;ზოოტოპია;თბილისი;leisure;ზოოპარკი;"[""ზოოპარკი"",""თბილისი""]";true;true;4.4;ზოოპარკი — თბილისი.;{};70.62;69.23;2026-08-03 10:38:42.238563+00;41.81535;44.77279
osm-11830441869;ქართული სოფელი ეთნოგრაფიული მუზეუმი;აჭარა;culture;მუზეუმი;"[""მუზეუმი"",""აჭარა""]";true;true;4.4;მუზეუმი — აჭარა.;{};25.00;77.06;2026-08-03 10:38:42.238563+00;41.60779;41.62497
osm-11887490138;ფიჭვიანის გადასახედი;კახეთი;nature;ხედი;"[""ხედი"",""კახეთი""]";true;true;4.4;ხედი — კახეთი.;{};80.89;66.88;2026-08-03 10:38:42.238563+00;41.87767;45.48149
osm-11891968791;ალესილების ხედი;კახეთი;nature;ხედი;"[""ხედი"",""კახეთი""]";true;true;4.4;ხედი — კახეთი.;{};93.52;91.58;2026-08-03 10:38:42.238563+00;41.22322;46.35264
osm-11916011986;ზარათის საკალმახეს ჩანჩქერი;იმერეთი;culture;ღირსშესანიშნაობა;"[""ღირსშესანიშნაობა"",""იმერეთი""]";true;true;4.4;ღირსშესანიშნაობა — იმერეთი.;{};40.94;48.71;2026-08-03 10:38:42.238563+00;42.35909;42.72509
osm-12014842770;ბორჯომ-ბაკურიანის ორთქლმავალი;სამცხე-ჯავახეთი;culture;ღირსშესანიშნაობა;"[""ღირსშესანიშნაობა"",""სამცხე-ჯავახეთი""]";true;true;4.4;ღირსშესანიშნაობა — სამცხე-ჯავახეთი.;{};50.85;68.10;2026-08-03 10:38:42.238563+00;41.84534;43.40886
osm-12018281619;ეგნატე ნინოშვილის მუზეუმი;გურია;culture;მუზეუმი;"[""მუზეუმი"",""გურია""]";false;false;4.9;მუზეუმი — გურია.;{};29.23;60.12;2026-08-03 10:38:42.238563+00;42.05673;41.91672
osm-12155862193;მჟავე წყალი;გურია;culture;ღირსშესანიშნაობა;"[""ღირსშესანიშნაობა"",""გურია""]";true;true;4.4;ღირსშესანიშნაობა — გურია.;{};31.17;62.95;2026-08-03 10:38:42.238563+00;41.98176;42.05101
osm-12158634873;თრუსოს ტრავერტინები;მცხეთა-მთიანეთი;culture;ღირსშესანიშნაობა;"[""ღირსშესანიშნაობა"",""მცხეთა-მთიანეთი""]";false;false;4.9;ღირსშესანიშნაობა — მცხეთა-მთიანეთი.;{};65.62;40.26;2026-08-03 10:38:42.238563+00;42.58304;44.42747
osm-12193291534;ტიციან ტაბიძის ბინა-მემორიალი;თბილისი;culture;მუზეუმი;"[""მუზეუმი"",""თბილისი""]";false;false;4.9;მუზეუმი — თბილისი.;{};70.93;73.56;2026-08-03 10:38:42.238563+00;41.70063;44.7939
osm-12279214300;სოლიკო ვირსალაძის მემორიალური ბინა;თბილისი;culture;მუზეუმი;"[""მუზეუმი"",""თბილისი""]";true;true;4.4;მუზეუმი — თბილისი.;{};71.02;73.55;2026-08-03 10:38:42.238563+00;41.70081;44.8004
osm-14058313702;ჭუთხაროს ხედი;რაჭა-ლეჩხუმი;nature;ხედი;"[""ხედი"",""რაჭა-ლეჩხუმი""]";true;true;4.4;ხედი — რაჭა-ლეჩხუმი.;{};46.51;33.51;2026-08-03 10:38:42.238563+00;42.76205;43.10945
osm-12466851601;ნიგურიანების საცხოვრებელი კომპლექსი;სვანეთი;culture;მუზეუმი;"[""მუზეუმი"",""სვანეთი""]";true;true;4.4;მუზეუმი — სვანეთი.;{};41.01;22.79;2026-08-03 10:38:42.238563+00;43.04604;42.72999
osm-12474246172;"აბრა ""Entrée à la passage Frs Oumansky""";თბილისი;culture;ღირსშესანიშნაობა;"[""ღირსშესანიშნაობა"",""თბილისი""]";true;true;4.4;ღირსშესანიშნაობა — თბილისი.;{};71.05;73.44;2026-08-03 10:38:42.238563+00;41.70396;44.80262
osm-12481098323;ენგურის ჰიდროელექტროსადგური;სამეგრელო;nature;ხედი;"[""ხედი"",""სამეგრელო""]";true;true;4.4;ხედი — სამეგრელო.;{};30.96;33.57;2026-08-03 10:38:42.238563+00;42.76052;42.03615
osm-12576986017;ზესტაფონის მხარეთმცოდნეობის მუზეუმი;იმერეთი;culture;მუზეუმი;"[""მუზეუმი"",""იმერეთი""]";false;false;4.9;მუზეუმი — იმერეთი.;{};45.50;58.25;2026-08-03 10:38:42.238563+00;42.10629;43.0392
osm-12860880037;გვირილების მინდორი;თბილისი;culture;ღირსშესანიშნაობა;"[""ღირსშესანიშნაობა"",""თბილისი""]";true;true;4.4;ღირსშესანიშნაობა — თბილისი.;{};73.47;70.64;2026-08-03 10:38:42.238563+00;41.77811;44.96959
osm-12873992201;ვილა სიბირიაკოვა;აჭარა;culture;ღირსშესანიშნაობა;"[""ღირსშესანიშნაობა"",""აჭარა""]";true;true;4.4;ღირსშესანიშნაობა — აჭარა.;{};25.94;74.68;2026-08-03 10:38:42.238563+00;41.671;41.68998
osm-12879622348;თავკავთის კომპლექსი;ქვემო ქართლი;culture;ღირსშესანიშნაობა;"[""ღირსშესანიშნაობა"",""ქვემო ქართლი""]";false;false;4.9;ღირსშესანიშნაობა — ქვემო ქართლი.;{};65.82;70.70;2026-08-03 10:38:42.238563+00;41.77658;44.44178
osm-13030798101;ესაძეების ძველი სახლი;გურია;culture;მუზეუმი;"[""მუზეუმი"",""გურია""]";true;true;4.4;მუზეუმი — გურია.;{};29.38;67.68;2026-08-03 10:38:42.238563+00;41.85646;41.92727
osm-13159588401;ზოოლოგიული ცენტრი;თბილისი;leisure;ზოოპარკი;"[""ზოოპარკი"",""თბილისი""]";true;true;4.4;ზოოპარკი — თბილისი.;{};72.73;66.79;2026-08-03 10:38:42.238563+00;41.88007;44.91853
osm-13181376492;ბანანის ჭალა;აჭარა;culture;ღირსშესანიშნაობა;"[""ღირსშესანიშნაობა"",""აჭარა""]";true;true;4.4;ღირსშესანიშნაობა — აჭარა.;{};26.76;71.33;2026-08-03 10:38:42.238563+00;41.7598;41.74675
osm-13227277068;ქართული დამშერლობის დარბაზი;თბილისი;culture;მუზეუმი;"[""მუზეუმი"",""თბილისი""]";true;true;4.4;მუზეუმი — თბილისი.;{};71.03;73.73;2026-08-03 10:38:42.238563+00;41.69623;44.80133
osm-13264926374;2008 წლის აგვისტოს მუზეუმი;შიდა ქართლი;culture;მუზეუმი;"[""მუზეუმი"",""შიდა ქართლი""]";true;true;4.4;მუზეუმი — შიდა ქართლი.;{};59.25;54.48;2026-08-03 10:38:42.238563+00;42.20636;43.9885
osm-13265043301;სტუდიოარტ გალერეა;თბილისი;culture;გალერეა;"[""გალერეა"",""თბილისი""]";true;true;4.4;გალერეა — თბილისი.;{};70.77;73.48;2026-08-03 10:38:42.238563+00;41.70289;44.78306
osm-13266677502;ფორაქიშვილების დარბაზი;თბილისი;culture;მუზეუმი;"[""მუზეუმი"",""თბილისი""]";true;true;4.4;მუზეუმი — თბილისი.;{};71.20;73.93;2026-08-03 10:38:42.238563+00;41.69077;44.81277
osm-13283860216;ეფემერა;თბილისი;culture;გალერეა;"[""გალერეა"",""თბილისი""]";true;true;4.4;გალერეა — თბილისი.;{};71.09;73.84;2026-08-03 10:38:42.238563+00;41.6932;44.80537
osm-13562481469;მერაბ კოსტავას სახლ-მუზეუმი;თბილისი;culture;მუზეუმი;"[""მუზეუმი"",""თბილისი""]";false;false;4.9;მუზეუმი — თბილისი.;{};70.86;73.43;2026-08-03 10:38:42.238563+00;41.70403;44.7891
osm-13725084187;საავტორო თოჯინების გალერეა;თბილისი;culture;გალერეა;"[""გალერეა"",""თბილისი""]";true;true;4.4;გალერეა — თბილისი.;{};70.85;72.89;2026-08-03 10:38:42.238563+00;41.71839;44.78866
osm-13767161801;ცახის თვალსაზრისი;რაჭა-ლეჩხუმი;nature;ხედი;"[""ხედი"",""რაჭა-ლეჩხუმი""]";true;true;4.4;ხედი — რაჭა-ლეჩხუმი.;{};43.71;42.21;2026-08-03 10:38:42.238563+00;42.53132;42.91565
osm-13767186701;ხედი სოფელზე;რაჭა-ლეჩხუმი;nature;ხედი;"[""ხედი"",""რაჭა-ლეჩხუმი""]";true;true;4.4;ხედი — რაჭა-ლეჩხუმი.;{};43.74;42.26;2026-08-03 10:38:42.238563+00;42.53008;42.91836
osm-13974753001;თბილისის ღვინის მუზეუმი;თბილისი;culture;მუზეუმი;"[""მუზეუმი"",""თბილისი""]";true;true;4.4;მუზეუმი — თბილისი.;{};71.13;73.92;2026-08-03 10:38:42.238563+00;41.69106;44.80768
osm-14054901091;გალერეა 27;თბილისი;culture;გალერეა;"[""გალერეა"",""თბილისი""]";true;true;4.4;გალერეა — თბილისი.;{};70.98;73.98;2026-08-03 10:38:42.238563+00;41.68944;44.79776
osm-14058310201;ტბების, თეთნულდისა და შხარას ხედი;რაჭა-ლეჩხუმი;nature;ხედი;"[""ხედი"",""რაჭა-ლეჩხუმი""]";true;true;4.4;ხედი — რაჭა-ლეჩხუმი.;{};47.11;35.45;2026-08-03 10:38:42.238563+00;42.71057;43.15044
osm-14058312601;ტბების ხედი;რაჭა-ლეჩხუმი;nature;ხედი;"[""ხედი"",""რაჭა-ლეჩხუმი""]";true;true;4.4;ხედი — რაჭა-ლეჩხუმი.;{};47.31;35.41;2026-08-03 10:38:42.238563+00;42.71173;43.16425
osm-1055195781;დირბის ციხე;შიდა ქართლი;culture;ციხე-დარბაზი;"[""ციხე-დარბაზი"",""შიდა ქართლი""]";false;false;4.8;ციხე-დარბაზი — შიდა ქართლი.;{};57.67;58.03;2026-08-03 10:38:42.238563+00;42.11212;43.8790337
osm-1080146926;კეხვის ციხე;შიდა ქართლი;culture;ციხე-დარბაზი;"[""ციხე-დარბაზი"",""შიდა ქართლი""]";false;false;4.8;ციხე-დარბაზი — შიდა ქართლი.;{};58.37;50.46;2026-08-03 10:38:42.238563+00;42.3129219;43.9275399
osm-1148787402;აბულის ციხე;სამცხე-ჯავახეთი;culture;არქეოლოგიური ძეგლი;"[""არქეოლოგიური ძეგლი"",""სამცხე-ჯავახეთი""]";false;false;4.8;არქეოლოგიური ძეგლი — სამცხე-ჯავახეთი.;{};54.85;85.93;2026-08-03 10:38:42.238563+00;41.3728834;43.6845382
osm-1179614543;წმ. გიორგის ეკლესია;ქვემო ქართლი;food;კვება;"[""კვება"",""ქვემო ქართლი""]";false;false;4.8;კვება — ქვემო ქართლი.;{};67.02;84.83;2026-08-03 10:38:42.238563+00;41.4019761;44.5246781
osm-1229361512;წმინდა გიორგის პატარა ეკლესია;სამცხე-ჯავახეთი;food;კვება;"[""კვება"",""სამცხე-ჯავახეთი""]";false;false;4.8;კვება — სამცხე-ჯავახეთი.;{};49.39;85.57;2026-08-03 10:38:42.238563+00;41.3823885;43.307807
osm-1416912069;იოანე ნათლისმცემლის სახელობის მთავარი ტაძრის ნანგრევები;სამცხე-ჯავახეთი;culture;ეკლესია;"[""ეკლესია"",""სამცხე-ჯავახეთი""]";false;false;4.8;ეკლესია — სამცხე-ჯავახეთი.;{};49.38;85.6;2026-08-03 10:38:42.238563+00;41.3816435;43.3075613
osm-1416913628;ქარავან-სარაი;სამცხე-ჯავახეთი;culture;ნანგრევები;"[""ნანგრევები"",""სამცხე-ჯავახეთი""]";false;false;4.8;ნანგრევები — სამცხე-ჯავახეთი.;{};49.62;84.24;2026-08-03 10:38:42.238563+00;41.4175237;43.3239834
osm-1418929718;მწვანე მონასტერი;სამცხე-ჯავახეთი;food;კვება;"[""კვება"",""სამცხე-ჯავახეთი""]";false;false;4.8;კვება — სამცხე-ჯავახეთი.;{};49.42;69.4;2026-08-03 10:38:42.238563+00;41.8108312;43.3098508
osm-1579318379;არყისციხე;სამცხე-ჯავახეთი;culture;ციხე-დარბაზი;"[""ციხე-დარბაზი"",""სამცხე-ჯავახეთი""]";false;false;4.8;ციხე-დარბაზი — სამცხე-ჯავახეთი.;{};43.86;76.67;2026-08-03 10:38:42.238563+00;41.6182899;42.9265669
osm-1584125768;ოქროს ციხე;იმერეთი;culture;ციხე-დარბაზი;"[""ციხე-დარბაზი"",""იმერეთი""]";false;false;4.8;ციხე-დარბაზი — იმერეთი.;{};41.48;73.26;2026-08-03 10:38:42.238563+00;41.7084977;42.7623913
osm-1702268783;სამეფო აბანო;თბილისი;culture;ნანგრევები;"[""ნანგრევები"",""თბილისი""]";false;false;4.8;ნანგრევები — თბილისი.;{};69.87;68.39;2026-08-03 10:38:42.238563+00;41.8375339;44.7213198
osm-2702467835;ბოდორნისციხე;მცხეთა-მთიანეთი;culture;ციხე;"[""ციხე"",""მცხეთა-მთიანეთი""]";true;true;4.4;ციხე — მცხეთა-მთიანეთი.;{};70.17;59.95;2026-08-03 10:38:42.238563+00;42.0612;44.74182
osm-2906943624;ახალციხის ციხე;ქვემო ქართლი;culture;ნანგრევები;"[""ნანგრევები"",""ქვემო ქართლი""]";true;true;4.4;ნანგრევები — ქვემო ქართლი.;{};64.54;67.07;2026-08-03 10:38:42.238563+00;41.87259;44.35329
osm-2920073155;ლებისის დარნები და ქვის კარი;სამცხე-ჯავახეთი;culture;ნანგრევები;"[""ნანგრევები"",""სამცხე-ჯავახეთი""]";true;true;4.4;ნანგრევები — სამცხე-ჯავახეთი.;{};47.76;85.91;2026-08-03 10:38:42.238563+00;41.37335;43.19562
osm-2932655829;გული;სვანეთი;culture;ნანგრევები;"[""ნანგრევები"",""სვანეთი""]";true;true;4.4;ნანგრევები — სვანეთი.;{};39.71;21.57;2026-08-03 10:38:42.238563+00;43.07834;42.63982
osm-2936823103;ორცეფის კოშკი;სამცხე-ჯავახეთი;culture;ციხე;"[""ციხე"",""სამცხე-ჯავახეთი""]";true;true;4.4;ციხე — სამცხე-ჯავახეთი.;{};46.37;79.20;2026-08-03 10:38:42.238563+00;41.55131;43.09959
osm-3010021442;გურიის ერისთავების ციხე-დარბაზი;გურია;culture;ციხე;"[""ციხე"",""გურია""]";true;true;4.4;ციხე — გურია.;{};33.43;61.96;2026-08-03 10:38:42.238563+00;42.00809;42.20647
osm-3403866807;დიდი ქვაბები;კახეთი;culture;ნანგრევები;"[""ნანგრევები"",""კახეთი""]";true;true;4.4;ნანგრევები — კახეთი.;{};84.25;82.78;2026-08-03 10:38:42.238563+00;41.45632;45.71332
osm-3403866808;პატარა ქვაბები;კახეთი;culture;ნანგრევები;"[""ნანგრევები"",""კახეთი""]";true;true;4.4;ნანგრევები — კახეთი.;{};86.85;84.42;2026-08-03 10:38:42.238563+00;41.41278;45.8927
osm-3607726852;ტიმოთესუბნის ღვთისმშობლის სახელობის ტაძარი;სამცხე-ჯავახეთი;culture;მონასტერი;"[""მონასტერი"",""სამცხე-ჯავახეთი""]";false;false;4.9;მონასტერი — სამცხე-ჯავახეთი.;{};52.44;69.41;2026-08-03 10:38:42.238563+00;41.81072;43.51813
osm-3782298120;დემოთის ციხე;სამცხე-ჯავახეთი;culture;ციხე;"[""ციხე"",""სამცხე-ჯავახეთი""]";false;false;4.9;ციხე — სამცხე-ჯავახეთი.;{};48.42;69.60;2026-08-03 10:38:42.238563+00;41.80547;43.24099
osm-3857421291;დრისის ჯავახაანთ ციხე (თამარის ციხე);შიდა ქართლი;culture;ციხე;"[""ციხე"",""შიდა ქართლი""]";true;true;4.4;ციხე — შიდა ქართლი.;{};63.41;67.37;2026-08-03 10:38:42.238563+00;41.86478;44.27561
osm-5206177622;შულავერის ციხე;ქვემო ქართლი;culture;ციხე;"[""ციხე"",""ქვემო ქართლი""]";true;true;4.4;ციხე — ქვემო ქართლი.;{};71.33;86.28;2026-08-03 10:38:42.238563+00;41.36367;44.82171
osm-4203319483;სლესის ( მოქცევის) ციხე;სამცხე-ჯავახეთი;culture;ციხე;"[""ციხე"",""სამცხე-ჯავახეთი""]";true;true;4.4;ციხე — სამცხე-ჯავახეთი.;{};47.92;71.78;2026-08-03 10:38:42.238563+00;41.74778;43.20673
osm-4232054190;ვეჯინის ამაღლების სამონასტრო კომპლექსი;კახეთი;culture;ციხე;"[""ციხე"",""კახეთი""]";true;true;4.4;ციხე — კახეთი.;{};85.55;73.38;2026-08-03 10:38:42.238563+00;41.70551;45.80294
osm-4284861589;სოფელი კოკოტაური;აჭარა;culture;ციხე;"[""ციხე"",""აჭარა""]";true;true;4.4;ციხე — აჭარა.;{};31.40;75.84;2026-08-03 10:38:42.238563+00;41.64019;42.06632
osm-4332030994;მინდაციხე;რაჭა-ლეჩხუმი;culture;ციხე;"[""ციხე"",""რაჭა-ლეჩხუმი""]";true;true;4.4;ციხე — რაჭა-ლეჩხუმი.;{};48.17;41.68;2026-08-03 10:38:42.238563+00;42.54543;43.22405
osm-4352439202;გოხნარის ჩრდილოეთის ციკლოპური ნაციხარი;ქვემო ქართლი;culture;არქეოლოგიური ძეგლი;"[""არქეოლოგიური ძეგლი"",""ქვემო ქართლი""]";true;true;4.4;არქეოლოგიური ძეგლი — ქვემო ქართლი.;{};63.75;74.57;2026-08-03 10:38:42.238563+00;41.67382;44.29884
osm-4352512589;გოხნარის სამხრეთის ციკლოპური ნაციხარი(გოხნარის ლოდოვანი);ქვემო ქართლი;culture;არქეოლოგიური ძეგლი;"[""არქეოლოგიური ძეგლი"",""ქვემო ქართლი""]";true;true;4.4;არქეოლოგიური ძეგლი — ქვემო ქართლი.;{};63.87;75.78;2026-08-03 10:38:42.238563+00;41.64181;44.30729
osm-4357184497;ხულუტის ციხე;ქვემო ქართლი;culture;ციხე;"[""ციხე"",""ქვემო ქართლი""]";true;true;4.4;ციხე — ქვემო ქართლი.;{};64.47;82.50;2026-08-03 10:38:42.238563+00;41.46377;44.34866
osm-4366130490;"სადმელის ეკლესია ""სამება""";რაჭა-ლეჩხუმი;culture;ნანგრევები;"[""ნანგრევები"",""რაჭა-ლეჩხუმი""]";true;true;4.4;ნანგრევები — რაჭა-ლეჩხუმი.;{};46.71;41.74;2026-08-03 10:38:42.238563+00;42.54385;43.12279
osm-4373330191;ატენის ძველი ციხე;შიდა ქართლი;culture;ციხე;"[""ციხე"",""შიდა ქართლი""]";true;true;4.4;ციხე — შიდა ქართლი.;{};61.03;64.76;2026-08-03 10:38:42.238563+00;41.93394;44.11073
osm-4400595690;ვანათის ციხე;შიდა ქართლი;culture;ციხე;"[""ციხე"",""შიდა ქართლი""]";true;true;4.4;ციხე — შიდა ქართლი.;{};60.22;51.66;2026-08-03 10:38:42.238563+00;42.28094;44.05497
osm-4412235993;ყაურმის (ყოფ.ტონთიოს) წმ. გიორგის ეკლესია;სამცხე-ჯავახეთი;culture;ეკლესია;"[""ეკლესია"",""სამცხე-ჯავახეთი""]";true;true;4.4;ეკლესია — სამცხე-ჯავახეთი.;{};53.40;87.79;2026-08-03 10:38:42.238563+00;41.32366;43.58462
osm-4451163393;მურის ციხეთა კომპლექსი;რაჭა-ლეჩხუმი;culture;ციხე;"[""ციხე"",""რაჭა-ლეჩხუმი""]";true;true;4.4;ციხე — რაჭა-ლეჩხუმი.;{};41.75;37.38;2026-08-03 10:38:42.238563+00;42.65946;42.7805
osm-4589351989;ტალის ციხე;კახეთი;culture;ციხე;"[""ციხე"",""კახეთი""]";true;true;4.4;ციხე — კახეთი.;{};80.18;59.09;2026-08-03 10:38:42.238563+00;42.08403;45.4324
osm-4881418222;საგარეჯოს რეტრანსატორი;კახეთი;culture;ციხე;"[""ციხე"",""კახეთი""]";true;true;4.4;ციხე — კახეთი.;{};78.11;72.53;2026-08-03 10:38:42.238563+00;41.72801;45.28939
osm-5034221296;თავკავთას ციხე;ქვემო ქართლი;culture;ნანგრევები;"[""ნანგრევები"",""ქვემო ქართლი""]";true;true;4.4;ნანგრევები — ქვემო ქართლი.;{};65.82;70.71;2026-08-03 10:38:42.238563+00;41.77626;44.44166
osm-5078688651;ალეწის ციხე;შიდა ქართლი;culture;ნანგრევები;"[""ნანგრევები"",""შიდა ქართლი""]";true;true;4.4;ნანგრევები — შიდა ქართლი.;{};54.61;68.06;2026-08-03 10:38:42.238563+00;41.84638;43.668
osm-5159455528;დარჩიძეების (გოგოლაურის)ციხე;გურია;culture;ციხე;"[""ციხე"",""გურია""]";true;true;4.4;ციხე — გურია.;{};36.22;80.95;2026-08-03 10:38:42.238563+00;41.50472;42.39915
osm-5171031522;მეფის ქალაქი (ციხე-გალავნის კომლექსი ეკლესიით);ქვემო ქართლი;culture;ციხე;"[""ციხე"",""ქვემო ქართლი""]";true;true;4.4;ციხე — ქვემო ქართლი.;{};64.31;66.53;2026-08-03 10:38:42.238563+00;41.88705;44.33756
osm-5177868625;ფეოდალური სახლის ნანგრევი კოშკით;ქვემო ქართლი;culture;ციხე;"[""ციხე"",""ქვემო ქართლი""]";true;true;4.4;ციხე — ქვემო ქართლი.;{};66.87;82.71;2026-08-03 10:38:42.238563+00;41.4582;44.51396
osm-5177892723;ემპელოს ციხე;სამცხე-ჯავახეთი;culture;ციხე;"[""ციხე"",""სამცხე-ჯავახეთი""]";true;true;4.4;ციხე — სამცხე-ჯავახეთი.;{};44.47;81.56;2026-08-03 10:38:42.238563+00;41.48858;42.96852
osm-5199898324;კოშკის ნამგრევები;ქვემო ქართლი;culture;ნანგრევები;"[""ნანგრევები"",""ქვემო ქართლი""]";true;true;4.4;ნანგრევები — ქვემო ქართლი.;{};66.03;81.42;2026-08-03 10:38:42.238563+00;41.49247;44.4558
osm-5199898325;გაგის ციხე;თბილისი;culture;ციხე;"[""ციხე"",""თბილისი""]";true;true;4.4;ციხე — თბილისი.;{};72.23;87.29;2026-08-03 10:38:42.238563+00;41.33673;44.88366
osm-5207963223;ტაგნაგეთის კომპლექსი;თბილისი;culture;ციხე;"[""ციხე"",""თბილისი""]";true;true;4.4;ციხე — თბილისი.;{};69.74;76.51;2026-08-03 10:38:42.238563+00;41.62246;44.71228
osm-5225140924;ზველის რაბათის ნანგრევები;სამცხე-ჯავახეთი;culture;ციხე;"[""ციხე"",""სამცხე-ჯავახეთი""]";true;true;4.4;ციხე — სამცხე-ჯავახეთი.;{};47.11;77.99;2026-08-03 10:38:42.238563+00;41.58315;43.15042
osm-5624657021;"ხოვლეს „ქვახიდა""(აკვედუკი ანუ ბელღარი )";შიდა ქართლი;culture;ნანგრევები;"[""ნანგრევები"",""შიდა ქართლი""]";true;true;4.4;ნანგრევები — შიდა ქართლი.;{};62.83;66.55;2026-08-03 10:38:42.238563+00;41.88631;44.235
osm-5626433722;დიდგორის წვერის წმ.გიორგის ეკლესია (ნანგრევები);თბილისი;culture;ნანგრევები;"[""ნანგრევები"",""თბილისი""]";true;true;4.4;ნანგრევები — თბილისი.;{};68.95;69.67;2026-08-03 10:38:42.238563+00;41.80387;44.65749
osm-5725263422;მამუკას სახლი;გურია;culture;ციხე;"[""ციხე"",""გურია""]";true;true;4.4;ციხე — გურია.;{};29.40;59.55;2026-08-03 10:38:42.238563+00;42.07181;41.92838
osm-5755926933;ჭეხილის ციხე;თბილისი;culture;ციხე;"[""ციხე"",""თბილისი""]";true;true;4.4;ციხე — თბილისი.;{};75.89;66.38;2026-08-03 10:38:42.238563+00;41.89088;45.13639
osm-5870680585;პომპეუსის ხიდი;თბილისი;culture;ნანგრევები;"[""ნანგრევები"",""თბილისი""]";false;false;4.9;ნანგრევები — თბილისი.;{};69.65;68.36;2026-08-03 10:38:42.238563+00;41.83858;44.706
osm-5917934692;ნანგრევები;კახეთი;culture;ნანგრევები;"[""ნანგრევები"",""კახეთი""]";true;true;4.4;ნანგრევები — კახეთი.;{};79.43;64.65;2026-08-03 10:38:42.238563+00;41.93672;45.38087
osm-5940332388;გვარა;აჭარა;culture;ციხე;"[""ციხე"",""აჭარა""]";false;false;4.9;ციხე — აჭარა.;{};26.36;80.50;2026-08-03 10:38:42.238563+00;41.51672;41.71876
osm-6390331389;დვირის ციხე-სიმაგრე;სამცხე-ჯავახეთი;culture;ციხე;"[""ციხე"",""სამცხე-ჯავახეთი""]";true;true;4.4;ციხე — სამცხე-ჯავახეთი.;{};48.63;70.95;2026-08-03 10:38:42.238563+00;41.7698;43.25517
osm-6655149586;"ყარანგოზიშვილების კოშკი ""შეუპოვარი"" და სასახლე";მცხეთა-მთიანეთი;culture;ციხე;"[""ციხე"",""მცხეთა-მთიანეთი""]";true;true;4.4;ციხე — მცხეთა-მთიანეთი.;{};69.60;59.01;2026-08-03 10:38:42.238563+00;42.08635;44.70216
osm-6655153585;ჭილაშვილების (მილახვრიანთკარის)ციხე-დარბაზი(სასახლე);მცხეთა-მთიანეთი;culture;ციხე;"[""ციხე"",""მცხეთა-მთიანეთი""]";true;true;4.4;ციხე — მცხეთა-მთიანეთი.;{};69.26;58.94;2026-08-03 10:38:42.238563+00;42.088;44.67879
osm-6662574585;ფშაველის ციხე-გალავნის კომპლექსი;კახეთი;culture;ციხე;"[""ციხე"",""კახეთი""]";true;true;4.4;ციხე — კახეთი.;{};80.33;59.09;2026-08-03 10:38:42.238563+00;42.08423;45.44279
osm-6688230486;საღორეთის (კლდისთავი) ციხე;აჭარა;culture;ციხე;"[""ციხე"",""აჭარა""]";true;true;4.4;ციხე — აჭარა.;{};28.46;77.56;2026-08-03 10:38:42.238563+00;41.59479;41.8636
osm-6690995891;ბეგოშვილების (უჩხოს) ციხე;გურია;culture;ციხე;"[""ციხე"",""გურია""]";true;true;4.4;ციხე — გურია.;{};34.92;74.13;2026-08-03 10:38:42.238563+00;41.68568;42.3095
osm-6726985186;ბჟინევის(დიდველის) ციხის ნანგრევები;რაჭა-ლეჩხუმი;culture;ნანგრევები;"[""ნანგრევები"",""რაჭა-ლეჩხუმი""]";false;false;4.9;ნანგრევები — რაჭა-ლეჩხუმი.;{};50.31;51.00;2026-08-03 10:38:42.238563+00;42.29839;43.37107
osm-6742002387;სოსილეის ციხის ნანგრევები;რაჭა-ლეჩხუმი;culture;ციხე;"[""ციხე"",""რაჭა-ლეჩხუმი""]";true;true;4.4;ციხე — რაჭა-ლეჩხუმი.;{};41.31;37.86;2026-08-03 10:38:42.238563+00;42.64681;42.7501
osm-6743671988;აფთიაქის ნანგრევები;ქვემო ქართლი;culture;ნანგრევები;"[""ნანგრევები"",""ქვემო ქართლი""]";true;true;4.4;ნანგრევები — ქვემო ქართლი.;{};65.82;69.21;2026-08-03 10:38:42.238563+00;41.81603;44.44137
osm-6774405863;ბელოთის ციხის;შიდა ქართლი;culture;ციხე;"[""ციხე"",""შიდა ქართლი""]";true;true;4.4;ციხე — შიდა ქართლი.;{};61.60;50.81;2026-08-03 10:38:42.238563+00;42.30352;44.15006
osm-6774406013;აწრისხევის ციხე;შიდა ქართლი;culture;ციხე;"[""ციხე"",""შიდა ქართლი""]";true;true;4.4;ციხე — შიდა ქართლი.;{};62.64;51.04;2026-08-03 10:38:42.238563+00;42.29737;44.22209
osm-6879173185;ბათაკათ ციხე-სახლი (ქვითკირის)გიორგა ჯაბუშანური;მცხეთა-მთიანეთი;culture;ციხე;"[""ციხე"",""მცხეთა-მთიანეთი""]";true;true;4.4;ციხე — მცხეთა-მთიანეთი.;{};72.52;37.42;2026-08-03 10:38:42.238563+00;42.65826;44.90381
osm-6982194385;ნაგებების კომპლექსი ( სამნავიანი ბაზილიკა და მარანი );კახეთი;culture;ნანგრევები;"[""ნანგრევები"",""კახეთი""]";false;false;4.9;ნანგრევები — კახეთი.;{};84.71;63.09;2026-08-03 10:38:42.238563+00;41.97805;45.74528
osm-7044998722;ამიდასთურის ეკლესია;კახეთი;culture;ნანგრევები;"[""ნანგრევები"",""კახეთი""]";true;true;4.4;ნანგრევები — კახეთი.;{};78.33;66.60;2026-08-03 10:38:42.238563+00;41.88503;45.305
osm-7048877376;ვაშლოვანი;თბილისი;culture;ნანგრევები;"[""ნანგრევები"",""თბილისი""]";true;true;4.4;ნანგრევები — თბილისი.;{};77.21;65.15;2026-08-03 10:38:42.238563+00;41.92343;45.22752
osm-7057965885;არქეოლოგიური გათხრები;ქვემო ქართლი;culture;ციხე;"[""ციხე"",""ქვემო ქართლი""]";true;true;4.4;ციხე — ქვემო ქართლი.;{};65.83;81.45;2026-08-03 10:38:42.238563+00;41.4915;44.44236
osm-7216238385;სატორგეს სახიზარი;კახეთი;culture;ნანგრევები;"[""ნანგრევები"",""კახეთი""]";true;true;4.4;ნანგრევები — კახეთი.;{};85.77;87.38;2026-08-03 10:38:42.238563+00;41.33431;45.81832
osm-7276266787;სასახლისეული პატარა ნაეკლესიარი;თბილისი;culture;ნანგრევები;"[""ნანგრევები"",""თბილისი""]";true;true;4.4;ნანგრევები — თბილისი.;{};71.72;67.96;2026-08-03 10:38:42.238563+00;41.84915;44.84852
osm-7447278178;"ციხე ""მოდიმნახე"" /ტყემლიანის ციხე";ქვემო ქართლი;culture;ნანგრევები;"[""ნანგრევები"",""ქვემო ქართლი""]";true;true;4.4;ნანგრევები — ქვემო ქართლი.;{};62.28;79.23;2026-08-03 10:38:42.238563+00;41.55046;44.19698
osm-7619725089;სვერის ციხე;იმერეთი;culture;ნანგრევები;"[""ნანგრევები"",""იმერეთი""]";true;true;4.4;ნანგრევები — იმერეთი.;{};49.46;53.44;2026-08-03 10:38:42.238563+00;42.23386;43.31256
osm-7628773885;გიგა ქარჩავას სასახლე;სამეგრელო;culture;ციხე;"[""ციხე"",""სამეგრელო""]";true;true;4.4;ციხე — სამეგრელო.;{};28.91;40.24;2026-08-03 10:38:42.238563+00;42.58366;41.89506
osm-7666778484;ვახანის ციხე;სამცხე-ჯავახეთი;culture;ციხე;"[""ციხე"",""სამცხე-ჯავახეთი""]";true;true;4.4;ციხე — სამცხე-ჯავახეთი.;{};49.77;64.30;2026-08-03 10:38:42.238563+00;41.94615;43.33427
osm-7686907679;ავგიის ნაეკლესიარი;აჭარა;culture;ნანგრევები;"[""ნანგრევები"",""აჭარა""]";true;true;4.4;ნანგრევები — აჭარა.;{};24.47;78.33;2026-08-03 10:38:42.238563+00;41.57424;41.58839
osm-7687433845;მირვეთის ციხე;აჭარა;culture;ნანგრევები;"[""ნანგრევები"",""აჭარა""]";false;false;4.9;ნანგრევები — აჭარა.;{};26.27;79.99;2026-08-03 10:38:42.238563+00;41.53025;41.7127
osm-7720942985;პაპუნა ბეჟუაშვილი;ქვემო ქართლი;culture;ციხე;"[""ციხე"",""ქვემო ქართლი""]";true;true;4.4;ციხე — ქვემო ქართლი.;{};62.36;87.43;2026-08-03 10:38:42.238563+00;41.33301;44.20296
osm-7731550085;ფარავნის კარვასლა;შიდა ქართლი;culture;არქეოლოგიური ძეგლი;"[""არქეოლოგიური ძეგლი"",""შიდა ქართლი""]";true;true;4.4;არქეოლოგიური ძეგლი — შიდა ქართლი.;{};57.23;82.96;2026-08-03 10:38:42.238563+00;41.45151;43.84904
osm-7733205416;კლდეკარის ციხე;ქვემო ქართლი;culture;ციხე;"[""ციხე"",""ქვემო ქართლი""]";true;true;4.4;ციხე — ქვემო ქართლი.;{};62.48;71.96;2026-08-03 10:38:42.238563+00;41.74317;44.21086
osm-7747679685;დიდი ყელეთის კოშკი(ნანგრევები);შიდა ქართლი;culture;ციხე;"[""ციხე"",""შიდა ქართლი""]";true;true;4.4;ციხე — შიდა ქართლი.;{};55.73;63.54;2026-08-03 10:38:42.238563+00;41.96607;43.74554
osm-7773856685;გურჯისგორის დამწვარი კოშკი;მცხეთა-მთიანეთი;culture;ციხე;"[""ციხე"",""მცხეთა-მთიანეთი""]";true;true;4.4;ციხე — მცხეთა-მთიანეთი.;{};76.88;57.06;2026-08-03 10:38:42.238563+00;42.13795;45.20486
osm-7773857686;მატნის ჩოლოყაშვილების ციხე-სიმაგრის კომპლექსი;მცხეთა-მთიანეთი;culture;ციხე;"[""ციხე"",""მცხეთა-მთიანეთი""]";true;true;4.4;ციხე — მცხეთა-მთიანეთი.;{};76.63;59.23;2026-08-03 10:38:42.238563+00;42.08042;45.18755
osm-7777426085;ახშნის კოშკი;კახეთი;culture;ციხე;"[""ციხე"",""კახეთი""]";true;true;4.4;ციხე — კახეთი.;{};78.51;62.17;2026-08-03 10:38:42.238563+00;42.00258;45.31693
osm-7800214823;მოჭოხის წმინდა გიორგის ეკლესია;რაჭა-ლეჩხუმი;culture;ნანგრევები;"[""ნანგრევები"",""რაჭა-ლეჩხუმი""]";true;true;4.4;ნანგრევები — რაჭა-ლეჩხუმი.;{};51.01;43.64;2026-08-03 10:38:42.238563+00;42.49367;43.41996
osm-7816110786;საკანაფე (თამარის,წრიოხის,ბესალთავის) ციხე;სამცხე-ჯავახეთი;culture;ციხე;"[""ციხე"",""სამცხე-ჯავახეთი""]";true;true;4.4;ციხე — სამცხე-ჯავახეთი.;{};46.85;72.08;2026-08-03 10:38:42.238563+00;41.73987;43.13253
osm-7826475485;ხრეითის ციხე;რაჭა-ლეჩხუმი;culture;ციხე;"[""ციხე"",""რაჭა-ლეჩხუმი""]";true;true;4.4;ციხე — რაჭა-ლეჩხუმი.;{};47.47;49.74;2026-08-03 10:38:42.238563+00;42.33179;43.1754
osm-7830065885;ელიას ციხე;გურია;culture;ციხე;"[""ციხე"",""გურია""]";false;false;4.9;ციხე — გურია.;{};29.86;69.29;2026-08-03 10:38:42.238563+00;41.81378;41.96002
osm-8046908185;ძველი ხიბულის ჯიხა;სამეგრელო;culture;ციხე;"[""ციხე"",""სამეგრელო""]";true;true;4.4;ციხე — სამეგრელო.;{};30.15;45.53;2026-08-03 10:38:42.238563+00;42.44352;41.98068
osm-7844677185;ლაჰილის ღვთისმშობლის ეკლესიის (ლამარია) ნანგრევები;სვანეთი;culture;ეკლესია;"[""ეკლესია"",""სვანეთი""]";true;true;4.4;ეკლესია — სვანეთი.;{};39.48;24.52;2026-08-03 10:38:42.238563+00;43.00027;42.62421
osm-7864073085;ნასოფლარ საკურთხისის კოშკი;ქვემო ქართლი;culture;ციხე;"[""ციხე"",""ქვემო ქართლი""]";true;true;4.4;ციხე — ქვემო ქართლი.;{};66.08;71.01;2026-08-03 10:38:42.238563+00;41.76829;44.45973
osm-7887360493;აბისის ციხე;შიდა ქართლი;culture;ციხე;"[""ციხე"",""შიდა ქართლი""]";true;true;4.4;ციხე — შიდა ქართლი.;{};55.94;58.55;2026-08-03 10:38:42.238563+00;42.09835;43.75985
osm-7887428217;მძოვრეთის (ზოვრეთის, ძამის) ციხე;შიდა ქართლი;culture;ციხე;"[""ციხე"",""შიდა ქართლი""]";true;true;4.4;ციხე — შიდა ქართლი.;{};55.94;64.17;2026-08-03 10:38:42.238563+00;41.94954;43.76003
osm-7887495823;შინდისის ციხე;შიდა ქართლი;culture;ციხე;"[""ციხე"",""შიდა ქართლი""]";true;true;4.4;ციხე — შიდა ქართლი.;{};59.61;57.30;2026-08-03 10:38:42.238563+00;42.13164;44.01303
osm-7912922652;წმ. სტეფანეს ჩაძირული ტაძრის ნანგრევები;შიდა ქართლი;culture;ნანგრევები;"[""ნანგრევები"",""შიდა ქართლი""]";true;true;4.4;ნანგრევები — შიდა ქართლი.;{};60.14;77.06;2026-08-03 10:38:42.238563+00;41.60783;44.04979
osm-7940335086;ახალდაბის წმ.გიორგის ეკლესიის ნანგრევები;თბილისი;culture;ნანგრევები;"[""ნანგრევები"",""თბილისი""]";true;true;4.4;ნანგრევები — თბილისი.;{};69.04;63.13;2026-08-03 10:38:42.238563+00;41.97706;44.66371
osm-7950988686;ზემო ოსიაურის კოშკი;შიდა ქართლი;culture;ციხე;"[""ციხე"",""შიდა ქართლი""]";true;true;4.4;ციხე — შიდა ქართლი.;{};54.12;62.10;2026-08-03 10:38:42.238563+00;42.00433;43.63462
osm-7968806390;საკირის ციხე და ეკლესია;სამცხე-ჯავახეთი;culture;ციხე;"[""ციხე"",""სამცხე-ჯავახეთი""]";true;true;4.4;ციხე — სამცხე-ჯავახეთი.;{};49.13;72.50;2026-08-03 10:38:42.238563+00;41.72879;43.29015
osm-7973995123;ხერხემის ციხე;სამცხე-ჯავახეთი;culture;ციხე;"[""ციხე"",""სამცხე-ჯავახეთი""]";true;true;4.4;ციხე — სამცხე-ჯავახეთი.;{};43.43;72.44;2026-08-03 10:38:42.238563+00;41.73045;42.89651
osm-7981515886;ფეოდალ გურკელელების ციხე-სიმაგრის ნანგრევები;სამცხე-ჯავახეთი;culture;ციხე;"[""ციხე"",""სამცხე-ჯავახეთი""]";true;true;4.4;ციხე — სამცხე-ჯავახეთი.;{};46.66;72.61;2026-08-03 10:38:42.238563+00;41.72581;43.11957
osm-7983027585;საროს ახალი ციხე-კოშკი;სამცხე-ჯავახეთი;culture;ციხე;"[""ციხე"",""სამცხე-ჯავახეთი""]";true;true;4.4;ციხე — სამცხე-ჯავახეთი.;{};48.98;80.87;2026-08-03 10:38:42.238563+00;41.50699;43.27933
osm-7983027685;საროს ზემო (საყდრის) ციხეები;სამცხე-ჯავახეთი;culture;ციხე;"[""ციხე"",""სამცხე-ჯავახეთი""]";true;true;4.4;ციხე — სამცხე-ჯავახეთი.;{};48.97;80.91;2026-08-03 10:38:42.238563+00;41.50582;43.27916
osm-8001473685;ჩინთის კოშკი;მცხეთა-მთიანეთი;culture;ციხე;"[""ციხე"",""მცხეთა-მთიანეთი""]";true;true;4.4;ციხე — მცხეთა-მთიანეთი.;{};70.76;58.06;2026-08-03 10:38:42.238563+00;42.1113;44.7824
osm-8001568785;ჩინთის კლდის კოშკები;მცხეთა-მთიანეთი;culture;ციხე;"[""ციხე"",""მცხეთა-მთიანეთი""]";true;true;4.4;ციხე — მცხეთა-მთიანეთი.;{};70.76;58.07;2026-08-03 10:38:42.238563+00;42.11109;44.7821
osm-8001679800;ყელის (თამარის) ციხე;მცხეთა-მთიანეთი;culture;ციხე;"[""ციხე"",""მცხეთა-მთიანეთი""]";false;false;4.9;ციხე — მცხეთა-მთიანეთი.;{};70.76;56.84;2026-08-03 10:38:42.238563+00;42.14385;44.78212
osm-8004369786;საგინას ციხე-კოშკი;მცხეთა-მთიანეთი;culture;ციხე;"[""ციხე"",""მცხეთა-მთიანეთი""]";true;true;4.4;ციხე — მცხეთა-მთიანეთი.;{};75.78;38.61;2026-08-03 10:38:42.238563+00;42.62682;45.12909
osm-8004568685;კლდემაღალას (არსენას) ციხე;მცხეთა-მთიანეთი;culture;ციხე;"[""ციხე"",""მცხეთა-მთიანეთი""]";false;false;4.9;ციხე — მცხეთა-მთიანეთი.;{};65.49;63.50;2026-08-03 10:38:42.238563+00;41.96729;44.4187
osm-8017638885;მაჩიტაურის ციხე;იმერეთი;culture;ციხე;"[""ციხე"",""იმერეთი""]";true;true;4.4;ციხე — იმერეთი.;{};45.46;52.03;2026-08-03 10:38:42.238563+00;42.27125;43.03646
osm-8040873885;"სათვალთვალო-სასიგნალო კოშკის ნანგრევები""დიდა ქირსე,დედა ღვთისა""";სამეგრელო;culture;ციხე;"[""ციხე"",""სამეგრელო""]";true;true;4.4;ციხე — სამეგრელო.;{};30.69;37.31;2026-08-03 10:38:42.238563+00;42.66119;42.0177
osm-8041253285;ნოღას ციხე-სიმაგრე;სამეგრელო;culture;ციხე;"[""ციხე"",""სამეგრელო""]";true;true;4.4;ციხე — სამეგრელო.;{};33.54;43.97;2026-08-03 10:38:42.238563+00;42.48478;42.21415
osm-8042192185;ჭაქვინჯის (ჯიხაშ(ს)კარის) ციხე;სამეგრელო;culture;ციხე;"[""ციხე"",""სამეგრელო""]";true;true;4.4;ციხე — სამეგრელო.;{};30.62;43.10;2026-08-03 10:38:42.238563+00;42.50777;42.01295
osm-8047210286;მენჯის ციხის კომპლექსის ნანგრევები;სამეგრელო;culture;ციხე;"[""ციხე"",""სამეგრელო""]";true;true;4.4;ციხე — სამეგრელო.;{};30.74;51.62;2026-08-03 10:38:42.238563+00;42.28197;42.02116
osm-8082145617;ბულბულის ციხე;შიდა ქართლი;culture;ციხე;"[""ციხე"",""შიდა ქართლი""]";true;true;4.4;ციხე — შიდა ქართლი.;{};51.68;63.45;2026-08-03 10:38:42.238563+00;41.96859;43.4658
osm-8086400417;გადაჭრილი გორა;თბილისი;culture;არქეოლოგიური ძეგლი;"[""არქეოლოგიური ძეგლი"",""თბილისი""]";true;true;4.4;არქეოლოგიური ძეგლი — თბილისი.;{};71.32;85.27;2026-08-03 10:38:42.238563+00;41.39039;44.82097
osm-8180619060;ხახალაჯვარის არქიტექტურული კომპლექსი;ქვემო ქართლი;culture;ნანგრევები;"[""ნანგრევები"",""ქვემო ქართლი""]";true;true;4.4;ნანგრევები — ქვემო ქართლი.;{};64.60;84.21;2026-08-03 10:38:42.238563+00;41.41856;44.35757
osm-8298059252;ხოდაშენის ციხე;კახეთი;culture;ციხე;"[""ციხე"",""კახეთი""]";true;true;4.4;ციხე — კახეთი.;{};82.16;66.84;2026-08-03 10:38:42.238563+00;41.87871;45.5687
osm-8328677340;სათოვლე-ნაბაღრები-სამარხები;თბილისი;culture;არქეოლოგიური ძეგლი;"[""არქეოლოგიური ძეგლი"",""თბილისი""]";true;true;4.4;არქეოლოგიური ძეგლი — თბილისი.;{};67.72;69.59;2026-08-03 10:38:42.238563+00;41.80582;44.57276
osm-8402619607;ვერონას ციხე;თბილისი;culture;ციხე;"[""ციხე"",""თბილისი""]";true;true;4.4;ციხე — თბილისი.;{};77.50;67.67;2026-08-03 10:38:42.238563+00;41.85672;45.24762
osm-8423597104;ნაციხარი ლაკოს ხევში;კახეთი;culture;ციხე;"[""ციხე"",""კახეთი""]";true;true;4.4;ციხე — კახეთი.;{};90.73;64.74;2026-08-03 10:38:42.238563+00;41.93432;46.16056
osm-8462012584;სანთის (უწყლოს) მეგალითური ციხე;შიდა ქართლი;culture;ნანგრევები;"[""ნანგრევები"",""შიდა ქართლი""]";true;true;4.4;ნანგრევები — შიდა ქართლი.;{};59.64;75.27;2026-08-03 10:38:42.238563+00;41.65531;44.01541
osm-8491601478;ფარცხისის ციხე;ქვემო ქართლი;culture;ციხე;"[""ციხე"",""ქვემო ქართლი""]";true;true;4.4;ციხე — ქვემო ქართლი.;{};67.69;78.03;2026-08-03 10:38:42.238563+00;41.58212;44.57059
osm-8494694433;ზემო მსხალგორის ნამოსახლარი;კახეთი;culture;ნანგრევები;"[""ნანგრევები"",""კახეთი""]";true;true;4.4;ნანგრევები — კახეთი.;{};91.14;66.99;2026-08-03 10:38:42.238563+00;41.87468;46.18896
osm-8516764573;ციხის ნანგრევი;კახეთი;culture;ნანგრევები;"[""ნანგრევები"",""კახეთი""]";true;true;4.4;ნანგრევები — კახეთი.;{};91.37;67.83;2026-08-03 10:38:42.238563+00;41.8524;46.20464
osm-8517995534;ქარვასლა;კახეთი;culture;ნანგრევები;"[""ნანგრევები"",""კახეთი""]";true;true;4.4;ნანგრევები — კახეთი.;{};92.80;70.72;2026-08-03 10:38:42.238563+00;41.77589;46.30338
osm-8524759187;ჩაბანოს არქიტექტორული კომპლექსი;მცხეთა-მთიანეთი;culture;ნანგრევები;"[""ნანგრევები"",""მცხეთა-მთიანეთი""]";true;true;4.4;ნანგრევები — მცხეთა-მთიანეთი.;{};74.27;56.54;2026-08-03 10:38:42.238563+00;42.15158;45.02477
osm-8524767942;ალისის ( ალიას ,ალას (ბებერ) ციხე-კოშკი;მცხეთა-მთიანეთი;culture;ციხე;"[""ციხე"",""მცხეთა-მთიანეთი""]";true;true;4.4;ციხე — მცხეთა-მთიანეთი.;{};74.29;56.55;2026-08-03 10:38:42.238563+00;42.15137;45.02586
osm-8525798347;ნასოფლარ მოლამურის კომპლექსი(ეკლესიები,კოშკი,სასახლე);მცხეთა-მთიანეთი;culture;ნანგრევები;"[""ნანგრევები"",""მცხეთა-მთიანეთი""]";true;true;4.4;ნანგრევები — მცხეთა-მთიანეთი.;{};73.74;55.20;2026-08-03 10:38:42.238563+00;42.18732;44.98785
osm-8534200125;ბადაანის ცხრაკარას კომპლექსი;თბილისი;culture;ციხე;"[""ციხე"",""თბილისი""]";true;true;4.4;ციხე — თბილისი.;{};74.54;64.02;2026-08-03 10:38:42.238563+00;41.95337;45.04312
osm-8552994393;ოლოდის გამოქვაბულთა კომპლექსი;სამცხე-ჯავახეთი;culture;ნანგრევები;"[""ნანგრევები"",""სამცხე-ჯავახეთი""]";true;true;4.4;ნანგრევები — სამცხე-ჯავახეთი.;{};48.25;88.06;2026-08-03 10:38:42.238563+00;41.31649;43.22915
osm-8604386346;ახატელის ციხე-დარბაზი;კახეთი;culture;ციხე;"[""ციხე"",""კახეთი""]";true;true;4.4;ციხე — კახეთი.;{};80.24;63.53;2026-08-03 10:38:42.238563+00;41.96642;45.43648
osm-8611673477;მაყაშვილების ყოფილი ციხე-დარბაზის კომპლექსი;კახეთი;culture;ციხე;"[""ციხე"",""კახეთი""]";true;true;4.4;ციხე — კახეთი.;{};80.11;64.42;2026-08-03 10:38:42.238563+00;41.94292;45.42751
osm-8622480830;ლოპოტას ციხე;კახეთი;culture;ციხე;"[""ციხე"",""კახეთი""]";true;true;4.4;ციხე — კახეთი.;{};83.31;58.35;2026-08-03 10:38:42.238563+00;42.10367;45.64805
osm-8622689050;ლაშარის ჯვარი (მარანი);კახეთი;culture;ნანგრევები;"[""ნანგრევები"",""კახეთი""]";true;true;4.4;ნანგრევები — კახეთი.;{};81.85;59.49;2026-08-03 10:38:42.238563+00;42.0736;45.54781
osm-8651917307;გნოლიძეების კოშკი;შიდა ქართლი;culture;ციხე;"[""ციხე"",""შიდა ქართლი""]";true;true;4.4;ციხე — შიდა ქართლი.;{};60.48;54.78;2026-08-03 10:38:42.238563+00;42.19835;44.07344
osm-8651919792;ხუბაშვილების კოშკი;შიდა ქართლი;culture;ციხე;"[""ციხე"",""შიდა ქართლი""]";true;true;4.4;ციხე — შიდა ქართლი.;{};60.49;54.71;2026-08-03 10:38:42.238563+00;42.20015;44.07347
osm-8651938044;დავითაშვილების ციხე (კოშკი);შიდა ქართლი;culture;ციხე;"[""ციხე"",""შიდა ქართლი""]";true;true;4.4;ციხე — შიდა ქართლი.;{};60.49;54.70;2026-08-03 10:38:42.238563+00;42.20043;44.07356
osm-8665747953;"ნოქალაქევის ""სამეფო"" აბანო";სამეგრელო;culture;ნანგრევები;"[""ნანგრევები"",""სამეგრელო""]";true;true;4.4;ნანგრევები — სამეგრელო.;{};33.23;48.79;2026-08-03 10:38:42.238563+00;42.35704;42.19257
osm-8709876934;უტურაშვილების კოშკი;კახეთი;culture;ნანგრევები;"[""ნანგრევები"",""კახეთი""]";true;true;4.4;ნანგრევები — კახეთი.;{};84.46;61.82;2026-08-03 10:38:42.238563+00;42.01175;45.72756
osm-8773385849;ჩხერის ციხე;იმერეთი;culture;ციხე;"[""ციხე"",""იმერეთი""]";true;true;4.4;ციხე — იმერეთი.;{};48.23;62.23;2026-08-03 10:38:42.238563+00;42.00092;43.22808
osm-8814334259;დიმიაანთ (წულუკიძეების) ციხე -კოშკი;კახეთი;culture;ნანგრევები;"[""ნანგრევები"",""კახეთი""]";false;false;4.9;ნანგრევები — კახეთი.;{};80.92;63.31;2026-08-03 10:38:42.238563+00;41.97222;45.48314
osm-8850655017;ნაცარახევის ეკლესია(ნანაგრევები);შიდა ქართლი;culture;ნანგრევები;"[""ნანგრევები"",""შიდა ქართლი""]";true;true;4.4;ნანგრევები — შიდა ქართლი.;{};60.78;66.72;2026-08-03 10:38:42.238563+00;41.88202;44.09365
osm-8882630250;საბუე ფიქლების კოშკი;კახეთი;culture;ნანგრევები;"[""ნანგრევები"",""კახეთი""]";true;true;4.4;ნანგრევები — კახეთი.;{};84.39;59.38;2026-08-03 10:38:42.238563+00;42.07643;45.7229
osm-8927317167;ნამოსახლარი (მიჯნის ყურე);კახეთი;culture;ნანგრევები;"[""ნანგრევები"",""კახეთი""]";true;true;4.4;ნანგრევები — კახეთი.;{};95.70;97.67;2026-08-03 10:38:42.238563+00;41.06184;46.50305
osm-8927317168;ხორანთის ნაქალაქარი;კახეთი;culture;ნანგრევები;"[""ნანგრევები"",""კახეთი""]";true;true;4.4;ნანგრევები — კახეთი.;{};94.89;94.30;2026-08-03 10:38:42.238563+00;41.15099;46.44713
osm-8927317169;რკინის სადნობი სახელოსნო;კახეთი;culture;ნანგრევები;"[""ნანგრევები"",""კახეთი""]";true;true;4.4;ნანგრევები — კახეთი.;{};94.46;94.05;2026-08-03 10:38:42.238563+00;41.1576;46.41806
osm-8927317170;ივრისპირის შუა საუკუნეების ნაქალაქარი;კახეთი;culture;ნანგრევები;"[""ნანგრევები"",""კახეთი""]";true;true;4.4;ნანგრევები — კახეთი.;{};92.17;92.98;2026-08-03 10:38:42.238563+00;41.18604;46.25966
osm-9246568456;ზემო ალვანის სასახლე;კახეთი;culture;ნანგრევები;"[""ნანგრევები"",""კახეთი""]";true;true;4.4;ნანგრევები — კახეთი.;{};78.65;60.86;2026-08-03 10:38:42.238563+00;42.03721;45.32671
osm-9318373338;შატო უფლისციხე;შიდა ქართლი;culture;ციხე;"[""ციხე"",""შიდა ქართლი""]";true;true;4.4;ციხე — შიდა ქართლი.;{};61.87;63.66;2026-08-03 10:38:42.238563+00;41.96293;44.16897
osm-9365035822;ბერიქალის ციხის ნარჩენები;ქვემო ქართლი;culture;ციხე;"[""ციხე"",""ქვემო ქართლი""]";true;true;4.4;ციხე — ქვემო ქართლი.;{};65.02;81.86;2026-08-03 10:38:42.238563+00;41.48081;44.38646
osm-9370740704;მერეს ციხე (გალავნიანი კოშკი);მცხეთა-მთიანეთი;culture;ციხე;"[""ციხე"",""მცხეთა-მთიანეთი""]";false;false;4.9;ციხე — მცხეთა-მთიანეთი.;{};69.45;51.17;2026-08-03 10:38:42.238563+00;42.29395;44.69195
osm-9414716792;ჭანდრის კომპლექსი;ქვემო ქართლი;culture;არქეოლოგიური ძეგლი;"[""არქეოლოგიური ძეგლი"",""ქვემო ქართლი""]";true;true;4.4;არქეოლოგიური ძეგლი — ქვემო ქართლი.;{};66.40;81.09;2026-08-03 10:38:42.238563+00;41.50101;44.48143
osm-9488832763;ვეძისხევის კოშკი I;კახეთი;culture;ნანგრევები;"[""ნანგრევები"",""კახეთი""]";true;true;4.4;ნანგრევები — კახეთი.;{};84.61;61.58;2026-08-03 10:38:42.238563+00;42.01813;45.73786
osm-9526852748;ფოლადაურის გერმანული ფოლადის სადნობი ღუმელები;ქვემო ქართლი;culture;ნანგრევები;"[""ნანგრევები"",""ქვემო ქართლი""]";true;true;4.4;ნანგრევები — ქვემო ქართლი.;{};66.73;87.44;2026-08-03 10:38:42.238563+00;41.33292;44.50425
osm-9743821017;პანკისის (თორღვა პანკელის, მაღრაანის) ციხე;კახეთი;culture;ციხე;"[""ციხე"",""კახეთი""]";true;true;4.4;ციხე — კახეთი.;{};79.05;56.98;2026-08-03 10:38:42.238563+00;42.14016;45.35475
osm-9757654975;არგოხის კოშკი;კახეთი;culture;ციხე;"[""ციხე"",""კახეთი""]";true;true;4.4;ციხე — კახეთი.;{};79.55;58.16;2026-08-03 10:38:42.238563+00;42.10883;45.38917
osm-9776907854;ჯოყოლოს კვირაცხოვლის ეკლესია;კახეთი;culture;ნანგრევები;"[""ნანგრევები"",""კახეთი""]";false;false;4.9;ნანგრევები — კახეთი.;{};78.19;56.04;2026-08-03 10:38:42.238563+00;42.16488;45.29487
osm-9949588360;კლიკიჯვრის ტყვეთა ბაზარი;შიდა ქართლი;culture;ნანგრევები;"[""ნანგრევები"",""შიდა ქართლი""]";true;true;4.4;ნანგრევები — შიდა ქართლი.;{};59.28;69.77;2026-08-03 10:38:42.238563+00;41.80121;43.99027
osm-9952917059;დიდი (გაღმა) წერეთის ცილინდრული კოშკი;შიდა ქართლი;culture;ნანგრევები;"[""ნანგრევები"",""შიდა ქართლი""]";true;true;4.4;ნანგრევები — შიდა ქართლი.;{};59.77;69.16;2026-08-03 10:38:42.238563+00;41.81734;44.02435
osm-9952932218;დიდი (გაღმა) წერეთის პირამიდული კოშკი;შიდა ქართლი;culture;ნანგრევები;"[""ნანგრევები"",""შიდა ქართლი""]";true;true;4.4;ნანგრევები — შიდა ქართლი.;{};59.73;69.20;2026-08-03 10:38:42.238563+00;41.81619;44.02111
osm-9982271453;მატნის კოშკის ნანგრევები;თბილისი;culture;ნანგრევები;"[""ნანგრევები"",""თბილისი""]";true;true;4.4;ნანგრევები — თბილისი.;{};76.28;60.01;2026-08-03 10:38:42.238563+00;42.05964;45.1635
osm-9989053009;ციხისძირის განძის წმ.გიორგის კოშკი;მცხეთა-მთიანეთი;culture;ნანგრევები;"[""ნანგრევები"",""მცხეთა-მთიანეთი""]";true;true;4.4;ნანგრევები — მცხეთა-მთიანეთი.;{};69.22;55.19;2026-08-03 10:38:42.238563+00;42.18749;44.67621
osm-9989094307;ციხისძირის გოდოლი (კოშკი);მცხეთა-მთიანეთი;culture;ნანგრევები;"[""ნანგრევები"",""მცხეთა-მთიანეთი""]";true;true;4.4;ნანგრევები — მცხეთა-მთიანეთი.;{};69.28;55.21;2026-08-03 10:38:42.238563+00;42.18682;44.68059
osm-9989155990;"ქვეშის ""დამწვარი საყდარი""";შიდა ქართლი;culture;ნანგრევები;"[""ნანგრევები"",""შიდა ქართლი""]";true;true;4.4;ნანგრევები — შიდა ქართლი.;{};61.33;56.46;2026-08-03 10:38:42.238563+00;42.15369;44.13195
osm-9989275687;დარბაზის ნაბინავარის ციხე;მცხეთა-მთიანეთი;culture;ციხე;"[""ციხე"",""მცხეთა-მთიანეთი""]";true;true;4.4;ციხე — მცხეთა-მთიანეთი.;{};75.66;54.20;2026-08-03 10:38:42.238563+00;42.21368;45.12086
osm-10006704156;ბარბარეული ნანგრევები;კახეთი;culture;ნანგრევები;"[""ნანგრევები"",""კახეთი""]";true;true;4.4;ნანგრევები — კახეთი.;{};79.97;65.25;2026-08-03 10:38:42.238563+00;41.92087;45.41827
osm-10006704157;ბარბარეული ნანგრევები #2;კახეთი;culture;ნანგრევები;"[""ნანგრევები"",""კახეთი""]";true;true;4.4;ნანგრევები — კახეთი.;{};79.98;65.25;2026-08-03 10:38:42.238563+00;41.92096;45.41842
osm-10020940007;ლორთქიფანიძის ციხის ნანგრევები გვაშტიბში;იმერეთი;culture;ციხე;"[""ციხე"",""იმერეთი""]";true;true;4.4;ციხე — იმერეთი.;{};38.40;46.58;2026-08-03 10:38:42.238563+00;42.41561;42.54992
osm-10126578561;თავკაპიწას არქიტექტურული კომპლექსი;თბილისი;culture;მონასტერი;"[""მონასტერი"",""თბილისი""]";true;true;4.4;მონასტერი — თბილისი.;{};66.78;69.08;2026-08-03 10:38:42.238563+00;41.81949;44.5077
osm-10142253325;ბერიქალის (აკაურთას) ციხე;ქვემო ქართლი;culture;ნანგრევები;"[""ნანგრევები"",""ქვემო ქართლი""]";true;true;4.4;ნანგრევები — ქვემო ქართლი.;{};65.63;81.87;2026-08-03 10:38:42.238563+00;41.48055;44.42848
osm-10220039352;ცხრამუხის კოშკი;შიდა ქართლი;culture;ციხე;"[""ციხე"",""შიდა ქართლი""]";true;true;4.4;ციხე — შიდა ქართლი.;{};53.34;63.16;2026-08-03 10:38:42.238563+00;41.97619;43.58031
osm-10271532764;შუბაშიანთ კვირაცხოვლის სტელები;ქვემო ქართლი;culture;ნანგრევები;"[""ნანგრევები"",""ქვემო ქართლი""]";true;true;4.4;ნანგრევები — ქვემო ქართლი.;{};61.73;81.15;2026-08-03 10:38:42.238563+00;41.49962;44.15948
osm-10606396478;რუსიანის ციხე ეკლესიით (ნანაგრევები);თბილისი;culture;ნანგრევები;"[""ნანგრევები"",""თბილისი""]";true;true;4.4;ნანგრევები — თბილისი.;{};77.20;66.90;2026-08-03 10:38:42.238563+00;41.87722;45.22673
osm-10606606168;სენაკი;მცხეთა-მთიანეთი;culture;ნანგრევები;"[""ნანგრევები"",""მცხეთა-მთიანეთი""]";true;true;4.4;ნანგრევები — მცხეთა-მთიანეთი.;{};67.54;61.72;2026-08-03 10:38:42.238563+00;42.01431;44.56008
osm-10616785423;ნასოფლარი ზედა თმოგვი;სამცხე-ჯავახეთი;culture;ნანგრევები;"[""ნანგრევები"",""სამცხე-ჯავახეთი""]";true;true;4.4;ნანგრევები — სამცხე-ჯავახეთი.;{};49.04;84.73;2026-08-03 10:38:42.238563+00;41.40477;43.28399
osm-10649722447;ნასოფლარ სიქიშხანის ციხე-კოშკი;ქვემო ქართლი;culture;ნანგრევები;"[""ნანგრევები"",""ქვემო ქართლი""]";true;true;4.4;ნანგრევები — ქვემო ქართლი.;{};64.08;88.47;2026-08-03 10:38:42.238563+00;41.3056;44.32128
osm-10665157045;ყარაულაანთ ციხე;კახეთი;culture;ნანგრევები;"[""ნანგრევები"",""კახეთი""]";true;true;4.4;ნანგრევები — კახეთი.;{};80.30;64.62;2026-08-03 10:38:42.238563+00;41.93747;45.44101
osm-10665545199;ვარდისუბნის საცხოვრებელი კომპლექსი კოშკით;კახეთი;culture;ნანგრევები;"[""ნანგრევები"",""კახეთი""]";true;true;4.4;ნანგრევები — კახეთი.;{};80.22;65.23;2026-08-03 10:38:42.238563+00;41.92146;45.43543
osm-10684039924;აბაშის ციხე;კახეთი;culture;ნანგრევები;"[""ნანგრევები"",""კახეთი""]";true;true;4.4;ნანგრევები — კახეთი.;{};86.43;61.93;2026-08-03 10:38:42.238563+00;42.00876;45.86362
osm-10688410810;შუაფხოს  იახსარის ხატი;მცხეთა-მთიანეთი;culture;ნანგრევები;"[""ნანგრევები"",""მცხეთა-მთიანეთი""]";true;true;4.4;ნანგრევები — მცხეთა-მთიანეთი.;{};73.83;46.47;2026-08-03 10:38:42.238563+00;42.4185;44.99439
osm-10688839194;ვეძისხევის კოშკი II;კახეთი;culture;ნანგრევები;"[""ნანგრევები"",""კახეთი""]";true;true;4.4;ნანგრევები — კახეთი.;{};84.76;61.56;2026-08-03 10:38:42.238563+00;42.01864;45.74858
osm-10689156510;ველისციხის ციხე-დარბაზი;კახეთი;culture;ნანგრევები;"[""ნანგრევები"",""კახეთი""]";true;true;4.4;ნანგრევები — კახეთი.;{};84.90;69.47;2026-08-03 10:38:42.238563+00;41.80916;45.7579
osm-10693194847;სამლოცველოს ნანგრევები;სამცხე-ჯავახეთი;culture;ნანგრევები;"[""ნანგრევები"",""სამცხე-ჯავახეთი""]";true;true;4.4;ნანგრევები — სამცხე-ჯავახეთი.;{};50.97;85.26;2026-08-03 10:38:42.238563+00;41.39053;43.4172
osm-10694691770;ბაღდათის( თხმელის) ციხე (ნანაგრევები);იმერეთი;culture;ნანგრევები;"[""ნანგრევები"",""იმერეთი""]";false;false;4.9;ნანგრევები — იმერეთი.;{};42.46;59.83;2026-08-03 10:38:42.238563+00;42.06453;42.82958
osm-10704929857;"ციხის ნანგრევები ""ციხის წყარო""";იმერეთი;culture;ნანგრევები;"[""ნანგრევები"",""იმერეთი""]";true;true;4.4;ნანგრევები — იმერეთი.;{};44.83;51.58;2026-08-03 10:38:42.238563+00;42.28326;42.99306
osm-10704929886;"გოგნის ნანგრევი ""სასახლეები""";იმერეთი;culture;ნანგრევები;"[""ნანგრევები"",""იმერეთი""]";true;true;4.4;ნანგრევები — იმერეთი.;{};44.82;51.60;2026-08-03 10:38:42.238563+00;42.28256;42.99261
osm-10717439604;ნაეკლესიარი;სამცხე-ჯავახეთი;culture;ნანგრევები;"[""ნანგრევები"",""სამცხე-ჯავახეთი""]";true;true;4.4;ნანგრევები — სამცხე-ჯავახეთი.;{};47.35;72.71;2026-08-03 10:38:42.238563+00;41.72328;43.16698
osm-10733154274;ნასოფლარ თალას ეკლესია (ნანგრევები);ქვემო ქართლი;culture;ნანგრევები;"[""ნანგრევები"",""ქვემო ქართლი""]";true;true;4.4;ნანგრევები — ქვემო ქართლი.;{};66.39;86.94;2026-08-03 10:38:42.238563+00;41.34601;44.48084
osm-10735924148;პატარა გონდრიოს ციკლოპური ციხე;სამცხე-ჯავახეთი;culture;ნანგრევები;"[""ნანგრევები"",""სამცხე-ჯავახეთი""]";true;true;4.4;ნანგრევები — სამცხე-ჯავახეთი.;{};51.31;88.60;2026-08-03 10:38:42.238563+00;41.30211;43.44059
osm-10742299149;თოკის ციხე;სამცხე-ჯავახეთი;culture;ნანგრევები;"[""ნანგრევები"",""სამცხე-ჯავახეთი""]";true;true;4.4;ნანგრევები — სამცხე-ჯავახეთი.;{};50.45;81.59;2026-08-03 10:38:42.238563+00;41.48793;43.38104
osm-10744725255;ხარო;სამცხე-ჯავახეთი;culture;ნანგრევები;"[""ნანგრევები"",""სამცხე-ჯავახეთი""]";true;true;4.4;ნანგრევები — სამცხე-ჯავახეთი.;{};50.06;84.12;2026-08-03 10:38:42.238563+00;41.42093;43.35381
osm-10773307957;"კურსების ""გოგოლაშვილების"" კოშკი (ნანგრევები)";იმერეთი;culture;ნანგრევები;"[""ნანგრევები"",""იმერეთი""]";true;true;4.4;ნანგრევები — იმერეთი.;{};41.92;50.80;2026-08-03 10:38:42.238563+00;42.30386;42.79233
osm-10774078785;ბერეკაშვილების კოშკი კურსებში;იმერეთი;culture;ნანგრევები;"[""ნანგრევები"",""იმერეთი""]";true;true;4.4;ნანგრევები — იმერეთი.;{};41.63;50.36;2026-08-03 10:38:42.238563+00;42.31544;42.77246
osm-10776566639;"მუხურის ციხე ""შეუპოვარი"" მუხურის ციხე";იმერეთი;culture;ნანგრევები;"[""ნანგრევები"",""იმერეთი""]";true;true;4.4;ნანგრევები — იმერეთი.;{};45.85;49.21;2026-08-03 10:38:42.238563+00;42.34596;43.06335
osm-10783298470;კლდისუბნის ღვთისმშობლის ეკლესია;რაჭა-ლეჩხუმი;culture;ეკლესია;"[""ეკლესია"",""რაჭა-ლეჩხუმი""]";true;true;4.4;ეკლესია — რაჭა-ლეჩხუმი.;{};46.56;41.28;2026-08-03 10:38:42.238563+00;42.55611;43.1125
osm-10785556249;"ციხე-სიმაგრე ""უწვაში""";რაჭა-ლეჩხუმი;culture;ნანგრევები;"[""ნანგრევები"",""რაჭა-ლეჩხუმი""]";true;true;4.4;ნანგრევები — რაჭა-ლეჩხუმი.;{};41.47;42.20;2026-08-03 10:38:42.238563+00;42.53178;42.76163
osm-10794094369;ნასოფლარი ნახიდური (არუხლო);ქვემო ქართლი;culture;ნანგრევები;"[""ნანგრევები"",""ქვემო ქართლი""]";true;true;4.4;ნანგრევები — ქვემო ქართლი.;{};69.46;81.97;2026-08-03 10:38:42.238563+00;41.4777;44.69292
osm-10827900142;"თოკის ნაგებობა, ""სასახლე""";სამცხე-ჯავახეთი;culture;ნანგრევები;"[""ნანგრევები"",""სამცხე-ჯავახეთი""]";true;true;4.4;ნანგრევები — სამცხე-ჯავახეთი.;{};50.45;81.61;2026-08-03 10:38:42.238563+00;41.48737;43.38096
osm-10829929090;ჭარალის ციხე-კოშკი;სამცხე-ჯავახეთი;culture;ნანგრევები;"[""ნანგრევები"",""სამცხე-ჯავახეთი""]";true;true;4.4;ნანგრევები — სამცხე-ჯავახეთი.;{};42.69;79.26;2026-08-03 10:38:42.238563+00;41.54966;42.84576
osm-10830439497;არჯულის დარანები;სამცხე-ჯავახეთი;culture;ნანგრევები;"[""ნანგრევები"",""სამცხე-ჯავახეთი""]";true;true;4.4;ნანგრევები — სამცხე-ჯავახეთი.;{};44.87;77.50;2026-08-03 10:38:42.238563+00;41.59626;42.99628
osm-10830839857;ნასოფლარ თალას (დემირ-სუს) პატარა ეკლესია (ნანაგრევები);ქვემო ქართლი;culture;ნანგრევები;"[""ნანგრევები"",""ქვემო ქართლი""]";true;true;4.4;ნანგრევები — ქვემო ქართლი.;{};66.50;86.72;2026-08-03 10:38:42.238563+00;41.35194;44.48882
osm-10847199385;ბალიჭის მავზოლეუმი(ნანაგრევები);ქვემო ქართლი;culture;ნანგრევები;"[""ნანგრევები"",""ქვემო ქართლი""]";true;true;4.4;ნანგრევები — ქვემო ქართლი.;{};65.26;86.19;2026-08-03 10:38:42.238563+00;41.36593;44.40304
osm-10847445316;”აბულბუგის”/ აბულმუგის აბანო (ნანაგრევები);ქვემო ქართლი;culture;ნანგრევები;"[""ნანგრევები"",""ქვემო ქართლი""]";true;true;4.4;ნანგრევები — ქვემო ქართლი.;{};64.94;86.01;2026-08-03 10:38:42.238563+00;41.37074;44.38057
osm-10847711005;საკულტო ნაგებობა (ნანგრევები);ქვემო ქართლი;culture;ნანგრევები;"[""ნანგრევები"",""ქვემო ქართლი""]";true;true;4.4;ნანგრევები — ქვემო ქართლი.;{};64.85;85.51;2026-08-03 10:38:42.238563+00;41.38396;44.37487
osm-10856721497;ნადარბაზევი;ქვემო ქართლი;culture;ნანგრევები;"[""ნანგრევები"",""ქვემო ქართლი""]";true;true;4.4;ნანგრევები — ქვემო ქართლი.;{};66.76;87.30;2026-08-03 10:38:42.238563+00;41.33668;44.50675
osm-10862322152;ეკლესიის ნაშთი;ქვემო ქართლი;culture;ნანგრევები;"[""ნანგრევები"",""ქვემო ქართლი""]";true;true;4.4;ნანგრევები — ქვემო ქართლი.;{};66.44;87.81;2026-08-03 10:38:42.238563+00;41.32309;44.48437
osm-10893464299;თომა ციციშვილის სასახლე (ნანგრევები);შიდა ქართლი;culture;ნანგრევები;"[""ნანგრევები"",""შიდა ქართლი""]";true;true;4.4;ნანგრევები — შიდა ქართლი.;{};54.76;62.97;2026-08-03 10:38:42.238563+00;41.98141;43.67863
osm-10929819723;დანგრეული კოშკი;შიდა ქართლი;culture;ნანგრევები;"[""ნანგრევები"",""შიდა ქართლი""]";true;true;4.4;ნანგრევები — შიდა ქართლი.;{};60.33;53.73;2026-08-03 10:38:42.238563+00;42.22614;44.06302
osm-10930029278;ჟურულ-მაქარაშვილთა საცხოვრებელი სახლი (ნანგრევები);შიდა ქართლი;culture;ნანგრევები;"[""ნანგრევები"",""შიდა ქართლი""]";true;true;4.4;ნანგრევები — შიდა ქართლი.;{};60.35;53.71;2026-08-03 10:38:42.238563+00;42.22662;44.06389
osm-10957518514;ქვედა თხილვანის მენჰირი;გურია;culture;ნანგრევები;"[""ნანგრევები"",""გურია""]";true;true;4.4;ნანგრევები — გურია.;{};37.95;79.21;2026-08-03 10:38:42.238563+00;41.55093;42.51845
osm-10963972606;მეგალითური ნაგებობები;ქვემო ქართლი;culture;ნანგრევები;"[""ნანგრევები"",""ქვემო ქართლი""]";true;true;4.4;ნანგრევები — ქვემო ქართლი.;{};64.08;75.39;2026-08-03 10:38:42.238563+00;41.65221;44.32171
osm-10966201566;ახჩიის გამოქვაბულები;სამცხე-ჯავახეთი;culture;ნანგრევები;"[""ნანგრევები"",""სამცხე-ჯავახეთი""]";true;true;4.4;ნანგრევები — სამცხე-ჯავახეთი.;{};48.62;86.89;2026-08-03 10:38:42.238563+00;41.34737;43.25459
osm-10992576814;კოშკის ნანგრევები;შიდა ქართლი;culture;ნანგრევები;"[""ნანგრევები"",""შიდა ქართლი""]";true;true;4.4;ნანგრევები — შიდა ქართლი.;{};55.94;64.15;2026-08-03 10:38:42.238563+00;41.9499;43.76009
osm-10992622605;ორთუბნის ( მძოვრეთის) ციციშვილების აბანო (ნანგრევები);შიდა ქართლი;culture;ნანგრევები;"[""ნანგრევები"",""შიდა ქართლი""]";true;true;4.4;ნანგრევები — შიდა ქართლი.;{};55.89;64.04;2026-08-03 10:38:42.238563+00;41.95286;43.75672
osm-11006137063;კოშკი (ნანგრევები);შიდა ქართლი;culture;ნანგრევები;"[""ნანგრევები"",""შიდა ქართლი""]";true;true;4.4;ნანგრევები — შიდა ქართლი.;{};51.98;63.37;2026-08-03 10:38:42.238563+00;41.97058;43.48633
osm-11021726174;საცივი მარანი;კახეთი;culture;ნანგრევები;"[""ნანგრევები"",""კახეთი""]";true;true;4.4;ნანგრევები — კახეთი.;{};80.34;71.60;2026-08-03 10:38:42.238563+00;41.75262;45.44375
osm-11037509329;სათხის ციხე-სიმაგრე “იშიყალა”;სამცხე-ჯავახეთი;culture;ნანგრევები;"[""ნანგრევები"",""სამცხე-ჯავახეთი""]";true;true;4.4;ნანგრევები — სამცხე-ჯავახეთი.;{};54.49;89.20;2026-08-03 10:38:42.238563+00;41.28611;43.65948
osm-11049932368;საყდარი (ნანგრევები);კახეთი;culture;ნანგრევები;"[""ნანგრევები"",""კახეთი""]";true;true;4.4;ნანგრევები — კახეთი.;{};88.16;64.14;2026-08-03 10:38:42.238563+00;41.95023;45.98303
osm-11073791549;ხულგუმოს სასაფლაო, ნაეკლესიარი და სტელის ნატეხი;სამცხე-ჯავახეთი;culture;ნანგრევები;"[""ნანგრევები"",""სამცხე-ჯავახეთი""]";true;true;4.4;ნანგრევები — სამცხე-ჯავახეთი.;{};52.09;84.43;2026-08-03 10:38:42.238563+00;41.41258;43.49432
osm-11078857201;ნასოფლარი ხოირეთი(ქორეთი);შიდა ქართლი;culture;ნანგრევები;"[""ნანგრევები"",""შიდა ქართლი""]";true;true;4.4;ნანგრევები — შიდა ქართლი.;{};57.95;74.54;2026-08-03 10:38:42.238563+00;41.67478;43.89828
osm-11096708996;სიყვარულის ციხე;კახეთი;culture;ციხე;"[""ციხე"",""კახეთი""]";true;true;4.4;ციხე — კახეთი.;{};83.24;48.30;2026-08-03 10:38:42.238563+00;42.37017;45.64328
osm-11109926360;ციხე-კოშკის ნანგრევები ბუბის ჯვართან;რაჭა-ლეჩხუმი;culture;ნანგრევები;"[""ნანგრევები"",""რაჭა-ლეჩხუმი""]";true;true;4.4;ნანგრევები — რაჭა-ლეჩხუმი.;{};54.99;35.37;2026-08-03 10:38:42.238563+00;42.71272;43.69451
osm-11125915786;კვირიას / არხალის კომპლექსის სასახლე (ციხე-სახლი );მცხეთა-მთიანეთი;culture;ნანგრევები;"[""ნანგრევები"",""მცხეთა-მთიანეთი""]";true;true;4.4;ნანგრევები — მცხეთა-მთიანეთი.;{};73.80;55.89;2026-08-03 10:38:42.238563+00;42.16899;44.99197
osm-11170597168;ყაზმის( ახაშენის )კოშკი;სამცხე-ჯავახეთი;culture;ნანგრევები;"[""ნანგრევები"",""სამცხე-ჯავახეთი""]";true;true;4.4;ნანგრევები — სამცხე-ჯავახეთი.;{};47.92;77.09;2026-08-03 10:38:42.238563+00;41.60716;43.20654
osm-11179567922;საყდრიონის (ყ.ედიქილისა) ქარვასლა / სასახლე (ნანგრევები);შიდა ქართლი;culture;ნანგრევები;"[""ნანგრევები"",""შიდა ქართლი""]";true;true;4.4;ნანგრევები — შიდა ქართლი.;{};58.35;77.72;2026-08-03 10:38:42.238563+00;41.59054;43.92632
osm-11202598195;უზუნ კალა (მაღალი ციხე) (ნანგრევები);ქვემო ქართლი;culture;ნანგრევები;"[""ნანგრევები"",""ქვემო ქართლი""]";true;true;4.4;ნანგრევები — ქვემო ქართლი.;{};66.94;84.87;2026-08-03 10:38:42.238563+00;41.40084;44.51892
osm-11336779760;ქარჩოხის ციხე (ცხმორის ციხე);მცხეთა-მთიანეთი;culture;ციხე;"[""ციხე"",""მცხეთა-მთიანეთი""]";true;true;4.4;ციხე — მცხეთა-მთიანეთი.;{};66.49;47.96;2026-08-03 10:38:42.238563+00;42.37903;44.4876
osm-11381964173;საზანოს ციხე;იმერეთი;culture;ციხე;"[""ციხე"",""იმერეთი""]";true;true;4.4;ციხე — იმერეთი.;{};46.20;55.20;2026-08-03 10:38:42.238563+00;42.18733;43.08749
osm-11393143451;ლიხაურის ციხე (თამარის ციხე, ჭანიეთის ციხე);გურია;culture;ციხე;"[""ციხე"",""გურია""]";true;true;4.4;ციხე — გურია.;{};30.38;67.10;2026-08-03 10:38:42.238563+00;41.87176;41.99638
osm-11406368435;ოთის ციხე-სიმაგრე;სამცხე-ჯავახეთი;culture;ციხე;"[""ციხე"",""სამცხე-ჯავახეთი""]";true;true;4.4;ციხე — სამცხე-ჯავახეთი.;{};49.33;76.57;2026-08-03 10:38:42.238563+00;41.62083;43.30387
osm-11406382030;ჩიტიკიბეს ციხე-სიმაგრე;სამცხე-ჯავახეთი;culture;ციხე;"[""ციხე"",""სამცხე-ჯავახეთი""]";true;true;4.4;ციხე — სამცხე-ჯავახეთი.;{};48.77;74.95;2026-08-03 10:38:42.238563+00;41.66375;43.26481
osm-11432307194;გეგელიძეების კოშკი (ნანგრევები);აჭარა;culture;ნანგრევები;"[""ნანგრევები"",""აჭარა""]";true;true;4.4;ნანგრევები — აჭარა.;{};31.53;75.76;2026-08-03 10:38:42.238563+00;41.64228;42.07542
osm-11432353307;კავიანის (ხიჭაურის) ციხე;აჭარა;culture;ნანგრევები;"[""ნანგრევები"",""აჭარა""]";true;true;4.4;ნანგრევები — აჭარა.;{};32.32;75.79;2026-08-03 10:38:42.238563+00;41.64145;42.12995
osm-11432719633;ცხმორისის ხიდის ნანგრევები;აჭარა;culture;ნანგრევები;"[""ნანგრევები"",""აჭარა""]";true;true;4.4;ნანგრევები — აჭარა.;{};31.14;75.62;2026-08-03 10:38:42.238563+00;41.64605;42.04836
osm-11465741023;თევრეშოს ციხის ნანგრევი;რაჭა-ლეჩხუმი;culture;ციხე;"[""ციხე"",""რაჭა-ლეჩხუმი""]";true;true;4.4;ციხე — რაჭა-ლეჩხუმი.;{};51.71;32.61;2026-08-03 10:38:42.238563+00;42.78582;43.46817
osm-7110167671;ვანთის ქვაბების კომპლექსი;კახეთი;nature;მღვიმე;"[""მღვიმე"",""კახეთი""]";true;true;4.4;მღვიმე — კახეთი.;{};82.09;68.24;2026-08-03 10:38:42.238563+00;41.84163;45.56437
osm-12005920469;ახალდაბის კოშკი;სამცხე-ჯავახეთი;culture;ნანგრევები;"[""ნანგრევები"",""სამცხე-ჯავახეთი""]";true;true;4.4;ნანგრევები — სამცხე-ჯავახეთი.;{};51.94;64.82;2026-08-03 10:38:42.238563+00;41.93215;43.4836
osm-12520773558;არშის ციხე;მცხეთა-მთიანეთი;culture;ციხე;"[""ციხე"",""მცხეთა-მთიანეთი""]";false;false;4.9;ციხე — მცხეთა-მთიანეთი.;{};68.11;38.43;2026-08-03 10:38:42.238563+00;42.63173;44.5993
osm-12521431078;ბარბაწმინდა;შიდა ქართლი;culture;ნანგრევები;"[""ნანგრევები"",""შიდა ქართლი""]";true;true;4.4;ნანგრევები — შიდა ქართლი.;{};52.36;55.27;2026-08-03 10:38:42.238563+00;42.18522;43.51261
osm-12878428997;ელგუჯას ციხე;მცხეთა-მთიანეთი;culture;ციხე;"[""ციხე"",""მცხეთა-მთიანეთი""]";true;true;4.4;ციხე — მცხეთა-მთიანეთი.;{};67.03;45.65;2026-08-03 10:38:42.238563+00;42.44017;44.52508
osm-13333344625;გორულის ნაქალაქარის კოშკი;ქვემო ქართლი;culture;ციხე;"[""ციხე"",""ქვემო ქართლი""]";true;true;4.4;ციხე — ქვემო ქართლი.;{};68.80;89.57;2026-08-03 10:38:42.238563+00;41.27628;44.64728
osm-13568326057;ტყემლიანის ნასოფლარი;ქვემო ქართლი;culture;არქეოლოგიური ძეგლი;"[""არქეოლოგიური ძეგლი"",""ქვემო ქართლი""]";true;true;4.4;არქეოლოგიური ძეგლი — ქვემო ქართლი.;{};62.03;79.43;2026-08-03 10:38:42.238563+00;41.54521;44.18021
osm-13616841434;ეკლესია (ნანგრევები);თბილისი;culture;ნანგრევები;"[""ნანგრევები"",""თბილისი""]";true;true;4.4;ნანგრევები — თბილისი.;{};77.33;70.03;2026-08-03 10:38:42.238563+00;41.79431;45.23562
osm-13711892305;აბანო;თბილისი;culture;ნანგრევები;"[""ნანგრევები"",""თბილისი""]";true;true;4.4;ნანგრევები — თბილისი.;{};69.87;68.41;2026-08-03 10:38:42.238563+00;41.83709;44.72127
osm-13749873655;ბარალეთის ბორცვი;სამცხე-ჯავახეთი;culture;არქეოლოგიური ძეგლი;"[""არქეოლოგიური ძეგლი"",""სამცხე-ჯავახეთი""]";true;true;4.4;არქეოლოგიური ძეგლი — სამცხე-ჯავახეთი.;{};52.02;79.49;2026-08-03 10:38:42.238563+00;41.54357;43.48952
osm-13767159701;ზედა საყდარი (სახტარი);რაჭა-ლეჩხუმი;culture;ნანგრევები;"[""ნანგრევები"",""რაჭა-ლეჩხუმი""]";true;true;4.4;ნანგრევები — რაჭა-ლეჩხუმი.;{};43.70;42.22;2026-08-03 10:38:42.238563+00;42.5312;42.91544
osm-4382992989;ბეთლემის ღვთისმშობლის სახელობის გამოქვაბული;თბილისი;nature;მღვიმე;"[""მღვიმე"",""თბილისი""]";true;true;4.4;მღვიმე — თბილისი.;{};69.86;68.34;2026-08-03 10:38:42.238563+00;41.839;44.72033
osm-4436120389;უშოლთას (განჯარეული) მღვიმე;რაჭა-ლეჩხუმი;nature;მღვიმე;"[""მღვიმე"",""რაჭა-ლეჩხუმი""]";true;true;4.4;მღვიმე — რაჭა-ლეჩხუმი.;{};50.54;43.43;2026-08-03 10:38:42.238563+00;42.49913;43.38698
osm-4881941921;ცახის მღვიმე;რაჭა-ლეჩხუმი;nature;მღვიმე;"[""მღვიმე"",""რაჭა-ლეჩხუმი""]";true;true;4.4;მღვიმე — რაჭა-ლეჩხუმი.;{};43.66;42.55;2026-08-03 10:38:42.238563+00;42.5223;42.9123
osm-5499968321;კრუბერის გამოქვაბული;სამეგრელო;nature;მღვიმე;"[""მღვიმე"",""სამეგრელო""]";true;true;4.4;მღვიმე — სამეგრელო.;{};6.70;9.07;2026-08-03 10:38:42.238563+00;43.40976;40.36218
osm-5749610548;ბერების კლდე;სამცხე-ჯავახეთი;nature;მღვიმე;"[""მღვიმე"",""სამცხე-ჯავახეთი""]";true;true;4.4;მღვიმე — სამცხე-ჯავახეთი.;{};50.81;64.31;2026-08-03 10:38:42.238563+00;41.94572;43.40613
osm-5877980957;სამსარის ქარიანი ხვრელი;სამცხე-ჯავახეთი;nature;მღვიმე;"[""მღვიმე"",""სამცხე-ჯავახეთი""]";true;true;4.4;მღვიმე — სამცხე-ჯავახეთი.;{};54.57;78.12;2026-08-03 10:38:42.238563+00;41.57975;43.66547
osm-6904668726;გვირაბის გამოქვაბული;იმერეთი;nature;მღვიმე;"[""მღვიმე"",""იმერეთი""]";true;true;4.4;მღვიმე — იმერეთი.;{};39.19;49.21;2026-08-03 10:38:42.238563+00;42.34581;42.604
osm-1132505599;ბუხრის გამოქვაბული;იმერეთი;nature;მღვიმე;"[""მღვიმე"",""იმერეთი""]";false;false;4.8;მღვიმე — იმერეთი.;{};39.2;49.39;2026-08-03 10:38:42.238563+00;42.3410996;42.6047891
osm-1132505753;ორპირი;იმერეთი;nature;მღვიმე;"[""მღვიმე"",""იმერეთი""]";false;false;4.8;მღვიმე — იმერეთი.;{};39.16;48.02;2026-08-03 10:38:42.238563+00;42.3775694;42.6020002
osm-2525166823;კარსტული მდინარე შარეულას სათავე;რაჭა-ლეჩხუმი;nature;მღვიმე;"[""მღვიმე"",""რაჭა-ლეჩხუმი""]";false;false;4.8;მღვიმე — რაჭა-ლეჩხუმი.;{};45.91;44.51;2026-08-03 10:38:42.238563+00;42.4704569;43.0680271
osm-8017526585;თეკენთერის კარსტრული ჭა;იმერეთი;nature;მღვიმე;"[""მღვიმე"",""იმერეთი""]";true;true;4.4;მღვიმე — იმერეთი.;{};40.94;42.64;2026-08-03 10:38:42.238563+00;42.51994;42.72508
osm-10787933965;სხვავის საყინულე;რაჭა-ლეჩხუმი;nature;მღვიმე;"[""მღვიმე"",""რაჭა-ლეჩხუმი""]";true;true;4.4;მღვიმე — რაჭა-ლეჩხუმი.;{};48.56;44.22;2026-08-03 10:38:42.238563+00;42.47817;43.25065
osm-10788193896;ორსართულიანი გამოქვაბული;რაჭა-ლეჩხუმი;nature;მღვიმე;"[""მღვიმე"",""რაჭა-ლეჩხუმი""]";true;true;4.4;მღვიმე — რაჭა-ლეჩხუმი.;{};50.74;43.79;2026-08-03 10:38:42.238563+00;42.48945;43.40124
osm-10893912299;თეთრა მღვიმე;იმერეთი;nature;მღვიმე;"[""მღვიმე"",""იმერეთი""]";false;false;4.9;მღვიმე — იმერეთი.;{};39.38;49.82;2026-08-03 10:38:42.238563+00;42.32978;42.61712
osm-10966285462;მირაშხნის გამოქვაბული ქვის კარით;სამცხე-ჯავახეთი;nature;მღვიმე;"[""მღვიმე"",""სამცხე-ჯავახეთი""]";true;true;4.4;მღვიმე — სამცხე-ჯავახეთი.;{};48.68;86.68;2026-08-03 10:38:42.238563+00;41.353;43.25881
osm-11105987479;წოფის მღვიმე;ქვემო ქართლი;nature;მღვიმე;"[""მღვიმე"",""ქვემო ქართლი""]";true;true;4.4;მღვიმე — ქვემო ქართლი.;{};70.10;90.52;2026-08-03 10:38:42.238563+00;41.25128;44.73706
osm-11684591727;გუმბრას გამოქვაბული;იმერეთი;nature;მღვიმე;"[""მღვიმე"",""იმერეთი""]";true;true;4.4;მღვიმე — იმერეთი.;{};39.78;50.49;2026-08-03 10:38:42.238563+00;42.31206;42.6449
osm-12067869655;მელოურის მღვიმე;იმერეთი;nature;მღვიმე;"[""მღვიმე"",""იმერეთი""]";false;false;4.9;მღვიმე — იმერეთი.;{};39.53;47.64;2026-08-03 10:38:42.238563+00;42.38744;42.62785
osm-12209363450;კლდეში გამოკვეთილი მონასტრის საკანი;იმერეთი;nature;მღვიმე;"[""მღვიმე"",""იმერეთი""]";true;true;4.4;მღვიმე — იმერეთი.;{};41.61;51.13;2026-08-03 10:38:42.238563+00;42.29504;42.77141
osm-12209390159;ორთვალას მღვიმე;იმერეთი;nature;მღვიმე;"[""მღვიმე"",""იმერეთი""]";true;true;4.4;მღვიმე — იმერეთი.;{};41.48;51.56;2026-08-03 10:38:42.238563+00;42.28372;42.76184
osm-12385999202;არსენ ოქროჯანაშვილის (ტობა მეორე) მღვიმე;სამეგრელო;nature;მღვიმე;"[""მღვიმე"",""სამეგრელო""]";true;true;4.4;მღვიმე — სამეგრელო.;{};37.04;44.45;2026-08-03 10:38:42.238563+00;42.47201;42.45557
osm-12397531898;ტობა პირველის მღვიმე;სამეგრელო;nature;მღვიმე;"[""მღვიმე"",""სამეგრელო""]";true;true;4.4;მღვიმე — სამეგრელო.;{};37.09;44.23;2026-08-03 10:38:42.238563+00;42.47779;42.45922
osm-12595007407;ბღერის მღვიმე;იმერეთი;nature;მღვიმე;"[""მღვიმე"",""იმერეთი""]";false;false;4.9;მღვიმე — იმერეთი.;{};39.56;47.77;2026-08-03 10:38:42.238563+00;42.38414;42.6298
osm-12595007408;სოლკოტას მღვიმე;იმერეთი;nature;მღვიმე;"[""მღვიმე"",""იმერეთი""]";false;false;4.9;მღვიმე — იმერეთი.;{};39.38;47.58;2026-08-03 10:38:42.238563+00;42.38923;42.61738
osm-12595007409;დიდღელეს მღვიმე;იმერეთი;nature;მღვიმე;"[""მღვიმე"",""იმერეთი""]";false;false;4.9;მღვიმე — იმერეთი.;{};39.55;47.54;2026-08-03 10:38:42.238563+00;42.39014;42.62897
osm-12660399343;საწურბლიას მღვიმე;იმერეთი;nature;მღვიმე;"[""მღვიმე"",""იმერეთი""]";false;false;4.9;მღვიმე — იმერეთი.;{};39.22;47.60;2026-08-03 10:38:42.238563+00;42.38864;42.60605
osm-13256470037;საკაჯიას გამოქვაბული;იმერეთი;nature;მღვიმე;"[""მღვიმე"",""იმერეთი""]";true;true;4.4;მღვიმე — იმერეთი.;{};41.41;51.70;2026-08-03 10:38:42.238563+00;42.27995;42.75732
osm-13276194465;დიუნის გამოქვაბული;იმერეთი;nature;მღვიმე;"[""მღვიმე"",""იმერეთი""]";true;true;4.4;მღვიმე — იმერეთი.;{};44.77;47.21;2026-08-03 10:38:42.238563+00;42.39899;42.98915
osm-13277438245;ალექსის გამოქვაბული;იმერეთი;nature;მღვიმე;"[""მღვიმე"",""იმერეთი""]";true;true;4.4;მღვიმე — იმერეთი.;{};44.57;47.33;2026-08-03 10:38:42.238563+00;42.3958;42.97504
osm-13278064002;ამანიტას სიფონი;იმერეთი;nature;მღვიმე;"[""მღვიმე"",""იმერეთი""]";true;true;4.4;მღვიმე — იმერეთი.;{};44.84;47.27;2026-08-03 10:38:42.238563+00;42.39739;42.99364
osm-13318712302;ხომულის გამოქვაბული;იმერეთი;nature;მღვიმე;"[""მღვიმე"",""იმერეთი""]";true;true;4.4;მღვიმე — იმერეთი.;{};39.64;50.38;2026-08-03 10:38:42.238563+00;42.31485;42.63538
osm-13570682143;წმინდა ნინოს გამოქვაბული;თბილისი;nature;მღვიმე;"[""მღვიმე"",""თბილისი""]";true;true;4.4;მღვიმე — თბილისი.;{};69.23;68.82;2026-08-03 10:38:42.238563+00;41.82636;44.67703
osm-6009215224;აზეულა;თბილისი;nature;მწვერვალი;"[""მწვერვალი"",""თბილისი""]";false;false;4.9;მწვერვალი — თბილისი.;{};69.45;75.83;2026-08-03 10:38:42.238563+00;41.64057;44.69213
osm-6432601100;ანარია;აჭარა;nature;მწვერვალი;"[""მწვერვალი"",""აჭარა""]";false;false;4.9;მწვერვალი — აჭარა.;{};25.63;76.79;2026-08-03 10:38:42.238563+00;41.61498;41.66878
osm-6432601104;არპაზონი;აჭარა;nature;მწვერვალი;"[""მწვერვალი"",""აჭარა""]";false;false;4.9;მწვერვალი — აჭარა.;{};25.85;78.10;2026-08-03 10:38:42.238563+00;41.58036;41.68332
osm-5617754079;არწივისწვერი;მცხეთა-მთიანეთი;nature;მწვერვალი;"[""მწვერვალი"",""მცხეთა-მთიანეთი""]";false;false;4.9;მწვერვალი — მცხეთა-მთიანეთი.;{};68.15;36.42;2026-08-03 10:38:42.238563+00;42.68495;44.60252
osm-5143051104;ახალშენი;აჭარა;nature;მწვერვალი;"[""მწვერვალი"",""აჭარა""]";false;false;4.9;მწვერვალი — აჭარა.;{};26.78;77.27;2026-08-03 10:38:42.238563+00;41.60229;41.74756
osm-5143111681;ბეზონის მტა;აჭარა;nature;მწვერვალი;"[""მწვერვალი"",""აჭარა""]";false;false;4.9;მწვერვალი — აჭარა.;{};28.87;73.13;2026-08-03 10:38:42.238563+00;41.71199;41.89202
osm-5140511588;ბოლოკო;აჭარა;nature;მწვერვალი;"[""მწვერვალი"",""აჭარა""]";false;false;4.9;მწვერვალი — აჭარა.;{};25.19;81.34;2026-08-03 10:38:42.238563+00;41.49449;41.63802
osm-5843823260;ბოხუნჯარა;სამეგრელო;nature;მწვერვალი;"[""მწვერვალი"",""სამეგრელო""]";false;false;4.9;მწვერვალი — სამეგრელო.;{};28.99;27.06;2026-08-03 10:38:42.238563+00;42.93291;41.90038
osm-3704169697;გადრეკილი;გურია;nature;მწვერვალი;"[""მწვერვალი"",""გურია""]";false;false;4.9;მწვერვალი — გურია.;{};35.77;67.91;2026-08-03 10:38:42.238563+00;41.85028;42.36783
osm-11626740419;გვირგვინა;შიდა ქართლი;nature;მწვერვალი;"[""მწვერვალი"",""შიდა ქართლი""]";false;false;4.9;მწვერვალი — შიდა ქართლი.;{};53.17;68.98;2026-08-03 10:38:42.238563+00;41.82198;43.56855
osm-9466755841;გორისთავი;კახეთი;nature;მწვერვალი;"[""მწვერვალი"",""კახეთი""]";false;false;4.9;მწვერვალი — კახეთი.;{};78.02;59.45;2026-08-03 10:38:42.238563+00;42.07447;45.28364
osm-5143107413;დაგვა;აჭარა;nature;მწვერვალი;"[""მწვერვალი"",""აჭარა""]";false;false;4.9;მწვერვალი — აჭარა.;{};28.33;72.86;2026-08-03 10:38:42.238563+00;41.7193;41.85452
osm-11861754563;დალიდაღი;ქვემო ქართლი;nature;მწვერვალი;"[""მწვერვალი"",""ქვემო ქართლი""]";false;false;4.9;მწვერვალი — ქვემო ქართლი.;{};58.68;92.00;2026-08-03 10:38:42.238563+00;41.21195;43.94926
osm-9447849914;დიდ-ასკილიანი;მცხეთა-მთიანეთი;nature;მწვერვალი;"[""მწვერვალი"",""მცხეთა-მთიანეთი""]";false;false;4.9;მწვერვალი — მცხეთა-მთიანეთი.;{};77.13;57.25;2026-08-03 10:38:42.238563+00;42.13281;45.22201
osm-5661208852;დიდგორი;თბილისი;nature;მწვერვალი;"[""მწვერვალი"",""თბილისი""]";false;false;4.9;მწვერვალი — თბილისი.;{};68.95;69.67;2026-08-03 10:38:42.238563+00;41.80371;44.65767
osm-5143008226;დიდი მტირალა;აჭარა;nature;მწვერვალი;"[""მწვერვალი"",""აჭარა""]";false;false;4.9;მწვერვალი — აჭარა.;{};27.86;76.34;2026-08-03 10:38:42.238563+00;41.62693;41.82251
osm-4735766989;ელისერი;კახეთი;nature;მწვერვალი;"[""მწვერვალი"",""კახეთი""]";false;false;4.9;მწვერვალი — კახეთი.;{};85.66;75.06;2026-08-03 10:38:42.238563+00;41.66101;45.81073
osm-11861737996;ემლიქლი;ქვემო ქართლი;nature;მწვერვალი;"[""მწვერვალი"",""ქვემო ქართლი""]";false;false;4.9;მწვერვალი — ქვემო ქართლი.;{};58.32;90.11;2026-08-03 10:38:42.238563+00;41.26208;43.9241
osm-6440978923;ერგე;აჭარა;nature;მწვერვალი;"[""მწვერვალი"",""აჭარა""]";false;false;4.9;მწვერვალი — აჭარა.;{};26.39;77.35;2026-08-03 10:38:42.238563+00;41.60025;41.72085
osm-5495590411;ზაქარიასთავი;თბილისი;nature;მწვერვალი;"[""მწვერვალი"",""თბილისი""]";false;false;4.9;მწვერვალი — თბილისი.;{};72.32;65.45;2026-08-03 10:38:42.238563+00;41.91547;44.89005
osm-11935101310;ზედა სონჩო;მცხეთა-მთიანეთი;nature;მწვერვალი;"[""მწვერვალი"",""მცხეთა-მთიანეთი""]";false;false;4.9;მწვერვალი — მცხეთა-მთიანეთი.;{};67.51;43.81;2026-08-03 10:38:42.238563+00;42.489;44.55802
osm-2103398744;დიდი ბიდარა;მცხეთა-მთიანეთი;nature;მწვერვალი;"[""მწვერვალი"",""მცხეთა-მთიანეთი""]";true;true;4.4;მწვერვალი — მცხეთა-მთიანეთი.;{};66.48;42.9;2026-08-03 10:38:42.238563+00;42.5132236;44.4869447
osm-3704174086;თაგინაური;გურია;nature;მწვერვალი;"[""მწვერვალი"",""გურია""]";false;false;4.9;მწვერვალი — გურია.;{};33.49;70.44;2026-08-03 10:38:42.238563+00;41.78336;42.21054
osm-7859503982;თებოს წყალი;კახეთი;nature;მწვერვალი;"[""მწვერვალი"",""კახეთი""]";false;false;4.9;მწვერვალი — კახეთი.;{};82.29;44.68;2026-08-03 10:38:42.238563+00;42.46611;45.57807
osm-2630983761;თეთნულდი;სვანეთი;nature;მწვერვალი;"[""მწვერვალი"",""სვანეთი""]";false;false;4.9;მწვერვალი — სვანეთი.;{};44.83;23.37;2026-08-03 10:38:42.238563+00;43.03067;42.99329
osm-4717258397;თელეთი;კახეთი;nature;მწვერვალი;"[""მწვერვალი"",""კახეთი""]";false;false;4.9;მწვერვალი — კახეთი.;{};81.80;75.00;2026-08-03 10:38:42.238563+00;41.66258;45.54406
osm-5143091660;თელიათხევი;აჭარა;nature;მწვერვალი;"[""მწვერვალი"",""აჭარა""]";false;false;4.9;მწვერვალი — აჭარა.;{};29.45;72.89;2026-08-03 10:38:42.238563+00;41.71837;41.93239
osm-5461614329;თოლოშა;კახეთი;nature;მწვერვალი;"[""მწვერვალი"",""კახეთი""]";false;false;4.9;მწვერვალი — კახეთი.;{};78.41;53.15;2026-08-03 10:38:42.238563+00;42.24162;45.31022
osm-4158274786;იალნო;თბილისი;nature;მწვერვალი;"[""მწვერვალი"",""თბილისი""]";false;false;4.9;მწვერვალი — თბილისი.;{};75.01;68.13;2026-08-03 10:38:42.238563+00;41.84455;45.07578
osm-5143052467;კავკეტი;აჭარა;nature;მწვერვალი;"[""მწვერვალი"",""აჭარა""]";false;false;4.9;მწვერვალი — აჭარა.;{};27.00;76.72;2026-08-03 10:38:42.238563+00;41.61691;41.7629
osm-4705551583;კასალარი;კახეთი;nature;მწვერვალი;"[""მწვერვალი"",""კახეთი""]";false;false;4.9;მწვერვალი — კახეთი.;{};82.77;73.35;2026-08-03 10:38:42.238563+00;41.70613;45.61091
osm-5617754077;კასარა;მცხეთა-მთიანეთი;nature;მწვერვალი;"[""მწვერვალი"",""მცხეთა-მთიანეთი""]";false;false;4.9;მწვერვალი — მცხეთა-მთიანეთი.;{};65.34;38.94;2026-08-03 10:38:42.238563+00;42.61811;44.40854
osm-5454333484;კეხი;კახეთი;nature;მწვერვალი;"[""მწვერვალი"",""კახეთი""]";false;false;4.9;მწვერვალი — კახეთი.;{};82.55;47.90;2026-08-03 10:38:42.238563+00;42.38064;45.59611
osm-9831478511;კვირიკობის მთა;თბილისი;nature;მწვერვალი;"[""მწვერვალი"",""თბილისი""]";false;false;4.9;მწვერვალი — თბილისი.;{};71.95;71.60;2026-08-03 10:38:42.238563+00;41.75259;44.86459
osm-5454334228;კიტემთა;კახეთი;nature;მწვერვალი;"[""მწვერვალი"",""კახეთი""]";false;false;4.9;მწვერვალი — კახეთი.;{};81.67;48.12;2026-08-03 10:38:42.238563+00;42.37477;45.53507
osm-9443782007;კუნტას სერი;თბილისი;nature;მწვერვალი;"[""მწვერვალი"",""თბილისი""]";false;false;4.9;მწვერვალი — თბილისი.;{};72.02;64.31;2026-08-03 10:38:42.238563+00;41.94581;44.8697
osm-5617754075;კურფუტა;მცხეთა-მთიანეთი;nature;მწვერვალი;"[""მწვერვალი"",""მცხეთა-მთიანეთი""]";false;false;4.9;მწვერვალი — მცხეთა-მთიანეთი.;{};62.11;38.59;2026-08-03 10:38:42.238563+00;42.62749;44.18526
osm-6792504330;მ.დიდი ბორბალო,3294;მცხეთა-მთიანეთი;nature;მწვერვალი;"[""მწვერვალი"",""მცხეთა-მთიანეთი""]";false;false;4.9;მწვერვალი — მცხეთა-მთიანეთი.;{};77.08;46.35;2026-08-03 10:38:42.238563+00;42.42183;45.21819
osm-5454499445;მ.მაკრატელა,3092;კახეთი;nature;მწვერვალი;"[""მწვერვალი"",""კახეთი""]";false;false;4.9;მწვერვალი — კახეთი.;{};81.49;45.20;2026-08-03 10:38:42.238563+00;42.45209;45.5231
osm-12391439991;მაღაწალნი;მცხეთა-მთიანეთი;nature;მწვერვალი;"[""მწვერვალი"",""მცხეთა-მთიანეთი""]";false;false;4.9;მწვერვალი — მცხეთა-მთიანეთი.;{};70.47;49.59;2026-08-03 10:38:42.238563+00;42.33596;44.76248
osm-9831472631;მახათა;თბილისი;nature;მწვერვალი;"[""მწვერვალი"",""თბილისი""]";false;false;4.9;მწვერვალი — თბილისი.;{};71.43;73.35;2026-08-03 10:38:42.238563+00;41.70622;44.82855
osm-11951468569;მექეთი;მცხეთა-მთიანეთი;nature;მწვერვალი;"[""მწვერვალი"",""მცხეთა-მთიანეთი""]";false;false;4.9;მწვერვალი — მცხეთა-მთიანეთი.;{};65.51;44.75;2026-08-03 10:38:42.238563+00;42.46404;44.42042
osm-9403364765;მთა გორმაღალა;შიდა ქართლი;nature;მწვერვალი;"[""მწვერვალი"",""შიდა ქართლი""]";false;false;4.9;მწვერვალი — შიდა ქართლი.;{};55.24;40.38;2026-08-03 10:38:42.238563+00;42.58002;43.71161
osm-9402949020;მთა კოშკა;შიდა ქართლი;nature;მწვერვალი;"[""მწვერვალი"",""შიდა ქართლი""]";false;false;4.9;მწვერვალი — შიდა ქართლი.;{};59.81;44.78;2026-08-03 10:38:42.238563+00;42.46346;44.02722
osm-9402942690;მთა მზიუკორხა;შიდა ქართლი;nature;მწვერვალი;"[""მწვერვალი"",""შიდა ქართლი""]";false;false;4.9;მწვერვალი — შიდა ქართლი.;{};59.60;44.07;2026-08-03 10:38:42.238563+00;42.48216;44.0125
osm-9403030906;მთა ჯამურა;შიდა ქართლი;nature;მწვერვალი;"[""მწვერვალი"",""შიდა ქართლი""]";false;false;4.9;მწვერვალი — შიდა ქართლი.;{};59.33;43.53;2026-08-03 10:38:42.238563+00;42.49653;43.99354
osm-5155488499;მთავარანგელოზი;აჭარა;nature;მწვერვალი;"[""მწვერვალი"",""აჭარა""]";false;false;4.9;მწვერვალი — აჭარა.;{};26.76;80.16;2026-08-03 10:38:42.238563+00;41.52584;41.7466
osm-5155488932;მილისი;აჭარა;nature;მწვერვალი;"[""მწვერვალი"",""აჭარა""]";false;false;4.9;მწვერვალი — აჭარა.;{};27.84;79.90;2026-08-03 10:38:42.238563+00;41.53256;41.82094
osm-4418528645;მტირალა;აჭარა;nature;მწვერვალი;"[""მწვერვალი"",""აჭარა""]";false;false;4.9;მწვერვალი — აჭარა.;{};27.54;75.18;2026-08-03 10:38:42.238563+00;41.65778;41.80031
osm-6009215226;ნამურის სერი;თბილისი;nature;მწვერვალი;"[""მწვერვალი"",""თბილისი""]";false;false;4.9;მწვერვალი — თბილისი.;{};69.40;74.72;2026-08-03 10:38:42.238563+00;41.67004;44.68839
osm-13727363044;ნიკორაციხე;კახეთი;nature;მწვერვალი;"[""მწვერვალი"",""კახეთი""]";false;false;4.9;მწვერვალი — კახეთი.;{};90.02;83.27;2026-08-03 10:38:42.238563+00;41.44332;46.11111
osm-5567372135;საბადლო;მცხეთა-მთიანეთი;nature;მწვერვალი;"[""მწვერვალი"",""მცხეთა-მთიანეთი""]";false;false;4.9;მწვერვალი — მცხეთა-მთიანეთი.;{};69.47;46.29;2026-08-03 10:38:42.238563+00;42.4234;44.69315
osm-5454499442;საკხევი;კახეთი;nature;მწვერვალი;"[""მწვერვალი"",""კახეთი""]";false;false;4.9;მწვერვალი — კახეთი.;{};82.26;46.65;2026-08-03 10:38:42.238563+00;42.41387;45.57568
osm-11109133212;სამება;აჭარა;nature;მწვერვალი;"[""მწვერვალი"",""აჭარა""]";false;false;4.9;მწვერვალი — აჭარა.;{};26.00;76.14;2026-08-03 10:38:42.238563+00;41.63238;41.69376
osm-2839841765;სამსარი;სამცხე-ჯავახეთი;nature;მწვერვალი;"[""მწვერვალი"",""სამცხე-ჯავახეთი""]";false;false;4.9;მწვერვალი — სამცხე-ჯავახეთი.;{};54.66;79.89;2026-08-03 10:38:42.238563+00;41.53286;43.67127
osm-5143957090;გვანცა;გურია;nature;მწვერვალი;"[""მწვერვალი"",""გურია""]";true;true;4.4;მწვერვალი — გურია.;{};31.86;73.61;2026-08-03 10:38:42.238563+00;41.69925;42.09809
osm-2195709541;მეფისწყარო;იმერეთი;nature;მწვერვალი;"[""მწვერვალი"",""იმერეთი""]";true;true;4.4;მწვერვალი — იმერეთი.;{};40.05;68.28;2026-08-03 10:38:42.238563+00;41.8406782;42.663122
osm-3603876755;სამხრეთ უშბა;სვანეთი;nature;მწვერვალი;"[""მწვერვალი"",""სვანეთი""]";false;false;4.9;მწვერვალი — სვანეთი.;{};39.98;19.84;2026-08-03 10:38:42.238563+00;43.12429;42.65856
osm-5440753725;საქაროწვერი;კახეთი;nature;მწვერვალი;"[""მწვერვალი"",""კახეთი""]";false;false;4.9;მწვერვალი — კახეთი.;{};81.07;48.83;2026-08-03 10:38:42.238563+00;42.35605;45.49412
osm-3704172039;საყორნია;გურია;nature;მწვერვალი;"[""მწვერვალი"",""გურია""]";false;false;4.9;მწვერვალი — გურია.;{};34.48;69.06;2026-08-03 10:38:42.238563+00;41.81991;42.27891
osm-6010788509;საწკეპელა;თბილისი;nature;მწვერვალი;"[""მწვერვალი"",""თბილისი""]";false;false;4.9;მწვერვალი — თბილისი.;{};67.64;71.69;2026-08-03 10:38:42.238563+00;41.75027;44.56729
osm-11508166979;სახარისმაღალი;მცხეთა-მთიანეთი;nature;მწვერვალი;"[""მწვერვალი"",""მცხეთა-მთიანეთი""]";false;false;4.9;მწვერვალი — მცხეთა-მთიანეთი.;{};71.35;38.06;2026-08-03 10:38:42.238563+00;42.6413;44.82291
osm-5571782699;სახარონო;მცხეთა-მთიანეთი;nature;მწვერვალი;"[""მწვერვალი"",""მცხეთა-მთიანეთი""]";false;false;4.9;მწვერვალი — მცხეთა-მთიანეთი.;{};70.13;52.79;2026-08-03 10:38:42.238563+00;42.25116;44.7393
osm-8988620282;სკურდა;აჭარა;nature;მწვერვალი;"[""მწვერვალი"",""აჭარა""]";false;false;4.9;მწვერვალი — აჭარა.;{};29.00;70.89;2026-08-03 10:38:42.238563+00;41.7713;41.90089
osm-11942796879;სონჩო;მცხეთა-მთიანეთი;nature;მწვერვალი;"[""მწვერვალი"",""მცხეთა-მთიანეთი""]";false;false;4.9;მწვერვალი — მცხეთა-მთიანეთი.;{};67.41;44.39;2026-08-03 10:38:42.238563+00;42.47378;44.55156
osm-6440978925;ტალახნარა;აჭარა;nature;მწვერვალი;"[""მწვერვალი"",""აჭარა""]";false;false;4.9;მწვერვალი — აჭარა.;{};26.37;78.80;2026-08-03 10:38:42.238563+00;41.56169;41.71968
osm-9251883510;ტყემლებისმთა;აჭარა;nature;მწვერვალი;"[""მწვერვალი"",""აჭარა""]";false;false;4.9;მწვერვალი — აჭარა.;{};27.46;72.62;2026-08-03 10:38:42.238563+00;41.72548;41.79498
osm-9403651674;უკივლეთა;რაჭა-ლეჩხუმი;nature;მწვერვალი;"[""მწვერვალი"",""რაჭა-ლეჩხუმი""]";false;false;4.9;მწვერვალი — რაჭა-ლეჩხუმი.;{};53.85;41.88;2026-08-03 10:38:42.238563+00;42.54028;43.61538
osm-8150933069;უძო;თბილისი;nature;მწვერვალი;"[""მწვერვალი"",""თბილისი""]";false;false;4.9;მწვერვალი — თბილისი.;{};69.58;74.50;2026-08-03 10:38:42.238563+00;41.67566;44.70122
osm-5454499443;ფიცილანთა;კახეთი;nature;მწვერვალი;"[""მწვერვალი"",""კახეთი""]";false;false;4.9;მწვერვალი — კახეთი.;{};82.05;46.17;2026-08-03 10:38:42.238563+00;42.42658;45.56112
osm-4705551580;ქარის წვერი;კახეთი;nature;მწვერვალი;"[""მწვერვალი"",""კახეთი""]";false;false;4.9;მწვერვალი — კახეთი.;{};81.95;72.47;2026-08-03 10:38:42.238563+00;41.72949;45.5544
osm-8988416126;ქვის კვერცხი;აჭარა;nature;მწვერვალი;"[""მწვერვალი"",""აჭარა""]";false;false;4.9;მწვერვალი — აჭარა.;{};28.56;71.94;2026-08-03 10:38:42.238563+00;41.74346;41.87083
osm-9256609811;ყანლისმთა;სამცხე-ჯავახეთი;nature;მწვერვალი;"[""მწვერვალი"",""სამცხე-ჯავახეთი""]";false;false;4.9;მწვერვალი — სამცხე-ჯავახეთი.;{};38.03;83.23;2026-08-03 10:38:42.238563+00;41.44449;42.52419
osm-9090961635;ყვავების გორა;თბილისი;nature;მწვერვალი;"[""მწვერვალი"",""თბილისი""]";false;false;4.9;მწვერვალი — თბილისი.;{};70.36;71.60;2026-08-03 10:38:42.238563+00;41.75258;44.75487
osm-5143057152;ყიბლისთა;აჭარა;nature;მწვერვალი;"[""მწვერვალი"",""აჭარა""]";false;false;4.9;მწვერვალი — აჭარა.;{};26.66;76.86;2026-08-03 10:38:42.238563+00;41.61331;41.73969
osm-2103398741;საძელე შუა;მცხეთა-მთიანეთი;nature;მწვერვალი;"[""მწვერვალი"",""მცხეთა-მთიანეთი""]";true;true;4.4;მწვერვალი — მცხეთა-მთიანეთი.;{};66.74;42.85;2026-08-03 10:38:42.238563+00;42.5145756;44.5049815
osm-2103398743;საძელე დასავლეთ;მცხეთა-მთიანეთი;nature;მწვერვალი;"[""მწვერვალი"",""მცხეთა-მთიანეთი""]";true;true;4.4;მწვერვალი — მცხეთა-მთიანეთი.;{};66.72;43.03;2026-08-03 10:38:42.238563+00;42.5096501;44.5034032
osm-2103398747;საძელე მთავარი;მცხეთა-მთიანეთი;nature;მწვერვალი;"[""მწვერვალი"",""მცხეთა-მთიანეთი""]";true;true;4.4;მწვერვალი — მცხეთა-მთიანეთი.;{};66.85;42.93;2026-08-03 10:38:42.238563+00;42.5124653;44.512545
osm-5911752114;შავიმთა;კახეთი;nature;მწვერვალი;"[""მწვერვალი"",""კახეთი""]";false;false;4.9;მწვერვალი — კახეთი.;{};81.29;42.22;2026-08-03 10:38:42.238563+00;42.53117;45.50903
osm-3603876780;ჩრდილოეთი უშბა;სვანეთი;nature;მწვერვალი;"[""მწვერვალი"",""სვანეთი""]";false;false;4.9;მწვერვალი — სვანეთი.;{};40.07;19.71;2026-08-03 10:38:42.238563+00;43.12768;42.66481
osm-4216232795;ცივი;კახეთი;nature;მწვერვალი;"[""მწვერვალი"",""კახეთი""]";false;false;4.9;მწვერვალი — კახეთი.;{};78.91;69.00;2026-08-03 10:38:42.238563+00;41.82157;45.34469
osm-5143013686;ცხენეული;აჭარა;nature;მწვერვალი;"[""მწვერვალი"",""აჭარა""]";false;false;4.9;მწვერვალი — აჭარა.;{};27.14;75.42;2026-08-03 10:38:42.238563+00;41.65133;41.77293
osm-9831475672;ძეძვი;თბილისი;nature;მწვერვალი;"[""მწვერვალი"",""თბილისი""]";false;false;4.9;მწვერვალი — თბილისი.;{};71.44;72.11;2026-08-03 10:38:42.238563+00;41.73902;44.82959
osm-3745034746;ჭაუხი;მცხეთა-მთიანეთი;nature;მწვერვალი;"[""მწვერვალი"",""მცხეთა-მთიანეთი""]";false;false;4.9;მწვერვალი — მცხეთა-მთიანეთი.;{};70.56;42.27;2026-08-03 10:38:42.238563+00;42.52988;44.76868
osm-5143047905;ჭინკაძე;აჭარა;nature;მწვერვალი;"[""მწვერვალი"",""აჭარა""]";false;false;4.9;მწვერვალი — აჭარა.;{};27.25;77.67;2026-08-03 10:38:42.238563+00;41.59181;41.7802
osm-5873637781;ჭუთხარო;რაჭა-ლეჩხუმი;nature;მწვერვალი;"[""მწვერვალი"",""რაჭა-ლეჩხუმი""]";false;false;4.9;მწვერვალი — რაჭა-ლეჩხუმი.;{};47.38;35.07;2026-08-03 10:38:42.238563+00;42.72052;43.16902
osm-5906280413;ხალაწა;შიდა ქართლი;nature;მწვერვალი;"[""მწვერვალი"",""შიდა ქართლი""]";false;false;4.9;მწვერვალი — შიდა ქართლი.;{};57.02;39.69;2026-08-03 10:38:42.238563+00;42.59813;43.8346
osm-6432601101;ხეჩოკეტი;აჭარა;nature;მწვერვალი;"[""მწვერვალი"",""აჭარა""]";false;false;4.9;მწვერვალი — აჭარა.;{};25.86;77.21;2026-08-03 10:38:42.238563+00;41.60387;41.68453
osm-9344627752;ხირგუმა;მცხეთა-მთიანეთი;nature;მწვერვალი;"[""მწვერვალი"",""მცხეთა-მთიანეთი""]";false;false;4.9;მწვერვალი — მცხეთა-მთიანეთი.;{};66.03;41.59;2026-08-03 10:38:42.238563+00;42.54793;44.45637
osm-5571782700;ხმალა;მცხეთა-მთიანეთი;nature;მწვერვალი;"[""მწვერვალი"",""მცხეთა-მთიანეთი""]";false;false;4.9;მწვერვალი — მცხეთა-მთიანეთი.;{};69.92;53.83;2026-08-03 10:38:42.238563+00;42.22344;44.72475
osm-5124174452;ხოხნა;აჭარა;nature;მწვერვალი;"[""მწვერვალი"",""აჭარა""]";false;false;4.9;მწვერვალი — აჭარა.;{};28.70;78.99;2026-08-03 10:38:42.238563+00;41.55678;41.88059
osm-9447849915;ჯაბური;მცხეთა-მთიანეთი;nature;მწვერვალი;"[""მწვერვალი"",""მცხეთა-მთიანეთი""]";false;false;4.9;მწვერვალი — მცხეთა-მთიანეთი.;{};76.41;56.69;2026-08-03 10:38:42.238563+00;42.14761;45.17252
osm-3427088909;აბაკურა;სვანეთი;nature;მწვერვალი;"[""მწვერვალი"",""სვანეთი""]";true;true;4.4;მწვერვალი — სვანეთი.;{};36.22;23.29;2026-08-03 10:38:42.238563+00;43.03277;42.39917
osm-7796671511;აბედათი;სამეგრელო;nature;მწვერვალი;"[""მწვერვალი"",""სამეგრელო""]";true;true;4.4;მწვერვალი — სამეგრელო.;{};34.47;46.16;2026-08-03 10:38:42.238563+00;42.42664;42.27818
osm-7796782061;აბუხალო;შიდა ქართლი;nature;მწვერვალი;"[""მწვერვალი"",""შიდა ქართლი""]";true;true;4.4;მწვერვალი — შიდა ქართლი.;{};56.52;69.67;2026-08-03 10:38:42.238563+00;41.8038;43.79985
osm-5143070115;აგარისთავი;აჭარა;nature;მწვერვალი;"[""მწვერვალი"",""აჭარა""]";true;true;4.4;მწვერვალი — აჭარა.;{};28.72;76.02;2026-08-03 10:38:42.238563+00;41.63538;41.88174
osm-2155251191;ჩრდილი;მცხეთა-მთიანეთი;nature;მწვერვალი;"[""მწვერვალი"",""მცხეთა-მთიანეთი""]";true;true;4.4;მწვერვალი — მცხეთა-მთიანეთი.;{};66.78;44.27;2026-08-03 10:38:42.238563+00;42.4769747;44.5079855
osm-2364348714;შოთა რუსთაველი;რაჭა-ლეჩხუმი;nature;მწვერვალი;"[""მწვერვალი"",""რაჭა-ლეჩხუმი""]";true;true;4.4;მწვერვალი — რაჭა-ლეჩხუმი.;{};45.97;24.23;2026-08-03 10:38:42.238563+00;43.0077975;43.0716971
osm-5631334639;აგნორი;სვანეთი;nature;მწვერვალი;"[""მწვერვალი"",""სვანეთი""]";true;true;4.4;მწვერვალი — სვანეთი.;{};37.27;27.50;2026-08-03 10:38:42.238563+00;42.92117;42.47171
osm-2631019460;ადიში;სვანეთი;nature;მწვერვალი;"[""მწვერვალი"",""სვანეთი""]";true;true;4.4;მწვერვალი — სვანეთი.;{};45.09;23.25;2026-08-03 10:38:42.238563+00;43.03396;43.01096
osm-3502534201;ავანისთავი;კახეთი;nature;მწვერვალი;"[""მწვერვალი"",""კახეთი""]";true;true;4.4;მწვერვალი — კახეთი.;{};88.58;62.13;2026-08-03 10:38:42.238563+00;42.00361;46.01199
osm-10004533231;ავთანდილ იოსელიანის მშვერვალი;სვანეთი;nature;მწვერვალი;"[""მწვერვალი"",""სვანეთი""]";true;true;4.4;მწვერვალი — სვანეთი.;{};42.58;21.17;2026-08-03 10:38:42.238563+00;43.08889;42.83806
osm-3439235702;აირაში;რაჭა-ლეჩხუმი;nature;მწვერვალი;"[""მწვერვალი"",""რაჭა-ლეჩხუმი""]";true;true;4.4;მწვერვალი — რაჭა-ლეჩხუმი.;{};46.32;30.32;2026-08-03 10:38:42.238563+00;42.84659;43.09587
osm-3502450822;აკნეხი;მცხეთა-მთიანეთი;nature;მწვერვალი;"[""მწვერვალი"",""მცხეთა-მთიანეთი""]";true;true;4.4;მწვერვალი — მცხეთა-მთიანეთი.;{};74.25;40.25;2026-08-03 10:38:42.238563+00;42.58327;45.02298
osm-12211497105;ამარათი;სამცხე-ჯავახეთი;nature;მწვერვალი;"[""მწვერვალი"",""სამცხე-ჯავახეთი""]";true;true;4.4;მწვერვალი — სამცხე-ჯავახეთი.;{};46.71;69.03;2026-08-03 10:38:42.238563+00;41.82069;43.12281
osm-9165720209;ამაღლება;სამცხე-ჯავახეთი;nature;მწვერვალი;"[""მწვერვალი"",""სამცხე-ჯავახეთი""]";true;true;4.4;მწვერვალი — სამცხე-ჯავახეთი.;{};45.22;71.03;2026-08-03 10:38:42.238563+00;41.76759;43.02001
osm-7044998720;ამიდასთური;კახეთი;nature;მწვერვალი;"[""მწვერვალი"",""კახეთი""]";true;true;4.4;მწვერვალი — კახეთი.;{};78.33;66.60;2026-08-03 10:38:42.238563+00;41.8851;45.30497
osm-10540351246;ამილახვარი;იმერეთი;nature;მწვერვალი;"[""მწვერვალი"",""იმერეთი""]";true;true;4.4;მწვერვალი — იმერეთი.;{};42.81;59.50;2026-08-03 10:38:42.238563+00;42.07338;42.85411
osm-6792487913;ამღა;მცხეთა-მთიანეთი;nature;მწვერვალი;"[""მწვერვალი"",""მცხეთა-მთიანეთი""]";true;true;4.4;მწვერვალი — მცხეთა-მთიანეთი.;{};77.90;44.39;2026-08-03 10:38:42.238563+00;42.47357;45.27493
osm-3502450823;ამღისმაღალი;მცხეთა-მთიანეთი;nature;მწვერვალი;"[""მწვერვალი"",""მცხეთა-მთიანეთი""]";true;true;4.4;მწვერვალი — მცხეთა-მთიანეთი.;{};74.53;38.26;2026-08-03 10:38:42.238563+00;42.63606;45.04227
osm-5569732197;ანგელოზის მთა;მცხეთა-მთიანეთი;nature;მწვერვალი;"[""მწვერვალი"",""მცხეთა-მთიანეთი""]";true;true;4.4;მწვერვალი — მცხეთა-მთიანეთი.;{};69.00;38.40;2026-08-03 10:38:42.238563+00;42.63249;44.66125
osm-9403157910;აპორანი;რაჭა-ლეჩხუმი;nature;მწვერვალი;"[""მწვერვალი"",""რაჭა-ლეჩხუმი""]";true;true;4.4;მწვერვალი — რაჭა-ლეჩხუმი.;{};54.79;38.81;2026-08-03 10:38:42.238563+00;42.62154;43.68029
osm-10271539195;არდოტისთავი;მცხეთა-მთიანეთი;nature;მწვერვალი;"[""მწვერვალი"",""მცხეთა-მთიანეთი""]";true;true;4.4;მწვერვალი — მცხეთა-მთიანეთი.;{};76.17;39.80;2026-08-03 10:38:42.238563+00;42.5953;45.15598
osm-5631334658;არემუა;სამეგრელო;nature;მწვერვალი;"[""მწვერვალი"",""სამეგრელო""]";true;true;4.4;მწვერვალი — სამეგრელო.;{};30.75;22.68;2026-08-03 10:38:42.238563+00;43.04886;42.02191
osm-6879388485;არხოტი;მცხეთა-მთიანეთი;nature;მწვერვალი;"[""მწვერვალი"",""მცხეთა-მთიანეთი""]";true;true;4.4;მწვერვალი — მცხეთა-მთიანეთი.;{};72.79;39.66;2026-08-03 10:38:42.238563+00;42.59889;44.92218
osm-3755978753;არჯევანი;შიდა ქართლი;nature;მწვერვალი;"[""მწვერვალი"",""შიდა ქართლი""]";true;true;4.4;მწვერვალი — შიდა ქართლი.;{};58.71;71.84;2026-08-03 10:38:42.238563+00;41.74618;43.95098
osm-3502416166;ასათიანი;მცხეთა-მთიანეთი;nature;მწვერვალი;"[""მწვერვალი"",""მცხეთა-მთიანეთი""]";true;true;4.4;მწვერვალი — მცხეთა-მთიანეთი.;{};70.92;41.64;2026-08-03 10:38:42.238563+00;42.54651;44.79341
osm-3603876689;ასმაში;სვანეთი;nature;მწვერვალი;"[""მწვერვალი"",""სვანეთი""]";true;true;4.4;მწვერვალი — სვანეთი.;{};42.36;20.22;2026-08-03 10:38:42.238563+00;43.11421;42.82307
osm-4634267461;აუდუღუბის მთა;კახეთი;nature;მწვერვალი;"[""მწვერვალი"",""კახეთი""]";true;true;4.4;მწვერვალი — კახეთი.;{};83.38;69.99;2026-08-03 10:38:42.238563+00;41.79523;45.65318
osm-3502416173;აღმაშენებელი;მცხეთა-მთიანეთი;nature;მწვერვალი;"[""მწვერვალი"",""მცხეთა-მთიანეთი""]";true;true;4.4;მწვერვალი — მცხეთა-მთიანეთი.;{};71.05;41.83;2026-08-03 10:38:42.238563+00;42.5414;44.80255
osm-3745034747;აღმოსავლეთ ჭაუხი;მცხეთა-მთიანეთი;nature;მწვერვალი;"[""მწვერვალი"",""მცხეთა-მთიანეთი""]";true;true;4.4;მწვერვალი — მცხეთა-მთიანეთი.;{};71.37;42.24;2026-08-03 10:38:42.238563+00;42.53057;44.82485
osm-12140752390;აღმოსავლეთი ასათიანი;მცხეთა-მთიანეთი;nature;მწვერვალი;"[""მწვერვალი"",""მცხეთა-მთიანეთი""]";true;true;4.4;მწვერვალი — მცხეთა-მთიანეთი.;{};70.93;41.63;2026-08-03 10:38:42.238563+00;42.54692;44.79441
osm-3502416172;აღმოსავლეთი ჭაუხი;მცხეთა-მთიანეთი;nature;მწვერვალი;"[""მწვერვალი"",""მცხეთა-მთიანეთი""]";true;true;4.4;მწვერვალი — მცხეთა-მთიანეთი.;{};71.13;41.87;2026-08-03 10:38:42.238563+00;42.54041;44.80812
osm-3427087473;აცალარი;სვანეთი;nature;მწვერვალი;"[""მწვერვალი"",""სვანეთი""]";true;true;4.4;მწვერვალი — სვანეთი.;{};39.14;30.51;2026-08-03 10:38:42.238563+00;42.84156;42.60055
osm-6792504495;აწუნთა;მცხეთა-მთიანეთი;nature;მწვერვალი;"[""მწვერვალი"",""მცხეთა-მთიანეთი""]";true;true;4.4;მწვერვალი — მცხეთა-მთიანეთი.;{};77.99;41.95;2026-08-03 10:38:42.238563+00;42.53838;45.28112
osm-3882996143;"ახიბოხი;აჰიბოხი;აჰ-იბოხვი";სამეგრელო;nature;მწვერვალი;"[""მწვერვალი"",""სამეგრელო""]";true;true;4.4;მწვერვალი — სამეგრელო.;{};12.39;13.50;2026-08-03 10:38:42.238563+00;43.29225;40.75464
osm-9881892516;ახოს თავები;მცხეთა-მთიანეთი;nature;მწვერვალი;"[""მწვერვალი"",""მცხეთა-მთიანეთი""]";true;true;4.4;მწვერვალი — მცხეთა-მთიანეთი.;{};72.31;59.34;2026-08-03 10:38:42.238563+00;42.07747;44.88963
osm-7093005263;ახუნი;მცხეთა-მთიანეთი;nature;მწვერვალი;"[""მწვერვალი"",""მცხეთა-მთიანეთი""]";true;true;4.4;მწვერვალი — მცხეთა-მთიანეთი.;{};74.56;43.54;2026-08-03 10:38:42.238563+00;42.49622;45.04455
osm-4869727180;ახუნის მთა;მცხეთა-მთიანეთი;nature;მწვერვალი;"[""მწვერვალი"",""მცხეთა-მთიანეთი""]";true;true;4.4;მწვერვალი — მცხეთა-მთიანეთი.;{};72.85;51.14;2026-08-03 10:38:42.238563+00;42.29479;44.92699
osm-5631334654;ბაკხი;სვანეთი;nature;მწვერვალი;"[""მწვერვალი"",""სვანეთი""]";true;true;4.4;მწვერვალი — სვანეთი.;{};37.60;25.08;2026-08-03 10:38:42.238563+00;42.9854;42.49435
osm-7069560172;ბალიში;სვანეთი;nature;მწვერვალი;"[""მწვერვალი"",""სვანეთი""]";true;true;4.4;მწვერვალი — სვანეთი.;{};44.67;23.64;2026-08-03 10:38:42.238563+00;43.02345;42.98254
osm-3603876604;ბანგურიანი;სვანეთი;nature;მწვერვალი;"[""მწვერვალი"",""სვანეთი""]";true;true;4.4;მწვერვალი — სვანეთი.;{};42.16;20.75;2026-08-03 10:38:42.238563+00;43.10025;42.80909
osm-2940090393;ბაშილთაუ;სვანეთი;nature;მწვერვალი;"[""მწვერვალი"",""სვანეთი""]";true;true;4.4;მწვერვალი — სვანეთი.;{};43.20;18.73;2026-08-03 10:38:42.238563+00;43.15354;42.88111
osm-5631334647;ბაჩგეთი;სვანეთი;nature;მწვერვალი;"[""მწვერვალი"",""სვანეთი""]";true;true;4.4;მწვერვალი — სვანეთი.;{};38.07;32.70;2026-08-03 10:38:42.238563+00;42.78336;42.5269
osm-8388634385;ბერთა მთა;თბილისი;nature;მწვერვალი;"[""მწვერვალი"",""თბილისი""]";true;true;4.4;მწვერვალი — თბილისი.;{};71.09;67.95;2026-08-03 10:38:42.238563+00;41.8492;44.80532
osm-7078192885;ბერტყე;თბილისი;nature;მწვერვალი;"[""მწვერვალი"",""თბილისი""]";true;true;4.4;მწვერვალი — თბილისი.;{};74.02;60.73;2026-08-03 10:38:42.238563+00;42.04064;45.00737
osm-9287288414;ბეღლეთი;გურია;nature;მწვერვალი;"[""მწვერვალი"",""გურია""]";true;true;4.4;მწვერვალი — გურია.;{};36.14;75.02;2026-08-03 10:38:42.238563+00;41.66201;42.3939
osm-5469272532;ბინდილაურთულა;მცხეთა-მთიანეთი;nature;მწვერვალი;"[""მწვერვალი"",""მცხეთა-მთიანეთი""]";true;true;4.4;მწვერვალი — მცხეთა-მთიანეთი.;{};74.40;48.37;2026-08-03 10:38:42.238563+00;42.36815;45.03347
osm-3430838674;ბოგაში;სამეგრელო;nature;მწვერვალი;"[""მწვერვალი"",""სამეგრელო""]";true;true;4.4;მწვერვალი — სამეგრელო.;{};32.08;35.71;2026-08-03 10:38:42.238563+00;42.70376;42.11335
osm-10896999152;ბოდავი;მცხეთა-მთიანეთი;nature;მწვერვალი;"[""მწვერვალი"",""მცხეთა-მთიანეთი""]";true;true;4.4;მწვერვალი — მცხეთა-მთიანეთი.;{};70.97;57.04;2026-08-03 10:38:42.238563+00;42.13851;44.79682
osm-1353721194;ბიტეხი;მცხეთა-მთიანეთი;nature;მწვერვალი;"[""მწვერვალი"",""მცხეთა-მთიანეთი""]";true;true;4.4;მწვერვალი — მცხეთა-მთიანეთი.;{};76.19;36.79;2026-08-03 10:38:42.238563+00;42.6750327;45.1574169
osm-10896999146;ბოკორნისწვერი;თბილისი;nature;მწვერვალი;"[""მწვერვალი"",""თბილისი""]";true;true;4.4;მწვერვალი — თბილისი.;{};71.81;61.33;2026-08-03 10:38:42.238563+00;42.02482;44.85464
osm-12218278704;ბოლოკაური;იმერეთი;nature;მწვერვალი;"[""მწვერვალი"",""იმერეთი""]";true;true;4.4;მწვერვალი — იმერეთი.;{};43.86;67.28;2026-08-03 10:38:42.238563+00;41.86716;42.92628
osm-8423312471;ბოჟოხეთის მთა;კახეთი;nature;მწვერვალი;"[""მწვერვალი"",""კახეთი""]";true;true;4.4;მწვერვალი — კახეთი.;{};77.74;68.54;2026-08-03 10:38:42.238563+00;41.83356;45.26439
osm-7093005509;ბორბალო;მცხეთა-მთიანეთი;nature;მწვერვალი;"[""მწვერვალი"",""მცხეთა-მთიანეთი""]";true;true;4.4;მწვერვალი — მცხეთა-მთიანეთი.;{};74.33;41.47;2026-08-03 10:38:42.238563+00;42.55092;45.02907
osm-6792503258;ბოროლა;მცხეთა-მთიანეთი;nature;მწვერვალი;"[""მწვერვალი"",""მცხეთა-მთიანეთი""]";true;true;4.4;მწვერვალი — მცხეთა-მთიანეთი.;{};75.60;43.99;2026-08-03 10:38:42.238563+00;42.48433;45.11615
osm-12219383805;ბოძოლა;სამცხე-ჯავახეთი;nature;მწვერვალი;"[""მწვერვალი"",""სამცხე-ჯავახეთი""]";true;true;4.4;მწვერვალი — სამცხე-ჯავახეთი.;{};46.70;72.21;2026-08-03 10:38:42.238563+00;41.73648;43.12233
osm-5836212955;ბროგუნი;შიდა ქართლი;nature;მწვერვალი;"[""მწვერვალი"",""შიდა ქართლი""]";true;true;4.4;მწვერვალი — შიდა ქართლი.;{};53.18;65.44;2026-08-03 10:38:42.238563+00;41.91585;43.56962
osm-10756677136;ბუბთები;თბილისი;nature;მწვერვალი;"[""მწვერვალი"",""თბილისი""]";true;true;4.4;მწვერვალი — თბილისი.;{};69.06;71.19;2026-08-03 10:38:42.238563+00;41.76334;44.66529
osm-9247468021;ბუთურაული;გურია;nature;მწვერვალი;"[""მწვერვალი"",""გურია""]";true;true;4.4;მწვერვალი — გურია.;{};33.54;77.04;2026-08-03 10:38:42.238563+00;41.60836;42.21445
osm-11453112104;ბულაგდაღი;ქვემო ქართლი;nature;მწვერვალი;"[""მწვერვალი"",""ქვემო ქართლი""]";true;true;4.4;მწვერვალი — ქვემო ქართლი.;{};59.52;79.50;2026-08-03 10:38:42.238563+00;41.54331;44.00718
osm-6792487553;ბულანჩოსწვერი;კახეთი;nature;მწვერვალი;"[""მწვერვალი"",""კახეთი""]";true;true;4.4;მწვერვალი — კახეთი.;{};81.60;52.13;2026-08-03 10:38:42.238563+00;42.26856;45.5302
osm-5467543657;ბუნგალთგორა;მცხეთა-მთიანეთი;nature;მწვერვალი;"[""მწვერვალი"",""მცხეთა-მთიანეთი""]";true;true;4.4;მწვერვალი — მცხეთა-მთიანეთი.;{};77.67;49.48;2026-08-03 10:38:42.238563+00;42.33867;45.25899
osm-6784575284;ბურეთი;შიდა ქართლი;nature;მწვერვალი;"[""მწვერვალი"",""შიდა ქართლი""]";true;true;4.4;მწვერვალი — შიდა ქართლი.;{};60.05;63.64;2026-08-03 10:38:42.238563+00;41.96357;44.04339
osm-3502486904;ბურიანის-წვერი;კახეთი;nature;მწვერვალი;"[""მწვერვალი"",""კახეთი""]";true;true;4.4;მწვერვალი — კახეთი.;{};84.97;58.95;2026-08-03 10:38:42.238563+00;42.08782;45.76326
osm-6358682980;ბუშათისმაღალი;თბილისი;nature;მწვერვალი;"[""მწვერვალი"",""თბილისი""]";true;true;4.4;მწვერვალი — თბილისი.;{};74.97;62.97;2026-08-03 10:38:42.238563+00;41.9813;45.0727
osm-4191374015;ბუძგორი;რაჭა-ლეჩხუმი;nature;მწვერვალი;"[""მწვერვალი"",""რაჭა-ლეჩხუმი""]";true;true;4.4;მწვერვალი — რაჭა-ლეჩხუმი.;{};50.46;34.58;2026-08-03 10:38:42.238563+00;42.73351;43.38192
osm-5617754032;გაპონენკოს პიკი;მცხეთა-მთიანეთი;nature;მწვერვალი;"[""მწვერვალი"",""მცხეთა-მთიანეთი""]";true;true;4.4;მწვერვალი — მცხეთა-მთიანეთი.;{};64.28;35.17;2026-08-03 10:38:42.238563+00;42.71787;44.33545
osm-5457708905;გარეჯა;მცხეთა-მთიანეთი;nature;მწვერვალი;"[""მწვერვალი"",""მცხეთა-მთიანეთი""]";true;true;4.4;მწვერვალი — მცხეთა-მთიანეთი.;{};75.50;51.73;2026-08-03 10:38:42.238563+00;42.27927;45.10957
osm-9247437124;გეგელიძე;გურია;nature;მწვერვალი;"[""მწვერვალი"",""გურია""]";true;true;4.4;მწვერვალი — გურია.;{};31.84;74.53;2026-08-03 10:38:42.238563+00;41.67493;42.09673
osm-3429523730;გვაია;სამეგრელო;nature;მწვერვალი;"[""მწვერვალი"",""სამეგრელო""]";true;true;4.4;მწვერვალი — სამეგრელო.;{};32.43;30.26;2026-08-03 10:38:42.238563+00;42.8481;42.13753
osm-3430682382;გვანდრი;სვანეთი;nature;მწვერვალი;"[""მწვერვალი"",""სვანეთი""]";true;true;4.4;მწვერვალი — სვანეთი.;{};35.12;28.88;2026-08-03 10:38:42.238563+00;42.88457;42.32299
osm-2195691222;ბუღნარა;იმერეთი;nature;მწვერვალი;"[""მწვერვალი"",""იმერეთი""]";true;true;4.4;მწვერვალი — იმერეთი.;{};39.58;64.21;2026-08-03 10:38:42.238563+00;41.9483851;42.6310588
osm-5442042585;გველის მთა;მცხეთა-მთიანეთი;nature;მწვერვალი;"[""მწვერვალი"",""მცხეთა-მთიანეთი""]";true;true;4.4;მწვერვალი — მცხეთა-მთიანეთი.;{};78.22;47.54;2026-08-03 10:38:42.238563+00;42.39032;45.2975
osm-3448495767;გვერგილდაში;სვანეთი;nature;მწვერვალი;"[""მწვერვალი"",""სვანეთი""]";true;true;4.4;მწვერვალი — სვანეთი.;{};35.69;18.39;2026-08-03 10:38:42.238563+00;43.16262;42.3625
osm-3448357099;გვერგიშერი;სვანეთი;nature;მწვერვალი;"[""მწვერვალი"",""სვანეთი""]";true;true;4.4;მწვერვალი — სვანეთი.;{};35.91;17.59;2026-08-03 10:38:42.238563+00;43.18382;42.37801
osm-14069926316;გვიარა;რაჭა-ლეჩხუმი;nature;მწვერვალი;"[""მწვერვალი"",""რაჭა-ლეჩხუმი""]";true;true;4.4;მწვერვალი — რაჭა-ლეჩხუმი.;{};46.27;40.74;2026-08-03 10:38:42.238563+00;42.57029;43.0927
osm-11983667695;გვიდაქე;მცხეთა-მთიანეთი;nature;მწვერვალი;"[""მწვერვალი"",""მცხეთა-მთიანეთი""]";true;true;4.4;მწვერვალი — მცხეთა-მთიანეთი.;{};68.55;44.77;2026-08-03 10:38:42.238563+00;42.46366;44.63019
osm-3425541580;გვინარი;რაჭა-ლეჩხუმი;nature;მწვერვალი;"[""მწვერვალი"",""რაჭა-ლეჩხუმი""]";true;true;4.4;მწვერვალი — რაჭა-ლეჩხუმი.;{};44.90;28.59;2026-08-03 10:38:42.238563+00;42.89236;42.99796
osm-6792487996;გიორგი ანწუხელიძის მთა;მცხეთა-მთიანეთი;nature;მწვერვალი;"[""მწვერვალი"",""მცხეთა-მთიანეთი""]";true;true;4.4;მწვერვალი — მცხეთა-მთიანეთი.;{};77.15;47.53;2026-08-03 10:38:42.238563+00;42.39035;45.22327
osm-5599323440;გირგალი;კახეთი;nature;მწვერვალი;"[""მწვერვალი"",""კახეთი""]";true;true;4.4;მწვერვალი — კახეთი.;{};83.97;58.71;2026-08-03 10:38:42.238563+00;42.09424;45.69414
osm-9256534061;გისჯავაეთი;გურია;nature;მწვერვალი;"[""მწვერვალი"",""გურია""]";true;true;4.4;მწვერვალი — გურია.;{};35.72;79.40;2026-08-03 10:38:42.238563+00;41.5459;42.3646
osm-3445473635;გოდირაკილი;სვანეთი;nature;მწვერვალი;"[""მწვერვალი"",""სვანეთი""]";true;true;4.4;მწვერვალი — სვანეთი.;{};38.16;39.41;2026-08-03 10:38:42.238563+00;42.60572;42.5331
osm-11917324718;გოდორები;სამცხე-ჯავახეთი;nature;მწვერვალი;"[""მწვერვალი"",""სამცხე-ჯავახეთი""]";true;true;4.4;მწვერვალი — სამცხე-ჯავახეთი.;{};54.84;82.52;2026-08-03 10:38:42.238563+00;41.46332;43.68428
osm-11412582318;გოზადრეკილა;იმერეთი;nature;მწვერვალი;"[""მწვერვალი"",""იმერეთი""]";true;true;4.4;მწვერვალი — იმერეთი.;{};42.49;68.31;2026-08-03 10:38:42.238563+00;41.83975;42.83162
osm-3427087474;გოლდაში;სვანეთი;nature;მწვერვალი;"[""მწვერვალი"",""სვანეთი""]";true;true;4.4;მწვერვალი — სვანეთი.;{};41.28;30.50;2026-08-03 10:38:42.238563+00;42.84164;42.74807
osm-8582830635;გომაეთა;იმერეთი;nature;მწვერვალი;"[""მწვერვალი"",""იმერეთი""]";true;true;4.4;მწვერვალი — იმერეთი.;{};47.92;62.35;2026-08-03 10:38:42.238563+00;41.99772;43.20646
osm-5143208849;გომანეთი;აჭარა;nature;მწვერვალი;"[""მწვერვალი"",""აჭარა""]";true;true;4.4;მწვერვალი — აჭარა.;{};28.41;73.85;2026-08-03 10:38:42.238563+00;41.69286;41.85995
osm-3429523731;გომარდაწყალი;სამეგრელო;nature;მწვერვალი;"[""მწვერვალი"",""სამეგრელო""]";true;true;4.4;მწვერვალი — სამეგრელო.;{};34.07;33.78;2026-08-03 10:38:42.238563+00;42.7549;42.25071
osm-4718273653;გომბორი;კახეთი;nature;მწვერვალი;"[""მწვერვალი"",""კახეთი""]";true;true;4.4;მწვერვალი — კახეთი.;{};77.97;67.06;2026-08-03 10:38:42.238563+00;41.87287;45.27986
osm-4352437995;გომერი;ქვემო ქართლი;nature;მწვერვალი;"[""მწვერვალი"",""ქვემო ქართლი""]";true;true;4.4;მწვერვალი — ქვემო ქართლი.;{};65.92;78.88;2026-08-03 10:38:42.238563+00;41.5596;44.44838
osm-5567622209;გომეწარი;მცხეთა-მთიანეთი;nature;მწვერვალი;"[""მწვერვალი"",""მცხეთა-მთიანეთი""]";true;true;4.4;მწვერვალი — მცხეთა-მთიანეთი.;{};70.85;50.93;2026-08-03 10:38:42.238563+00;42.30031;44.78842
osm-6720353046;გომისთავი;გურია;nature;მწვერვალი;"[""მწვერვალი"",""გურია""]";true;true;4.4;მწვერვალი — გურია.;{};32.86;68.70;2026-08-03 10:38:42.238563+00;41.82945;42.16734
osm-3443334063;გორეიმი;სვანეთი;nature;მწვერვალი;"[""მწვერვალი"",""სვანეთი""]";true;true;4.4;მწვერვალი — სვანეთი.;{};35.86;35.23;2026-08-03 10:38:42.238563+00;42.71649;42.37415
osm-1633660091;გნუღი;მცხეთა-მთიანეთი;nature;მწვერვალი;"[""მწვერვალი"",""მცხეთა-მთიანეთი""]";true;true;4.4;მწვერვალი — მცხეთა-მთიანეთი.;{};63.73;44.31;2026-08-03 10:38:42.238563+00;42.4756617;44.2975018
osm-3438317492;გორვაში;რაჭა-ლეჩხუმი;nature;მწვერვალი;"[""მწვერვალი"",""რაჭა-ლეჩხუმი""]";true;true;4.4;მწვერვალი — რაჭა-ლეჩხუმი.;{};44.50;29.65;2026-08-03 10:38:42.238563+00;42.86415;42.97018
osm-4191451887;გორიბოლო;რაჭა-ლეჩხუმი;nature;მწვერვალი;"[""მწვერვალი"",""რაჭა-ლეჩხუმი""]";true;true;4.4;მწვერვალი — რაჭა-ლეჩხუმი.;{};49.62;29.83;2026-08-03 10:38:42.238563+00;42.85943;43.32358
osm-9285748161;გორისსერი;გურია;nature;მწვერვალი;"[""მწვერვალი"",""გურია""]";true;true;4.4;მწვერვალი — გურია.;{};36.83;71.13;2026-08-03 10:38:42.238563+00;41.76518;42.441
osm-5469272544;გოჯა;მცხეთა-მთიანეთი;nature;მწვერვალი;"[""მწვერვალი"",""მცხეთა-მთიანეთი""]";true;true;4.4;მწვერვალი — მცხეთა-მთიანეთი.;{};75.42;49.78;2026-08-03 10:38:42.238563+00;42.33077;45.10431
osm-11917324714;გრიგორი;სამცხე-ჯავახეთი;nature;მწვერვალი;"[""მწვერვალი"",""სამცხე-ჯავახეთი""]";true;true;4.4;მწვერვალი — სამცხე-ჯავახეთი.;{};55.57;82.90;2026-08-03 10:38:42.238563+00;41.45315;43.73414
osm-7886551681;გრძელის-გორა;კახეთი;nature;მწვერვალი;"[""მწვერვალი"",""კახეთი""]";true;true;4.4;მწვერვალი — კახეთი.;{};81.87;61.18;2026-08-03 10:38:42.238563+00;42.02869;45.54871
osm-11091251919;გუგულის სერი;ქვემო ქართლი;nature;მწვერვალი;"[""მწვერვალი"",""ქვემო ქართლი""]";true;true;4.4;მწვერვალი — ქვემო ქართლი.;{};67.58;73.77;2026-08-03 10:38:42.238563+00;41.69514;44.56292
osm-5402119622;გუდაგორი;კახეთი;nature;მწვერვალი;"[""მწვერვალი"",""კახეთი""]";true;true;4.4;მწვერვალი — კახეთი.;{};91.57;63.36;2026-08-03 10:38:42.238563+00;41.97084;46.21802
osm-8157819484;გუზუმბათი;მცხეთა-მთიანეთი;nature;მწვერვალი;"[""მწვერვალი"",""მცხეთა-მთიანეთი""]";true;true;4.4;მწვერვალი — მცხეთა-მთიანეთი.;{};72.98;55.58;2026-08-03 10:38:42.238563+00;42.177;44.93538
osm-3603876692;გულბა;სვანეთი;nature;მწვერვალი;"[""მწვერვალი"",""სვანეთი""]";true;true;4.4;მწვერვალი — სვანეთი.;{};40.21;20.21;2026-08-03 10:38:42.238563+00;43.11435;42.67473
osm-3425541860;გური;სვანეთი;nature;მწვერვალი;"[""მწვერვალი"",""სვანეთი""]";true;true;4.4;მწვერვალი — სვანეთი.;{};42.97;28.02;2026-08-03 10:38:42.238563+00;42.90734;42.86505
osm-5571973513;დაბალი ცერი;კახეთი;nature;მწვერვალი;"[""მწვერვალი"",""კახეთი""]";true;true;4.4;მწვერვალი — კახეთი.;{};82.94;56.42;2026-08-03 10:38:42.238563+00;42.15481;45.6232
osm-5631334637;დადაში;სვანეთი;nature;მწვერვალი;"[""მწვერვალი"",""სვანეთი""]";true;true;4.4;მწვერვალი — სვანეთი.;{};40.03;28.08;2026-08-03 10:38:42.238563+00;42.90591;42.66181
osm-3439235703;დადიაში;რაჭა-ლეჩხუმი;nature;მწვერვალი;"[""მწვერვალი"",""რაჭა-ლეჩხუმი""]";true;true;4.4;მწვერვალი — რაჭა-ლეჩხუმი.;{};45.77;29.82;2026-08-03 10:38:42.238563+00;42.85984;43.05782
osm-6321768975;დავითის მთა;თბილისი;nature;მწვერვალი;"[""მწვერვალი"",""თბილისი""]";true;true;4.4;მწვერვალი — თბილისი.;{};67.63;70.15;2026-08-03 10:38:42.238563+00;41.79109;44.56631
osm-12250525630;დავისმთა;სამცხე-ჯავახეთი;nature;მწვერვალი;"[""მწვერვალი"",""სამცხე-ჯავახეთი""]";true;true;4.4;მწვერვალი — სამცხე-ჯავახეთი.;{};46.26;68.39;2026-08-03 10:38:42.238563+00;41.83764;43.09191
osm-7625351046;დალიცავარიათაგი;სამცხე-ჯავახეთი;nature;მწვერვალი;"[""მწვერვალი"",""სამცხე-ჯავახეთი""]";true;true;4.4;მწვერვალი — სამცხე-ჯავახეთი.;{};50.36;74.22;2026-08-03 10:38:42.238563+00;41.68306;43.37493
osm-5469272829;დამასთი;მცხეთა-მთიანეთი;nature;მწვერვალი;"[""მწვერვალი"",""მცხეთა-მთიანეთი""]";true;true;4.4;მწვერვალი — მცხეთა-მთიანეთი.;{};75.16;54.98;2026-08-03 10:38:42.238563+00;42.19295;45.08609
osm-7279620300;დანახვისი;შიდა ქართლი;nature;მწვერვალი;"[""მწვერვალი"",""შიდა ქართლი""]";true;true;4.4;მწვერვალი — შიდა ქართლი.;{};61.13;66.37;2026-08-03 10:38:42.238563+00;41.89122;44.11819
osm-5538390439;დასავლეთ მყინვარწვერი;მცხეთა-მთიანეთი;nature;მწვერვალი;"[""მწვერვალი"",""მცხეთა-მთიანეთი""]";true;true;4.4;მწვერვალი — მცხეთა-მთიანეთი.;{};66.84;35.99;2026-08-03 10:38:42.238563+00;42.69634;44.51186
osm-1229187334;გუმბათი;სამცხე-ჯავახეთი;nature;მწვერვალი;"[""მწვერვალი"",""სამცხე-ჯავახეთი""]";true;true;4.4;მწვერვალი — სამცხე-ჯავახეთი.;{};45.8;85.53;2026-08-03 10:38:42.238563+00;41.3835083;43.0599714
osm-5998291266;დასავლეთ ჭაუხი;მცხეთა-მთიანეთი;nature;მწვერვალი;"[""მწვერვალი"",""მცხეთა-მთიანეთი""]";true;true;4.4;მწვერვალი — მცხეთა-მთიანეთი.;{};75.88;40.55;2026-08-03 10:38:42.238563+00;42.5753;45.13593
osm-4863362469;დასთეფე;კახეთი;nature;მწვერვალი;"[""მწვერვალი"",""კახეთი""]";true;true;4.4;მწვერვალი — კახეთი.;{};81.30;69.29;2026-08-03 10:38:42.238563+00;41.81386;45.50972
osm-13860268029;დაღვერილა;რაჭა-ლეჩხუმი;nature;მწვერვალი;"[""მწვერვალი"",""რაჭა-ლეჩხუმი""]";true;true;4.4;მწვერვალი — რაჭა-ლეჩხუმი.;{};53.40;44.54;2026-08-03 10:38:42.238563+00;42.46958;43.58461
osm-4869727183;დეფის მთა;მცხეთა-მთიანეთი;nature;მწვერვალი;"[""მწვერვალი"",""მცხეთა-მთიანეთი""]";true;true;4.4;მწვერვალი — მცხეთა-მთიანეთი.;{};73.33;51.97;2026-08-03 10:38:42.238563+00;42.27286;44.95991
osm-3660344138;დეცილი;სვანეთი;nature;მწვერვალი;"[""მწვერვალი"",""სვანეთი""]";true;true;4.4;მწვერვალი — სვანეთი.;{};38.63;22.11;2026-08-03 10:38:42.238563+00;43.06397;42.56545
osm-13718146030;დიდაღმართი;იმერეთი;nature;მწვერვალი;"[""მწვერვალი"",""იმერეთი""]";true;true;4.4;მწვერვალი — იმერეთი.;{};38.52;63.94;2026-08-03 10:38:42.238563+00;41.95572;42.55795
osm-5415755126;დიდგვერდი;კახეთი;nature;მწვერვალი;"[""მწვერვალი"",""კახეთი""]";true;true;4.4;მწვერვალი — კახეთი.;{};80.12;51.65;2026-08-03 10:38:42.238563+00;42.2814;45.42855
osm-5166837531;დიდვაკე;აჭარა;nature;მწვერვალი;"[""მწვერვალი"",""აჭარა""]";true;true;4.4;მწვერვალი — აჭარა.;{};29.62;79.49;2026-08-03 10:38:42.238563+00;41.54355;41.94396
osm-3502534241;დიდველი;კახეთი;nature;მწვერვალი;"[""მწვერვალი"",""კახეთი""]";true;true;4.4;მწვერვალი — კახეთი.;{};88.80;63.45;2026-08-03 10:38:42.238563+00;41.96849;46.02703
osm-6010895995;დიდველის სერი;თბილისი;nature;მწვერვალი;"[""მწვერვალი"",""თბილისი""]";true;true;4.4;მწვერვალი — თბილისი.;{};69.09;71.09;2026-08-03 10:38:42.238563+00;41.76618;44.66745
osm-5571973829;დიდი ანდარაზანი;კახეთი;nature;მწვერვალი;"[""მწვერვალი"",""კახეთი""]";true;true;4.4;მწვერვალი — კახეთი.;{};83.33;55.52;2026-08-03 10:38:42.238563+00;42.17885;45.6497
osm-12250488827;დიდი გორა;იმერეთი;nature;მწვერვალი;"[""მწვერვალი"",""იმერეთი""]";true;true;4.4;მწვერვალი — იმერეთი.;{};45.24;67.29;2026-08-03 10:38:42.238563+00;41.86677;43.02152
osm-6720353050;დიდი ვაკე;გურია;nature;მწვერვალი;"[""მწვერვალი"",""გურია""]";true;true;4.4;მწვერვალი — გურია.;{};33.25;69.17;2026-08-03 10:38:42.238563+00;41.81704;42.19424
osm-5836216345;დიდი ქართა;შიდა ქართლი;nature;მწვერვალი;"[""მწვერვალი"",""შიდა ქართლი""]";true;true;4.4;მწვერვალი — შიდა ქართლი.;{};53.63;66.70;2026-08-03 10:38:42.238563+00;41.88236;43.60039
osm-13860268458;დიდი ცხეპარი;რაჭა-ლეჩხუმი;nature;მწვერვალი;"[""მწვერვალი"",""რაჭა-ლეჩხუმი""]";true;true;4.4;მწვერვალი — რაჭა-ლეჩხუმი.;{};53.00;47.29;2026-08-03 10:38:42.238563+00;42.39681;43.55727
osm-8699534797;დიდი ცხვირი;თბილისი;nature;მწვერვალი;"[""მწვერვალი"",""თბილისი""]";true;true;4.4;მწვერვალი — თბილისი.;{};75.27;69.37;2026-08-03 10:38:42.238563+00;41.81171;45.09388
osm-12791374163;დიდინელი;იმერეთი;nature;მწვერვალი;"[""მწვერვალი"",""იმერეთი""]";true;true;4.4;მწვერვალი — იმერეთი.;{};42.04;64.19;2026-08-03 10:38:42.238563+00;41.94901;42.8006
osm-1353722961;დენიღისთავი;მცხეთა-მთიანეთი;nature;მწვერვალი;"[""მწვერვალი"",""მცხეთა-მთიანეთი""]";true;true;4.4;მწვერვალი — მცხეთა-მთიანეთი.;{};75.44;37.31;2026-08-03 10:38:42.238563+00;42.6613784;45.1055894
osm-2103398745;დედა ენა;მცხეთა-მთიანეთი;nature;მწვერვალი;"[""მწვერვალი"",""მცხეთა-მთიანეთი""]";true;true;4.4;მწვერვალი — მცხეთა-მთიანეთი.;{};65.61;42.65;2026-08-03 10:38:42.238563+00;42.5198264;44.427009
osm-9443782006;დიდმარელის სერი;თბილისი;nature;მწვერვალი;"[""მწვერვალი"",""თბილისი""]";true;true;4.4;მწვერვალი — თბილისი.;{};71.81;63.24;2026-08-03 10:38:42.238563+00;41.97415;44.85459
osm-3429516384;დიდღალიშდუდი;სამეგრელო;nature;მწვერვალი;"[""მწვერვალი"",""სამეგრელო""]";true;true;4.4;მწვერვალი — სამეგრელო.;{};33.26;30.65;2026-08-03 10:38:42.238563+00;42.83785;42.19463
osm-12696335193;დიდცხვირა;თბილისი;nature;მწვერვალი;"[""მწვერვალი"",""თბილისი""]";true;true;4.4;მწვერვალი — თბილისი.;{};76.36;64.50;2026-08-03 10:38:42.238563+00;41.94075;45.16894
osm-11488980844;დიკლოსმთა გზაჯვარედინი;კახეთი;nature;მწვერვალი;"[""მწვერვალი"",""კახეთი""]";true;true;4.4;მწვერვალი — კახეთი.;{};85.12;43.83;2026-08-03 10:38:42.238563+00;42.48858;45.77303
osm-6792492085;დიკლოსმთა სამხრეთის;კახეთი;nature;მწვერვალი;"[""მწვერვალი"",""კახეთი""]";true;true;4.4;მწვერვალი — კახეთი.;{};85.15;44.08;2026-08-03 10:38:42.238563+00;42.48194;45.77522
osm-5631334645;დიურისთავი;სვანეთი;nature;მწვერვალი;"[""მწვერვალი"",""სვანეთი""]";true;true;4.4;მწვერვალი — სვანეთი.;{};38.36;34.34;2026-08-03 10:38:42.238563+00;42.74;42.54708
osm-3502511090;დოლა გიბისთითი;კახეთი;nature;მწვერვალი;"[""მწვერვალი"",""კახეთი""]";true;true;4.4;მწვერვალი — კახეთი.;{};87.62;61.82;2026-08-03 10:38:42.238563+00;42.01165;45.94608
osm-3502512994;დოლიგუბის-თავი;კახეთი;nature;მწვერვალი;"[""მწვერვალი"",""კახეთი""]";true;true;4.4;მწვერვალი — კახეთი.;{};87.53;62.82;2026-08-03 10:38:42.238563+00;41.98524;45.93934
osm-9310182305;დოლომისი;რაჭა-ლეჩხუმი;nature;მწვერვალი;"[""მწვერვალი"",""რაჭა-ლეჩხუმი""]";true;true;4.4;მწვერვალი — რაჭა-ლეჩხუმი.;{};54.12;37.33;2026-08-03 10:38:42.238563+00;42.66063;43.63442
osm-4318551122;დოლრა;სვანეთი;nature;მწვერვალი;"[""მწვერვალი"",""სვანეთი""]";true;true;4.4;მწვერვალი — სვანეთი.;{};38.13;18.59;2026-08-03 10:38:42.238563+00;43.15742;42.53111
osm-4191436474;დომბისწვერი;რაჭა-ლეჩხუმი;nature;მწვერვალი;"[""მწვერვალი"",""რაჭა-ლეჩხუმი""]";true;true;4.4;მწვერვალი — რაჭა-ლეჩხუმი.;{};52.35;31.42;2026-08-03 10:38:42.238563+00;42.81732;43.51204
osm-11917324721;ეგოისარი;შიდა ქართლი;nature;მწვერვალი;"[""მწვერვალი"",""შიდა ქართლი""]";true;true;4.4;მწვერვალი — შიდა ქართლი.;{};55.95;75.62;2026-08-03 10:38:42.238563+00;41.64615;43.76038
osm-4191395806;ედენა;რაჭა-ლეჩხუმი;nature;მწვერვალი;"[""მწვერვალი"",""რაჭა-ლეჩხუმი""]";true;true;4.4;მწვერვალი — რაჭა-ლეჩხუმი.;{};50.63;29.18;2026-08-03 10:38:42.238563+00;42.87684;43.39316
osm-7071553034;ეკალამთა;თბილისი;nature;მწვერვალი;"[""მწვერვალი"",""თბილისი""]";true;true;4.4;მწვერვალი — თბილისი.;{};76.08;64.26;2026-08-03 10:38:42.238563+00;41.94703;45.14985
osm-7864401185;ეკლესიისთავი;ქვემო ქართლი;nature;მწვერვალი;"[""მწვერვალი"",""ქვემო ქართლი""]";true;true;4.4;მწვერვალი — ქვემო ქართლი.;{};64.92;68.44;2026-08-03 10:38:42.238563+00;41.83631;44.37975
osm-5631334649;ელი;სვანეთი;nature;მწვერვალი;"[""მწვერვალი"",""სვანეთი""]";true;true;4.4;მწვერვალი — სვანეთი.;{};41.40;27.98;2026-08-03 10:38:42.238563+00;42.90861;42.75645
osm-5759458511;ელი კარი;ქვემო ქართლი;nature;მწვერვალი;"[""მწვერვალი"",""ქვემო ქართლი""]";true;true;4.4;მწვერვალი — ქვემო ქართლი.;{};64.20;70.42;2026-08-03 10:38:42.238563+00;41.78387;44.32972
osm-6010896067;ელია;თბილისი;nature;მწვერვალი;"[""მწვერვალი"",""თბილისი""]";true;true;4.4;მწვერვალი — თბილისი.;{};68.80;70.98;2026-08-03 10:38:42.238563+00;41.76908;44.64742
osm-13727363043;ელიას მთა;კახეთი;nature;მწვერვალი;"[""მწვერვალი"",""კახეთი""]";true;true;4.4;მწვერვალი — კახეთი.;{};89.98;83.32;2026-08-03 10:38:42.238563+00;41.44193;46.10884
osm-3607661109;ენგური;რაჭა-ლეჩხუმი;nature;მწვერვალი;"[""მწვერვალი"",""რაჭა-ლეჩხუმი""]";true;true;4.4;მწვერვალი — რაჭა-ლეჩხუმი.;{};47.01;25.77;2026-08-03 10:38:42.238563+00;42.96702;43.1438
osm-9334659277;ერმანი;მცხეთა-მთიანეთი;nature;მწვერვალი;"[""მწვერვალი"",""მცხეთა-მთიანეთი""]";true;true;4.4;მწვერვალი — მცხეთა-მთიანეთი.;{};62.90;44.06;2026-08-03 10:38:42.238563+00;42.48251;44.24044
osm-9341696836;ესი;მცხეთა-მთიანეთი;nature;მწვერვალი;"[""მწვერვალი"",""მცხეთა-მთიანეთი""]";true;true;4.4;მწვერვალი — მცხეთა-მთიანეთი.;{};65.07;40.93;2026-08-03 10:38:42.238563+00;42.56537;44.38983
osm-7106642673;ეფრემის-კლდე;ქვემო ქართლი;nature;მწვერვალი;"[""მწვერვალი"",""ქვემო ქართლი""]";true;true;4.4;მწვერვალი — ქვემო ქართლი.;{};63.60;71.35;2026-08-03 10:38:42.238563+00;41.75922;44.28833
osm-12331451415;ვარკეთილა;თბილისი;nature;მწვერვალი;"[""მწვერვალი"",""თბილისი""]";true;true;4.4;მწვერვალი — თბილისი.;{};71.54;72.81;2026-08-03 10:38:42.238563+00;41.72043;44.83649
osm-10679165051;ვაჩაძისსათიბი;რაჭა-ლეჩხუმი;nature;მწვერვალი;"[""მწვერვალი"",""რაჭა-ლეჩხუმი""]";true;true;4.4;მწვერვალი — რაჭა-ლეჩხუმი.;{};49.70;37.79;2026-08-03 10:38:42.238563+00;42.64845;43.32903
osm-3660343606;ვაჭკილდი;სვანეთი;nature;მწვერვალი;"[""მწვერვალი"",""სვანეთი""]";true;true;4.4;მწვერვალი — სვანეთი.;{};38.40;22.59;2026-08-03 10:38:42.238563+00;43.05137;42.54955
osm-3438317491;ვერგელი;სვანეთი;nature;მწვერვალი;"[""მწვერვალი"",""სვანეთი""]";true;true;4.4;მწვერვალი — სვანეთი.;{};43.48;25.14;2026-08-03 10:38:42.238563+00;42.98382;42.90037
osm-5344465570;ვერონას მთა;თბილისი;nature;მწვერვალი;"[""მწვერვალი"",""თბილისი""]";true;true;4.4;მწვერვალი — თბილისი.;{};77.48;67.67;2026-08-03 10:38:42.238563+00;41.85676;45.24616
osm-5631334638;ვერჩე;სამეგრელო;nature;მწვერვალი;"[""მწვერვალი"",""სამეგრელო""]";true;true;4.4;მწვერვალი — სამეგრელო.;{};31.48;29.78;2026-08-03 10:38:42.238563+00;42.86092;42.07198
osm-8388634384;ვიბისი;თბილისი;nature;მწვერვალი;"[""მწვერვალი"",""თბილისი""]";true;true;4.4;მწვერვალი — თბილისი.;{};71.74;67.34;2026-08-03 10:38:42.238563+00;41.86547;44.84978
osm-5631334646;ვიცილდაში;სვანეთი;nature;მწვერვალი;"[""მწვერვალი"",""სვანეთი""]";true;true;4.4;მწვერვალი — სვანეთი.;{};38.26;36.76;2026-08-03 10:38:42.238563+00;42.67595;42.54009
osm-3427088540;ზანილი;სვანეთი;nature;მწვერვალი;"[""მწვერვალი"",""სვანეთი""]";true;true;4.4;მწვერვალი — სვანეთი.;{};40.70;25.91;2026-08-03 10:38:42.238563+00;42.9633;42.70838
osm-7132810013;ზედა მთა;თბილისი;nature;მწვერვალი;"[""მწვერვალი"",""თბილისი""]";true;true;4.4;მწვერვალი — თბილისი.;{};77.61;68.44;2026-08-03 10:38:42.238563+00;41.83631;45.25489
osm-6776947699;ზედაველა;შიდა ქართლი;nature;მწვერვალი;"[""მწვერვალი"",""შიდა ქართლი""]";true;true;4.4;მწვერვალი — შიდა ქართლი.;{};61.62;64.14;2026-08-03 10:38:42.238563+00;41.95035;44.15185
osm-207729472;ახალი ათონის მღვიმე;აფხაზეთი;nature;მღვიმე;"[""მღვიმე"",""აფხაზეთი""]";false;false;4.8;მღვიმე — აფხაზეთი.;{};13.19;21.11;2026-08-03 10:38:42.238563+00;43.0905703;40.8101092
osm-391263508;ივერიის მთა;აფხაზეთი;nature;მწვერვალი;"[""მწვერვალი"",""აფხაზეთი""]";true;true;4.4;მწვერვალი — აფხაზეთი.;{};13.16;20.96;2026-08-03 10:38:42.238563+00;43.0944962;40.8081628
osm-391263761;ანაკოფია;აფხაზეთი;culture;არქეოლოგიური ძეგლი;"[""არქეოლოგიური ძეგლი"",""აფხაზეთი""]";false;false;4.8;არქეოლოგიური ძეგლი — აფხაზეთი.;{};13.16;20.96;2026-08-03 10:38:42.238563+00;43.0945598;40.8081485
osm-410410919;უკრაინის სახალხო რესპუბლიკის მისია;თბილისი;culture;მემორიალი;"[""მემორიალი"",""თბილისი""]";false;false;4.8;მემორიალი — თბილისი.;{};70.88;73.44;2026-08-04 09:08:22.483763+00;41.7038488;44.7907036
osm-411668808;ცამეტი;თბილისი;food;რესტორანი;"[""რესტორანი"",""თბილისი""]";false;false;4.8;რესტორანი — თბილისი.;{};70.24;72.87;2026-08-04 09:08:22.483763+00;41.7188444;44.746517
osm-411692073;გუდარეხი;ქვემო ქართლი;food;კვება;"[""კვება"",""ქვემო ქართლი""]";false;false;4.8;კვება — ქვემო ქართლი.;{};65.62;77.67;2026-08-03 10:38:42.238563+00;41.5917117;44.4279818
osm-412214448;საქართველოს ეროვნული მუზეუმი;თბილისი;leisure;მუზეუმი;"[""მუზეუმი"",""თბილისი""]";false;false;4.8;მუზეუმი — თბილისი.;{};71.02;73.73;2026-08-03 10:38:42.238563+00;41.6960428;44.8002209
osm-412222315;თაღლაურა;თბილისი;food;რესტორანი;"[""რესტორანი"",""თბილისი""]";false;false;4.8;რესტორანი — თბილისი.;{};70.73;72.69;2026-08-04 09:08:22.483763+00;41.7236907;44.7807125
osm-413317730;ბუ' ნება 700;თბილისი;food;კაფე;"[""კაფე"",""თბილისი""]";false;false;4.8;კაფე — თბილისი.;{};70.35;73.53;2026-08-04 09:08:22.483763+00;41.7013279;44.7540845
osm-413347271;ლაბოდა;რაჭა-ლეჩხუმი;nature;მწვერვალი;"[""მწვერვალი"",""რაჭა-ლეჩხუმი""]";true;true;4.4;მწვერვალი — რაჭა-ლეჩხუმი.;{};51.85;28.66;2026-08-04 09:08:22.483763+00;42.8906031;43.4775624
osm-413347275;გეზე;რაჭა-ლეჩხუმი;nature;მწვერვალი;"[""მწვერვალი"",""რაჭა-ლეჩხუმი""]";true;true;4.4;მწვერვალი — რაჭა-ლეჩხუმი.;{};50.73;28.54;2026-08-03 10:38:42.238563+00;42.8936677;43.4002769
osm-1610897232;ვახუშტი;რაჭა-ლეჩხუმი;nature;მწვერვალი;"[""მწვერვალი"",""რაჭა-ლეჩხუმი""]";true;true;4.4;მწვერვალი — რაჭა-ლეჩხუმი.;{};47.01;26.13;2026-08-03 10:38:42.238563+00;42.9576346;43.1434123
osm-413369620;სივერაუტი;მცხეთა-მთიანეთი;nature;მწვერვალი;"[""მწვერვალი"",""მცხეთა-მთიანეთი""]";true;true;4.4;მწვერვალი — მცხეთა-მთიანეთი.;{};63.07;36.54;2026-08-03 10:38:42.238563+00;42.6815865;44.2515061
osm-413371678;ქოზი;რაჭა-ლეჩხუმი;nature;მწვერვალი;"[""მწვერვალი"",""რაჭა-ლეჩხუმი""]";true;true;4.4;მწვერვალი — რაჭა-ლეჩხუმი.;{};55.38;38.5;2026-08-04 09:08:22.483763+00;42.6297276;43.7213415
osm-413371679;მთა ბრუტსაბძელი;შიდა ქართლი;nature;მწვერვალი;"[""მწვერვალი"",""შიდა ქართლი""]";true;true;4.4;მწვერვალი — შიდა ქართლი.;{};59.55;42.25;2026-08-03 10:38:42.238563+00;42.5302985;44.0091705
osm-413372274;ზილგახოხი;მცხეთა-მთიანეთი;nature;მწვერვალი;"[""მწვერვალი"",""მცხეთა-მთიანეთი""]";true;true;4.4;მწვერვალი — მცხეთა-მთიანეთი.;{};62.68;39.22;2026-08-03 10:38:42.238563+00;42.6107132;44.2249943
osm-413372275;ლაღზწითი;მცხეთა-მთიანეთი;nature;მწვერვალი;"[""მწვერვალი"",""მცხეთა-მთიანეთი""]";true;true;4.4;მწვერვალი — მცხეთა-მთიანეთი.;{};63.92;41.12;2026-08-03 10:38:42.238563+00;42.5603989;44.3102443
osm-413375482;ნარვანი;მცხეთა-მთიანეთი;nature;მწვერვალი;"[""მწვერვალი"",""მცხეთა-მთიანეთი""]";true;true;4.4;მწვერვალი — მცხეთა-მთიანეთი.;{};67.61;42.72;2026-08-03 10:38:42.238563+00;42.5179931;44.5653662
osm-413386508;მანგაავცაგი;შიდა ქართლი;nature;მწვერვალი;"[""მწვერვალი"",""შიდა ქართლი""]";true;true;4.4;მწვერვალი — შიდა ქართლი.;{};62.12;45.12;2026-08-04 09:08:22.483763+00;42.4544098;44.1864303
osm-413386511;მ. მშირლი;შიდა ქართლი;nature;მწვერვალი;"[""მწვერვალი"",""შიდა ქართლი""]";true;true;4.4;მწვერვალი — შიდა ქართლი.;{};60.21;47.07;2026-08-04 09:08:22.483763+00;42.4025498;44.0547953
osm-420675583;მაღალაანთ ზემო კოშკი;ქვემო ქართლი;culture;ძეგლი;"[""ძეგლი"",""ქვემო ქართლი""]";false;false;4.8;ძეგლი — ქვემო ქართლი.;{};65.84;69.18;2026-08-04 09:08:22.483763+00;41.8167621;44.4429974
osm-420697830;ციციშვილების ციხე;თბილისი;culture;ციხე-დარბაზი;"[""ციხე-დარბაზი"",""თბილისი""]";false;false;4.8;ციხე-დარბაზი — თბილისი.;{};67.19;68.69;2026-08-03 10:38:42.238563+00;41.8296533;44.53623
osm-427861868;მ.ხოჩალდაღი;კახეთი;nature;მწვერვალი;"[""მწვერვალი"",""კახეთი""]";true;true;4.4;მწვერვალი — კახეთი.;{};94.23;64.9;2026-08-04 09:08:22.483763+00;41.9301151;46.4016545
osm-427888538;გვანდრა;სამეგრელო-ზემო სვანეთი;nature;მწვერვალი;"[""მწვერვალი"",""სამეგრელო-ზემო სვანეთი""]";true;true;4.4;მწვერვალი — სამეგრელო-ზემო სვანეთი.;{};31.6;16.8;2026-08-03 10:38:42.238563+00;43.2046918;42.0806938
osm-427900546;მაღუაშარხა;სამეგრელო-ზემო სვანეთი;nature;მწვერვალი;"[""მწვერვალი"",""სამეგრელო-ზემო სვანეთი""]";true;true;4.4;მწვერვალი — სამეგრელო-ზემო სვანეთი.;{};31.7;20.33;2026-08-04 09:08:22.483763+00;43.1112697;42.0876003
osm-427900564;ხარიხრა;სამეგრელო-ზემო სვანეთი;nature;მწვერვალი;"[""მწვერვალი"",""სამეგრელო-ზემო სვანეთი""]";true;true;4.4;მწვერვალი — სამეგრელო-ზემო სვანეთი.;{};31.58;20.97;2026-08-04 09:08:22.483763+00;43.0942453;42.0792144
osm-427900696;ხოჯალი;სამეგრელო-ზემო სვანეთი;nature;მწვერვალი;"[""მწვერვალი"",""სამეგრელო-ზემო სვანეთი""]";true;true;4.4;მწვერვალი — სამეგრელო-ზემო სვანეთი.;{};28.52;25.11;2026-08-04 09:08:22.483763+00;42.9845302;41.8677692
osm-427960589;აღმოსავლეთი გვანდრა;სამეგრელო-ზემო სვანეთი;nature;მწვერვალი;"[""მწვერვალი"",""სამეგრელო-ზემო სვანეთი""]";true;true;4.4;მწვერვალი — სამეგრელო-ზემო სვანეთი.;{};31.82;16.45;2026-08-04 09:08:22.483763+00;43.2139761;42.0954182
osm-427960596;მირდი - Мырды;სამეგრელო-ზემო სვანეთი;nature;მწვერვალი;"[""მწვერვალი"",""სამეგრელო-ზემო სვანეთი""]";true;true;4.4;მწვერვალი — სამეგრელო-ზემო სვანეთი.;{};32.12;16.6;2026-08-04 09:08:22.483763+00;43.2101134;42.1165433
osm-427960601;ტურია;სამეგრელო-ზემო სვანეთი;nature;მწვერვალი;"[""მწვერვალი"",""სამეგრელო-ზემო სვანეთი""]";true;true;4.4;მწვერვალი — სამეგრელო-ზემო სვანეთი.;{};32.34;16.56;2026-08-04 09:08:22.483763+00;43.211079;42.1315851
osm-427960603;აგური;სამეგრელო-ზემო სვანეთი;nature;მწვერვალი;"[""მწვერვალი"",""სამეგრელო-ზემო სვანეთი""]";true;true;4.4;მწვერვალი — სამეგრელო-ზემო სვანეთი.;{};32.4;16.34;2026-08-03 10:38:42.238563+00;43.216986;42.135305
osm-427960631;ციხე-სიმაგრე;სამეგრელო-ზემო სვანეთი;nature;მწვერვალი;"[""მწვერვალი"",""სამეგრელო-ზემო სვანეთი""]";true;true;4.4;მწვერვალი — სამეგრელო-ზემო სვანეთი.;{};33.24;16.26;2026-08-04 09:08:22.483763+00;43.219089;42.193228
osm-427960646;ჩუნგურჯარი;სამეგრელო-ზემო სვანეთი;nature;მწვერვალი;"[""მწვერვალი"",""სამეგრელო-ზემო სვანეთი""]";true;true;4.4;მწვერვალი — სამეგრელო-ზემო სვანეთი.;{};33.79;15.95;2026-08-04 09:08:22.483763+00;43.2273552;42.2315038
osm-427960652;ჩუნგურბაში;სამეგრელო-ზემო სვანეთი;nature;მწვერვალი;"[""მწვერვალი"",""სამეგრელო-ზემო სვანეთი""]";true;true;4.4;მწვერვალი — სამეგრელო-ზემო სვანეთი.;{};34.01;15.92;2026-08-04 09:08:22.483763+00;43.2280967;42.2464113
osm-427960668;მანჭყაპი;სამეგრელო-ზემო სვანეთი;nature;მწვერვალი;"[""მწვერვალი"",""სამეგრელო-ზემო სვანეთი""]";true;true;4.4;მწვერვალი — სამეგრელო-ზემო სვანეთი.;{};34.71;16.57;2026-08-04 09:08:22.483763+00;43.2109231;42.2952318
osm-427960677;ტანიშხანი;სამეგრელო-ზემო სვანეთი;nature;მწვერვალი;"[""მწვერვალი"",""სამეგრელო-ზემო სვანეთი""]";true;true;4.4;მწვერვალი — სამეგრელო-ზემო სვანეთი.;{};34.88;16.1;2026-08-04 09:08:22.483763+00;43.2233439;42.3066732
osm-427960755;ნენსკრა - Ненскра;სამეგრელო-ზემო სვანეთი;nature;მწვერვალი;"[""მწვერვალი"",""სამეგრელო-ზემო სვანეთი""]";true;true;4.4;მწვერვალი — სამეგრელო-ზემო სვანეთი.;{};36.88;15.89;2026-08-04 09:08:22.483763+00;43.2289206;42.4444143
osm-427960773;ნაკრატაუ;სამეგრელო-ზემო სვანეთი;nature;მწვერვალი;"[""მწვერვალი"",""სამეგრელო-ზემო სვანეთი""]";true;true;4.4;მწვერვალი — სამეგრელო-ზემო სვანეთი.;{};37.61;16.98;2026-08-04 09:08:22.483763+00;43.2000992;42.4949947
osm-427960778;ბაბისმთა;სამეგრელო-ზემო სვანეთი;nature;მწვერვალი;"[""მწვერვალი"",""სამეგრელო-ზემო სვანეთი""]";true;true;4.4;მწვერვალი — სამეგრელო-ზემო სვანეთი.;{};37.89;17.18;2026-08-04 09:08:22.483763+00;43.1948119;42.5145521
osm-427960800;ოლიმპიელი;სამეგრელო-ზემო სვანეთი;nature;მწვერვალი;"[""მწვერვალი"",""სამეგრელო-ზემო სვანეთი""]";true;true;4.4;მწვერვალი — სამეგრელო-ზემო სვანეთი.;{};38.71;17.94;2026-08-04 09:08:22.483763+00;43.1745443;42.5710375
osm-427960818;ფიზკულთურნიკი;სამეგრელო-ზემო სვანეთი;nature;მწვერვალი;"[""მწვერვალი"",""სამეგრელო-ზემო სვანეთი""]";true;true;4.4;მწვერვალი — სამეგრელო-ზემო სვანეთი.;{};39.18;18.38;2026-08-04 09:08:22.483763+00;43.1628084;42.6032799
osm-427960829;დასავლეთი შხელდა;სამეგრელო-ზემო სვანეთი;nature;მწვერვალი;"[""მწვერვალი"",""სამეგრელო-ზემო სვანეთი""]";true;true;4.4;მწვერვალი — სამეგრელო-ზემო სვანეთი.;{};39.64;18.71;2026-08-04 09:08:22.483763+00;43.1541383;42.634875
osm-427960834;აღმოსავლეთ შხელდა;სამეგრელო-ზემო სვანეთი;nature;მწვერვალი;"[""მწვერვალი"",""სამეგრელო-ზემო სვანეთი""]";true;true;4.4;მწვერვალი — სამეგრელო-ზემო სვანეთი.;{};39.87;19.04;2026-08-04 09:08:22.483763+00;43.1454043;42.6513421
osm-427960840;პატარა უშბა;სამეგრელო-ზემო სვანეთი;nature;მწვერვალი;"[""მწვერვალი"",""სამეგრელო-ზემო სვანეთი""]";true;true;4.4;მწვერვალი — სამეგრელო-ზემო სვანეთი.;{};40.13;19.43;2026-08-04 09:08:22.483763+00;43.135204;42.6692867
osm-427960949;სტახანოველი;რაჭა-ლეჩხუმი;nature;მწვერვალი;"[""მწვერვალი"",""რაჭა-ლეჩხუმი""]";true;true;4.4;მწვერვალი — რაჭა-ლეჩხუმი.;{};43.11;18.39;2026-08-04 09:08:22.483763+00;43.1626914;42.8743929
osm-427960978;ბოდორკყ;რაჭა-ლეჩხუმი;nature;მწვერვალი;"[""მწვერვალი"",""რაჭა-ლეჩხუმი""]";true;true;4.4;მწვერვალი — რაჭა-ლეჩხუმი.;{};43.95;18.99;2026-08-04 09:08:22.483763+00;43.1468503;42.9326499
osm-427961016;ყვითლოდი;რაჭა-ლეჩხუმი;nature;მწვერვალი;"[""მწვერვალი"",""რაჭა-ლეჩხუმი""]";true;true;4.4;მწვერვალი — რაჭა-ლეჩხუმი.;{};44.4;19.81;2026-08-04 09:08:22.483763+00;43.1251372;42.9635231
osm-427961034;ტიხტენგენი;რაჭა-ლეჩხუმი;nature;მწვერვალი;"[""მწვერვალი"",""რაჭა-ლეჩხუმი""]";true;true;4.4;მწვერვალი — რაჭა-ლეჩხუმი.;{};44.78;20.03;2026-08-04 09:08:22.483763+00;43.119118;42.990075
osm-427961048;ცანერი;რაჭა-ლეჩხუმი;nature;მწვერვალი;"[""მწვერვალი"",""რაჭა-ლეჩხუმი""]";true;true;4.4;მწვერვალი — რაჭა-ლეჩხუმი.;{};45.33;20.79;2026-08-04 09:08:22.483763+00;43.0990185;43.027746
osm-427961056;ორტოკარა;რაჭა-ლეჩხუმი;nature;მწვერვალი;"[""მწვერვალი"",""რაჭა-ლეჩხუმი""]";true;true;4.4;მწვერვალი — რაჭა-ლეჩხუმი.;{};45.55;21.21;2026-08-04 09:08:22.483763+00;43.0880049;43.0430542
osm-427961079;გისტოლა;რაჭა-ლეჩხუმი;nature;მწვერვალი;"[""მწვერვალი"",""რაჭა-ლეჩხუმი""]";true;true;4.4;მწვერვალი — რაჭა-ლეჩხუმი.;{};45.3;22.72;2026-08-04 09:08:22.483763+00;43.0480084;43.0257681
osm-925715747;თაღლაურა;თბილისი;food;რესტორანი;"[""რესტორანი"",""თბილისი""]";false;false;4.8;რესტორანი — თბილისი.;{};71.52;74.47;2026-08-04 09:08:22.483763+00;41.6766008;44.8346187
osm-427961096;კათინთაუ;რაჭა-ლეჩხუმი;nature;მწვერვალი;"[""მწვერვალი"",""რაჭა-ლეჩხუმი""]";true;true;4.4;მწვერვალი — რაჭა-ლეჩხუმი.;{};45.45;23.41;2026-08-03 10:38:42.238563+00;43.029604;43.0363441
osm-427961111;ჯანღა;რაჭა-ლეჩხუმი;nature;მწვერვალი;"[""მწვერვალი"",""რაჭა-ლეჩხუმი""]";true;true;4.4;მწვერვალი — რაჭა-ლეჩხუმი.;{};45.95;24.05;2026-08-04 09:08:22.483763+00;43.0128;43.0707723
osm-427961118;დასავლეთი შხარა;რაჭა-ლეჩხუმი;nature;მწვერვალი;"[""მწვერვალი"",""რაჭა-ლეჩხუმი""]";true;true;4.4;მწვერვალი — რაჭა-ლეჩხუმი.;{};46.23;24.57;2026-08-03 10:38:42.238563+00;42.9988701;43.0897
osm-427961128;შხარა;რაჭა-ლეჩხუმი;nature;მწვერვალი;"[""მწვერვალი"",""რაჭა-ლეჩხუმი""]";true;true;4.4;მწვერვალი — რაჭა-ლეჩხუმი.;{};46.57;24.55;2026-08-04 09:08:22.483763+00;42.9993155;43.1131333
osm-427961143;ლაკუცა;რაჭა-ლეჩხუმი;nature;მწვერვალი;"[""მწვერვალი"",""რაჭა-ლეჩხუმი""]";true;true;4.4;მწვერვალი — რაჭა-ლეჩხუმი.;{};46.86;25.09;2026-08-04 09:08:22.483763+00;42.985133;43.1333339
osm-427961155;მირანგულას;რაჭა-ლეჩხუმი;nature;მწვერვალი;"[""მწვერვალი"",""რაჭა-ლეჩხუმი""]";true;true;4.4;მწვერვალი — რაჭა-ლეჩხუმი.;{};46.98;25.42;2026-08-04 09:08:22.483763+00;42.9764804;43.1414865
osm-427961160;ნამყუამი;რაჭა-ლეჩხუმი;nature;მწვერვალი;"[""მწვერვალი"",""რაჭა-ლეჩხუმი""]";true;true;4.4;მწვერვალი — რაჭა-ლეჩხუმი.;{};47;25.66;2026-08-04 09:08:22.483763+00;42.9699139;43.1428329
osm-427961178;აილამა;რაჭა-ლეჩხუმი;nature;მწვერვალი;"[""მწვერვალი"",""რაჭა-ლეჩხუმი""]";true;true;4.4;მწვერვალი — რაჭა-ლეჩხუმი.;{};47.53;26.14;2026-08-04 09:08:22.483763+00;42.9573207;43.179411
osm-427961193;წურუნგალი;რაჭა-ლეჩხუმი;nature;მწვერვალი;"[""მწვერვალი"",""რაჭა-ლეჩხუმი""]";true;true;4.4;მწვერვალი — რაჭა-ლეჩხუმი.;{};47.63;26.88;2026-08-04 09:08:22.483763+00;42.9376125;43.1862957
osm-427961209;შავი უცნობი;რაჭა-ლეჩხუმი;nature;მწვერვალი;"[""მწვერვალი"",""რაჭა-ლეჩხუმი""]";true;true;4.4;მწვერვალი — რაჭა-ლეჩხუმი.;{};47.98;27.08;2026-08-04 09:08:22.483763+00;42.932467;43.2106353
osm-427961223;ზესხო / Зесхо;რაჭა-ლეჩხუმი;nature;მწვერვალი;"[""მწვერვალი"",""რაჭა-ლეჩხუმი""]";true;true;4.4;მწვერვალი — რაჭა-ლეჩხუმი.;{};48.38;27.39;2026-08-04 09:08:22.483763+00;42.9241614;43.2383354
osm-427961230;ნინოშვილი;რაჭა-ლეჩხუმი;nature;მწვერვალი;"[""მწვერვალი"",""რაჭა-ლეჩხუმი""]";true;true;4.4;მწვერვალი — რაჭა-ლეჩხუმი.;{};48.58;27.46;2026-08-04 09:08:22.483763+00;42.9223919;43.251906
osm-427961238;მარჯანიშვილი;რაჭა-ლეჩხუმი;nature;მწვერვალი;"[""მწვერვალი"",""რაჭა-ლეჩხუმი""]";true;true;4.4;მწვერვალი — რაჭა-ლეჩხუმი.;{};48.89;27.46;2026-08-04 09:08:22.483763+00;42.9224141;43.273291
osm-427961256;მაჩხაფარისწვეერი;რაჭა-ლეჩხუმი;nature;მწვერვალი;"[""მწვერვალი"",""რაჭა-ლეჩხუმი""]";true;true;4.4;მწვერვალი — რაჭა-ლეჩხუმი.;{};49.28;28.03;2026-08-04 09:08:22.483763+00;42.9073332;43.3003884
osm-427961261;შარიტაუ;რაჭა-ლეჩხუმი;nature;მწვერვალი;"[""მწვერვალი"",""რაჭა-ლეჩხუმი""]";true;true;4.4;მწვერვალი — რაჭა-ლეჩხუმი.;{};49.53;27.74;2026-08-04 09:08:22.483763+00;42.914819;43.317549
osm-427961325;ლაბოდა;რაჭა-ლეჩხუმი;nature;მწვერვალი;"[""მწვერვალი"",""რაჭა-ლეჩხუმი""]";true;true;4.4;მწვერვალი — რაჭა-ლეჩხუმი.;{};51.85;28.81;2026-08-04 09:08:22.483763+00;42.8864438;43.4779376
osm-427961488;ჭანჭახი;რაჭა-ლეჩხუმი;nature;მწვერვალი;"[""მწვერვალი"",""რაჭა-ლეჩხუმი""]";true;true;4.4;მწვერვალი — რაჭა-ლეჩხუმი.;{};56.43;34.16;2026-08-03 10:38:42.238563+00;42.7447341;43.7936678
osm-427961667;ძედო;შიდა ქართლი;nature;მწვერვალი;"[""მწვერვალი"",""შიდა ქართლი""]";true;true;4.4;მწვერვალი — შიდა ქართლი.;{};58.12;40.55;2026-08-04 09:08:22.483763+00;42.5753168;43.91005
osm-427961682;ზეკარა;შიდა ქართლი;nature;მწვერვალი;"[""მწვერვალი"",""შიდა ქართლი""]";true;true;4.4;მწვერვალი — შიდა ქართლი.;{};58.62;40.93;2026-08-04 09:08:22.483763+00;42.5654663;43.9449246
osm-427961787;რეზახოხი;შიდა ქართლი;nature;მწვერვალი;"[""მწვერვალი"",""შიდა ქართლი""]";true;true;4.4;მწვერვალი — შიდა ქართლი.;{};61.58;39.46;2026-08-03 10:38:42.238563+00;42.6042734;44.149096
osm-427961827;ვაწიკფარსი;მცხეთა-მთიანეთი;nature;მწვერვალი;"[""მწვერვალი"",""მცხეთა-მთიანეთი""]";true;true;4.4;მწვერვალი — მცხეთა-მთიანეთი.;{};62.78;38.62;2026-08-03 10:38:42.238563+00;42.6267018;44.2320109
osm-427961848;შხვაცაბაია;მცხეთა-მთიანეთი;nature;მწვერვალი;"[""მწვერვალი"",""მცხეთა-მთიანეთი""]";true;true;4.4;მწვერვალი — მცხეთა-მთიანეთი.;{};63.13;39.68;2026-08-04 09:08:22.483763+00;42.5985527;44.2558941
osm-928019815;შაქრიანი;კახეთი;nature;მწვერვალი;"[""მწვერვალი"",""კახეთი""]";true;true;4.4;მწვერვალი — კახეთი.;{};82.26;61.13;2026-08-04 09:08:22.483763+00;42.0300773;45.5760929
osm-427962025;მუჯუხი;მცხეთა-მთიანეთი;nature;მწვერვალი;"[""მწვერვალი"",""მცხეთა-მთიანეთი""]";true;true;4.4;მწვერვალი — მცხეთა-მთიანეთი.;{};67.59;47.89;2026-08-03 10:38:42.238563+00;42.38095;44.563685
osm-427962651;ტუაი;რაჭა-ლეჩხუმი;nature;მწვერვალი;"[""მწვერვალი"",""რაჭა-ლეჩხუმი""]";true;true;4.4;მწვერვალი — რაჭა-ლეჩხუმი.;{};53.47;40.68;2026-08-04 09:08:22.483763+00;42.5721047;43.5892446
osm-427962765;პერანგა;შიდა ქართლი;nature;მწვერვალი;"[""მწვერვალი"",""შიდა ქართლი""]";true;true;4.4;მწვერვალი — შიდა ქართლი.;{};53.99;49.54;2026-08-03 10:38:42.238563+00;42.337089;43.625215
osm-427975376;რესი;მცხეთა-მთიანეთი;nature;მწვერვალი;"[""მწვერვალი"",""მცხეთა-მთიანეთი""]";true;true;4.4;მწვერვალი — მცხეთა-მთიანეთი.;{};64.07;35.09;2026-08-04 09:08:22.483763+00;42.7200767;44.3206694
osm-427975383;წითი;მცხეთა-მთიანეთი;nature;მწვერვალი;"[""მწვერვალი"",""მცხეთა-მთიანეთი""]";true;true;4.4;მწვერვალი — მცხეთა-მთიანეთი.;{};64.5;35.42;2026-08-04 09:08:22.483763+00;42.7113783;44.3506274
osm-427975393;სუათისი;მცხეთა-მთიანეთი;nature;მწვერვალი;"[""მწვერვალი"",""მცხეთა-მთიანეთი""]";true;true;4.4;მწვერვალი — მცხეთა-მთიანეთი.;{};65.11;35.68;2026-08-04 09:08:22.483763+00;42.7043646;44.3925553
osm-427975400;ჯიმარა;მცხეთა-მთიანეთი;nature;მწვერვალი;"[""მწვერვალი"",""მცხეთა-მთიანეთი""]";true;true;4.4;მწვერვალი — მცხეთა-მთიანეთი.;{};65.46;35.15;2026-08-04 09:08:22.483763+00;42.7185001;44.4165552
osm-427975406;მყინვარწვერი;მცხეთა-მთიანეთი;nature;მწვერვალი;"[""მწვერვალი"",""მცხეთა-მთიანეთი""]";true;true;4.4;მწვერვალი — მცხეთა-მთიანეთი.;{};66.93;35.96;2026-08-03 10:38:42.238563+00;42.6969414;44.5181108
osm-427975428;სამხრეთი კაიჯანი;მცხეთა-მთიანეთი;nature;მწვერვალი;"[""მწვერვალი"",""მცხეთა-მთიანეთი""]";true;true;4.4;მწვერვალი — მცხეთა-მთიანეთი.;{};67.33;33.65;2026-08-04 09:08:22.483763+00;42.7582998;44.545481
osm-427975435;კაიჯანი;მცხეთა-მთიანეთი;nature;მწვერვალი;"[""მწვერვალი"",""მცხეთა-მთიანეთი""]";true;true;4.4;მწვერვალი — მცხეთა-მთიანეთი.;{};67.43;33.34;2026-08-04 09:08:22.483763+00;42.766391;44.5524868
osm-427975552;შანი;მცხეთა-მთიანეთი;nature;მწვერვალი;"[""მწვერვალი"",""მცხეთა-მთიანეთი""]";true;true;4.4;მწვერვალი — მცხეთა-მთიანეთი.;{};70.38;36.75;2026-08-04 09:08:22.483763+00;42.676027;44.756276
osm-427975557;ძენელაძე;მცხეთა-მთიანეთი;nature;მწვერვალი;"[""მწვერვალი"",""მცხეთა-მთიანეთი""]";true;true;4.4;მწვერვალი — მცხეთა-მთიანეთი.;{};70.39;37.19;2026-08-04 09:08:22.483763+00;42.66455;44.7568694
osm-427975561;ბაჩახი;მცხეთა-მთიანეთი;nature;მწვერვალი;"[""მწვერვალი"",""მცხეთა-მთიანეთი""]";true;true;4.4;მწვერვალი — მცხეთა-მთიანეთი.;{};70.5;37.56;2026-08-04 09:08:22.483763+00;42.6547418;44.7642703
osm-427975606;კიდეგანიმაღალი;მცხეთა-მთიანეთი;nature;მწვერვალი;"[""მწვერვალი"",""მცხეთა-მთიანეთი""]";true;true;4.4;მწვერვალი — მცხეთა-მთიანეთი.;{};71.53;36.85;2026-08-04 09:08:22.483763+00;42.6735537;44.8356724
osm-427975896;კაჩუ;კახეთი;nature;მწვერვალი;"[""მწვერვალი"",""კახეთი""]";true;true;4.4;მწვერვალი — კახეთი.;{};81.49;41.69;2026-08-04 09:08:22.483763+00;42.5451286;45.5225163
osm-427975937;ქომიტო;კახეთი;nature;მწვერვალი;"[""მწვერვალი"",""კახეთი""]";true;true;4.4;მწვერვალი — კახეთი.;{};82.58;42.14;2026-08-04 09:08:22.483763+00;42.5332152;45.598239
osm-427976044;დიკლოსმთა;კახეთი;nature;მწვერვალი;"[""მწვერვალი"",""კახეთი""]";true;true;4.4;მწვერვალი — კახეთი.;{};85.15;43.84;2026-08-04 09:08:22.483763+00;42.4882888;45.7751396
osm-427976051;ნისლია;კახეთი;nature;მწვერვალი;"[""მწვერვალი"",""კახეთი""]";true;true;4.4;მწვერვალი — კახეთი.;{};85.16;44.41;2026-08-04 09:08:22.483763+00;42.4730674;45.7761052
osm-427976056;ჭერო;კახეთი;nature;მწვერვალი;"[""მწვერვალი"",""კახეთი""]";true;true;4.4;მწვერვალი — კახეთი.;{};85.12;44.89;2026-08-04 09:08:22.483763+00;42.4604675;45.773453
osm-460360096;აფთაუნ სფეისი;თბილისი;food;კაფე;"[""კაფე"",""თბილისი""]";false;false;4.8;კაფე — თბილისი.;{};70.34;73.55;2026-08-04 09:08:22.483763+00;41.7009748;44.7532635
osm-478655771;ფალედი;სამეგრელო-ზემო სვანეთი;culture;ნანგრევები;"[""ნანგრევები"",""სამეგრელო-ზემო სვანეთი""]";false;false;4.8;ნანგრევები — სამეგრელო-ზემო სვანეთი.;{};37.15;21.9;2026-08-03 10:38:42.238563+00;43.0697705;42.4630073
osm-479129806;კომბლე;თბილისი;food;რესტორანი;"[""რესტორანი"",""თბილისი""]";false;false;4.8;რესტორანი — თბილისი.;{};71.07;73.2;2026-08-04 09:08:22.483763+00;41.7102446;44.8036313
osm-495941636;შურუბუმუ;სამეგრელო-ზემო სვანეთი;nature;მღვიმე;"[""მღვიმე"",""სამეგრელო-ზემო სვანეთი""]";false;false;4.8;მღვიმე — სამეგრელო-ზემო სვანეთი.;{};33.43;37.74;2026-08-03 10:38:42.238563+00;42.6498073;42.206385
osm-495941639;ღუნჯი;სამეგრელო-ზემო სვანეთი;leisure;ხედი;"[""ხედი"",""სამეგრელო-ზემო სვანეთი""]";false;false;4.8;ხედი — სამეგრელო-ზემო სვანეთი.;{};34.58;36.45;2026-08-03 10:38:42.238563+00;42.6840247;42.2857706
osm-495941641;ინწრას ჩანჩქერი;სამეგრელო-ზემო სვანეთი;leisure;ხედი;"[""ხედი"",""სამეგრელო-ზემო სვანეთი""]";false;false;4.8;ხედი — სამეგრელო-ზემო სვანეთი.;{};31.99;34.69;2026-08-03 10:38:42.238563+00;42.7307971;42.1071756
osm-495941642;ინწრა;სამეგრელო-ზემო სვანეთი;leisure;ხედი;"[""ხედი"",""სამეგრელო-ზემო სვანეთი""]";false;false;4.8;ხედი — სამეგრელო-ზემო სვანეთი.;{};31.96;34.64;2026-08-03 10:38:42.238563+00;42.7320143;42.1052499
osm-503287217;კანაპე;თბილისი;food;კაფე;"[""კაფე"",""თბილისი""]";false;false;4.8;კაფე — თბილისი.;{};70.6;73.32;2026-08-04 09:08:22.483763+00;41.7071377;44.7716718
osm-504896826;გვარდა;აფხაზეთი;nature;მწვერვალი;"[""მწვერვალი"",""აფხაზეთი""]";true;true;4.4;მწვერვალი — აფხაზეთი.;{};17.08;23.03;2026-08-03 10:38:42.238563+00;43.0397616;41.078348
osm-506061437;შემოიხედე გენაცვალე;თბილისი;food;რესტორანი;"[""რესტორანი"",""თბილისი""]";false;false;4.8;რესტორანი — თბილისი.;"{""wheelchair"":true}";70.93;73.29;2026-08-04 09:08:22.483763+00;41.7078446;44.7939569
osm-516433976;მაჭის (თოღის) ციხე;კახეთი;culture;ციხე-დარბაზი;"[""ციხე-დარბაზი"",""კახეთი""]";false;false;4.8;ციხე-დარბაზი — კახეთი.;{};93.53;69;2026-08-03 10:38:42.238563+00;41.8214068;46.3538313
osm-524681327;მეღრუკი;სამცხე-ჯავახეთი;nature;მწვერვალი;"[""მწვერვალი"",""სამცხე-ჯავახეთი""]";true;true;4.4;მწვერვალი — სამცხე-ჯავახეთი.;{};46.77;68.59;2026-08-03 10:38:42.238563+00;41.8323353;43.1270446
osm-524681328;სამეცხვარეო;სამცხე-ჯავახეთი;nature;მწვერვალი;"[""მწვერვალი"",""სამცხე-ჯავახეთი""]";true;true;4.4;მწვერვალი — სამცხე-ჯავახეთი.;{};46.8;67.25;2026-08-04 09:08:22.483763+00;41.8678318;43.1292257
osm-524681329;რკინის ჯვარი;სამცხე-ჯავახეთი;nature;მწვერვალი;"[""მწვერვალი"",""სამცხე-ჯავახეთი""]";true;true;4.4;მწვერვალი — სამცხე-ჯავახეთი.;{};47.02;65.77;2026-08-04 09:08:22.483763+00;41.9070601;43.1440428
osm-524681330;ქვაზვინები;სამცხე-ჯავახეთი;nature;მწვერვალი;"[""მწვერვალი"",""სამცხე-ჯავახეთი""]";true;true;4.4;მწვერვალი — სამცხე-ჯავახეთი.;{};47.63;65.18;2026-08-04 09:08:22.483763+00;41.9226831;43.1862976
osm-538185100;რკონის მონასტერი;შიდა ქართლი;food;კვება;"[""კვება"",""შიდა ქართლი""]";false;false;4.8;კვება — შიდა ქართლი.;{};62.67;69.54;2026-08-03 10:38:42.238563+00;41.8072182;44.2243803
osm-557810269;ორწვერი;მცხეთა-მთიანეთი;nature;მწვერვალი;"[""მწვერვალი"",""მცხეთა-მთიანეთი""]";true;true;4.4;მწვერვალი — მცხეთა-მთიანეთი.;{};66.85;36.88;2026-08-04 09:08:22.483763+00;42.6725845;44.5126508
osm-557822377;კუდები;მცხეთა-მთიანეთი;nature;მწვერვალი;"[""მწვერვალი"",""მცხეთა-მთიანეთი""]";true;true;4.4;მწვერვალი — მცხეთა-მთიანეთი.;{};66.8;43.49;2026-08-04 09:08:22.483763+00;42.4975311;44.5091965
osm-557830270;დიდი აბული;სამცხე-ჯავახეთი;nature;მწვერვალი;"[""მწვერვალი"",""სამცხე-ჯავახეთი""]";true;true;4.4;მწვერვალი — სამცხე-ჯავახეთი.;{};54.29;83.51;2026-08-03 10:38:42.238563+00;41.4369403;43.645832
osm-560667814;ლომისა;მცხეთა-მთიანეთი;nature;მწვერვალი;"[""მწვერვალი"",""მცხეთა-მთიანეთი""]";true;true;4.4;მწვერვალი — მცხეთა-მთიანეთი.;{};66.43;46.73;2026-08-04 09:08:22.483763+00;42.411554;44.4836502
osm-637763969;შალვა ამირანაშვილის სახელობის საქართველოს ხელოვნების სახელმწიფო მუზეუმი;თბილისი;leisure;მუზეუმი;"[""მუზეუმი"",""თბილისი""]";false;false;4.8;მუზეუმი — თბილისი.;{};71.04;73.75;2026-08-04 09:08:22.483763+00;41.6954931;44.8017472
osm-652378547;ყვირა;სამეგრელო-ზემო სვანეთი;nature;მწვერვალი;"[""მწვერვალი"",""სამეგრელო-ზემო სვანეთი""]";true;true;4.4;მწვერვალი — სამეგრელო-ზემო სვანეთი.;{};32.52;33.72;2026-08-04 09:08:22.483763+00;42.7565339;42.1440614
osm-652378568;ჭითაგვალა;სამეგრელო-ზემო სვანეთი;nature;მწვერვალი;"[""მწვერვალი"",""სამეგრელო-ზემო სვანეთი""]";true;true;4.4;მწვერვალი — სამეგრელო-ზემო სვანეთი.;{};33.77;32.27;2026-08-04 09:08:22.483763+00;42.7948605;42.2301509
osm-652378583;ცაცკიბალი;სამეგრელო-ზემო სვანეთი;nature;მწვერვალი;"[""მწვერვალი"",""სამეგრელო-ზემო სვანეთი""]";true;true;4.4;მწვერვალი — სამეგრელო-ზემო სვანეთი.;{};34.16;33.72;2026-08-04 09:08:22.483763+00;42.7565386;42.2568223
osm-652378587;გოლაში;სამეგრელო-ზემო სვანეთი;nature;მწვერვალი;"[""მწვერვალი"",""სამეგრელო-ზემო სვანეთი""]";true;true;4.4;მწვერვალი — სამეგრელო-ზემო სვანეთი.;{};34.72;34.16;2026-08-03 10:38:42.238563+00;42.7448398;42.2958193
osm-662851947;ჭაბუკაურის სატაძრო კომპლექსი;კახეთი;culture;ნანგრევები;"[""ნანგრევები"",""კახეთი""]";false;false;4.8;ნანგრევები — კახეთი.;{};84.88;63.11;2026-08-03 10:38:42.238563+00;41.9774781;45.7567516
osm-669922502;ბორში;თბილისი;food;რესტორანი;"[""რესტორანი"",""თბილისი""]";false;false;4.8;რესტორანი — თბილისი.;{};70.68;73.25;2026-08-04 09:08:22.483763+00;41.7090057;44.7768881
osm-761234048;სპექტრა;თბილისი;food;კაფე;"[""კაფე"",""თბილისი""]";false;false;4.8;კაფე — თბილისი.;{};70.42;72.56;2026-08-04 09:08:22.483763+00;41.7272044;44.7592725
osm-790707420;მანგალი;თბილისი;food;რესტორანი;"[""რესტორანი"",""თბილისი""]";false;false;4.8;რესტორანი — თბილისი.;{};70.92;73.27;2026-08-04 09:08:22.483763+00;41.7084761;44.7933795
osm-801928950;კაცხის სვეტი;რაჭა-ლეჩხუმი;food;კვება;"[""კვება"",""რაჭა-ლეჩხუმი""]";false;false;4.8;კვება — რაჭა-ლეჩხუმი.;{};48.05;51.41;2026-08-03 10:38:42.238563+00;42.2876711;43.2157109
osm-803245795;სათაფლია;იმერეთი;nature;მღვიმე;"[""მღვიმე"",""იმერეთი""]";false;false;4.8;მღვიმე — იმერეთი.;{};40.22;50.5;2026-08-03 10:38:42.238563+00;42.3117182;42.6750464
osm-803245800;სათაფლია;იმერეთი;nature;მღვიმე;"[""მღვიმე"",""იმერეთი""]";false;false;4.8;მღვიმე — იმერეთი.;{};40.21;50.6;2026-08-04 09:08:22.483763+00;42.3091811;42.6745271
osm-803279423;დინოზავრის ნაკვალევი;იმერეთი;culture;არქეოლოგიური ძეგლი;"[""არქეოლოგიური ძეგლი"",""იმერეთი""]";false;false;4.8;არქეოლოგიური ძეგლი — იმერეთი.;{};40.18;50.58;2026-08-03 10:38:42.238563+00;42.3097604;42.6721725
osm-824101262;აბანოს უღელტეხილი;კახეთი;nature;ბუნება;"[""ბუნება"",""კახეთი""]";false;false;4.8;ბუნება — კახეთი.;{};81.28;51.77;2026-08-03 10:38:42.238563+00;42.2780088;45.5084719
osm-839673907;მრგვალი ბაღი;თბილისი;leisure;ხელოვნება;"[""ხელოვნება"",""თბილისი""]";false;false;4.8;ხელოვნება — თბილისი.;{};70.65;73.31;2026-08-04 09:08:22.483763+00;41.7073198;44.7749769
osm-841947149;შუა ქალაქი;თბილისი;food;რესტორანი;"[""რესტორანი"",""თბილისი""]";false;false;4.8;რესტორანი — თბილისი.;{};69.92;72.72;2026-08-04 09:08:22.483763+00;41.7230244;44.7246575
osm-862206966;სიანგ-განი;თბილისი;food;რესტორანი;"[""რესტორანი"",""თბილისი""]";false;false;4.8;რესტორანი — თბილისი.;{};70.55;72.42;2026-08-04 09:08:22.483763+00;41.7309008;44.7680039
osm-887921624;ანტრე;თბილისი;food;კაფე;"[""კაფე"",""თბილისი""]";false;false;4.8;კაფე — თბილისი.;{};70.72;73.36;2026-08-04 09:08:22.483763+00;41.7059344;44.7795158
osm-888766012;გადასახედი მოედანი;აფხაზეთი;leisure;ხედი;"[""ხედი"",""აფხაზეთი""]";false;false;4.8;ხედი — აფხაზეთი.;{};9.38;7.25;2026-08-04 09:08:22.483763+00;43.4579273;40.5470315
osm-888766043;ხედი ჩანჩქერზე;აფხაზეთი;leisure;ხედი;"[""ხედი"",""აფხაზეთი""]";false;false;4.8;ხედი — აფხაზეთი.;{};9.69;6.46;2026-08-03 10:38:42.238563+00;43.4789358;40.5683617
osm-889410288;დავით ჯავრიშვილი;თბილისი;culture;მემორიალი;"[""მემორიალი"",""თბილისი""]";false;false;4.8;მემორიალი — თბილისი.;{};70.75;73.06;2026-08-04 09:08:22.483763+00;41.7139693;44.7815717
osm-902587174;ცხრაჯვარი;იმერეთი;leisure;ღირსშესანიშნაობა;"[""ღირსშესანიშნაობა"",""იმერეთი""]";false;false;4.8;ღირსშესანიშნაობა — იმერეთი.;{};44.64;47.72;2026-08-03 10:38:42.238563+00;42.3855382;42.979933
osm-903947870;ჯვრის უღელტეხილის ჯვარი;მცხეთა-მთიანეთი;culture;მემორიალი;"[""მემორიალი"",""მცხეთა-მთიანეთი""]";false;false;4.8;მემორიალი — მცხეთა-მთიანეთი.;{};66;43.22;2026-08-04 09:08:22.483763+00;42.5046004;44.4536898
osm-915608217;სოფიკო ჭიაურელი;თბილისი;culture;მემორიალი;"[""მემორიალი"",""თბილისი""]";false;false;4.8;მემორიალი — თბილისი.;{};71.12;73.94;2026-08-04 09:08:22.483763+00;41.6905823;44.8074029
osm-916549480;საბჭოთა ოკუპაციის მუზეუმი;თბილისი;leisure;მუზეუმი;"[""მუზეუმი"",""თბილისი""]";false;false;4.8;მუზეუმი — თბილისი.;{};71.02;73.74;2026-08-03 10:38:42.238563+00;41.6958049;44.8004212
osm-917111884;პრესტიჟი;თბილისი;food;რესტორანი;"[""რესტორანი"",""თბილისი""]";false;false;4.8;რესტორანი — თბილისი.;{};71.08;73.83;2026-08-04 09:08:22.483763+00;41.6935167;44.8045159
osm-921298269;ილია ჭავჭავაძის ლიტერატურულ-მემორიალური მუზეუმი;თბილისი;leisure;მუზეუმი;"[""მუზეუმი"",""თბილისი""]";false;false;4.8;მუზეუმი — თბილისი.;{};71.1;73.43;2026-08-03 10:38:42.238563+00;41.7040069;44.8060909
osm-922280024;შავნაბადა;თბილისი;nature;მწვერვალი;"[""მწვერვალი"",""თბილისი""]";true;true;4.4;მწვერვალი — თბილისი.;{};71.6;75.4;2026-08-03 10:38:42.238563+00;41.6519169;44.8400616
osm-924672063;აფხაზეთის სახელმწიფო მუზეუმი;აფხაზეთი;leisure;მუზეუმი;"[""მუზეუმი"",""აფხაზეთი""]";false;false;4.8;მუზეუმი — აფხაზეთი.;{};16.27;24.38;2026-08-03 10:38:42.238563+00;43.0039605;41.0229387
osm-928066809;შავიკლდე;კახეთი;nature;მწვერვალი;"[""მწვერვალი"",""კახეთი""]";true;true;4.4;მწვერვალი — კახეთი.;{};82.88;52.69;2026-08-03 10:38:42.238563+00;42.2536521;45.618901
osm-929134911;საბერწე;მცხეთა-მთიანეთი;culture;ძეგლი;"[""ძეგლი"",""მცხეთა-მთიანეთი""]";false;false;4.8;ძეგლი — მცხეთა-მთიანეთი.;{};67.73;37.4;2026-08-03 10:38:42.238563+00;42.6588098;44.5735863
osm-930196950;ყეენის მთა;თბილისი;nature;მწვერვალი;"[""მწვერვალი"",""თბილისი""]";true;true;4.4;მწვერვალი — თბილისი.;{};71.17;70.91;2026-08-03 10:38:42.238563+00;41.7708329;44.8110069
osm-930298963;მთაწმინდა;თბილისი;nature;მწვერვალი;"[""მწვერვალი"",""თბილისი""]";true;true;4.4;მწვერვალი — თბილისი.;{};70.8;73.79;2026-08-03 10:38:42.238563+00;41.6945795;44.7854916
osm-936365153;მთა ვოჩილოი-კულდუმი;შიდა ქართლი;nature;მწვერვალი;"[""მწვერვალი"",""შიდა ქართლი""]";true;true;4.4;მწვერვალი — შიდა ქართლი.;{};60.47;43;2026-08-04 09:08:22.483763+00;42.5104399;44.072219
osm-936403659;მ. სახსა;შიდა ქართლი;nature;მწვერვალი;"[""მწვერვალი"",""შიდა ქართლი""]";true;true;4.4;მწვერვალი — შიდა ქართლი.;{};60.94;39.04;2026-08-03 10:38:42.238563+00;42.6155562;44.1050843
osm-936463731;კალასანი;მცხეთა-მთიანეთი;nature;მწვერვალი;"[""მწვერვალი"",""მცხეთა-მთიანეთი""]";true;true;4.4;მწვერვალი — მცხეთა-მთიანეთი.;{};63.31;39.45;2026-08-04 09:08:22.483763+00;42.6045036;44.268342
osm-936472745;მ. ხარი;შიდა ქართლი;nature;მწვერვალი;"[""მწვერვალი"",""შიდა ქართლი""]";true;true;4.4;მწვერვალი — შიდა ქართლი.;{};62.58;43.11;2026-08-03 10:38:42.238563+00;42.5075838;44.2177696
osm-936475873;მ. ცეგამი;შიდა ქართლი;nature;მწვერვალი;"[""მწვერვალი"",""შიდა ქართლი""]";true;true;4.4;მწვერვალი — შიდა ქართლი.;{};61.34;43;2026-08-04 09:08:22.483763+00;42.5104388;44.1327607
osm-936479917;მ. კოზორი;შიდა ქართლი;nature;მწვერვალი;"[""მწვერვალი"",""შიდა ქართლი""]";true;true;4.4;მწვერვალი — შიდა ქართლი.;{};61.73;43.21;2026-08-04 09:08:22.483763+00;42.5050319;44.1595114
osm-936487836;მ. ბრითათავცაგი;შიდა ქართლი;nature;მწვერვალი;"[""მწვერვალი"",""შიდა ქართლი""]";true;true;4.4;მწვერვალი — შიდა ქართლი.;{};61.84;44.26;2026-08-04 09:08:22.483763+00;42.4771842;44.1669382
osm-936499075;მ. გერმუხი;შიდა ქართლი;nature;მწვერვალი;"[""მწვერვალი"",""შიდა ქართლი""]";true;true;4.4;მწვერვალი — შიდა ქართლი.;{};61.34;45.74;2026-08-04 09:08:22.483763+00;42.4377948;44.1327081
osm-936502684;მ. კურფილდრაგი;შიდა ქართლი;nature;მწვერვალი;"[""მწვერვალი"",""შიდა ქართლი""]";true;true;4.4;მწვერვალი — შიდა ქართლი.;{};60.79;46.44;2026-08-04 09:08:22.483763+00;42.4192323;44.0947066
osm-938405159;მანავის ცივი;კახეთი;nature;მწვერვალი;"[""მწვერვალი"",""კახეთი""]";true;true;4.4;მწვერვალი — კახეთი.;{};80.4;70.4;2026-08-04 09:08:22.483763+00;41.7845157;45.4478732
osm-956086435;ლურჯი ფრინველი;აფხაზეთი;food;კაფე;"[""კაფე"",""აფხაზეთი""]";false;false;4.8;კაფე — აფხაზეთი.;{};16.03;24.66;2026-08-04 09:08:22.483763+00;42.9965222;41.0057698
osm-956778808;ზღაპარი;აფხაზეთი;food;კაფე;"[""კაფე"",""აფხაზეთი""]";false;false;4.8;კაფე — აფხაზეთი.;{};16.16;24.51;2026-08-04 09:08:22.483763+00;43.0005021;41.0150596
osm-956789528;სამსონ ჩანბას მონუმენტი;აფხაზეთი;culture;მემორიალი;"[""მემორიალი"",""აფხაზეთი""]";false;false;4.8;მემორიალი — აფხაზეთი.;{};16.28;24.46;2026-08-04 09:08:22.483763+00;43.0017771;41.0236266
osm-960164372;მედეას ძეგლი;აჭარა;culture;მემორიალი;"[""მემორიალი"",""აჭარა""]";false;false;4.8;მემორიალი — აჭარა.;{};25.17;75.43;2026-08-04 09:08:22.483763+00;41.6512219;41.6364822
osm-960164374;ჩვენი სახლი;აჭარა;food;კაფე;"[""კაფე"",""აჭარა""]";false;false;4.8;კაფე — აჭარა.;{};25.15;75.47;2026-08-04 09:08:22.483763+00;41.6500537;41.6351669
osm-960956850;აფაცხა;აფხაზეთი;food;კაფე;"[""კაფე"",""აფხაზეთი""]";false;false;4.8;კაფე — აფხაზეთი.;{};10.62;4.58;2026-08-04 09:08:22.483763+00;43.5286613;40.6326022
osm-975749268;ჯვრისა;მცხეთა-მთიანეთი;nature;მწვერვალი;"[""მწვერვალი"",""მცხეთა-მთიანეთი""]";true;true;4.4;მწვერვალი — მცხეთა-მთიანეთი.;{};66.04;43.43;2026-08-04 09:08:22.483763+00;42.4990704;44.4566274
osm-991801266;აღმოსავლეთი ბაბისმთა;სამეგრელო-ზემო სვანეთი;nature;მწვერვალი;"[""მწვერვალი"",""სამეგრელო-ზემო სვანეთი""]";true;true;4.4;მწვერვალი — სამეგრელო-ზემო სვანეთი.;{};38;17.33;2026-08-04 09:08:22.483763+00;43.1908494;42.5221318
osm-992836421;არისტოვა;სამეგრელო-ზემო სვანეთი;nature;მწვერვალი;"[""მწვერვალი"",""სამეგრელო-ზემო სვანეთი""]";true;true;4.4;მწვერვალი — სამეგრელო-ზემო სვანეთი.;{};39.74;18.87;2026-08-04 09:08:22.483763+00;43.1499899;42.6423888
osm-996178451;მიიტ;რაჭა-ლეჩხუმი;nature;მწვერვალი;"[""მწვერვალი"",""რაჭა-ლეჩხუმი""]";true;true;4.4;მწვერვალი — რაჭა-ლეჩხუმი.;{};42.73;18.19;2026-08-04 09:08:22.483763+00;43.1680072;42.8485737
osm-992836455;ცენცი ტაუ;სამეგრელო-ზემო სვანეთი;nature;მწვერვალი;"[""მწვერვალი"",""სამეგრელო-ზემო სვანეთი""]";true;true;4.4;მწვერვალი — სამეგრელო-ზემო სვანეთი.;{};39.25;18.93;2026-08-04 09:08:22.483763+00;43.1484751;42.6080656
osm-992913423;ჩეგეტაუ-ჩანა;რაჭა-ლეჩხუმი;nature;მწვერვალი;"[""მწვერვალი"",""რაჭა-ლეჩხუმი""]";true;true;4.4;მწვერვალი — რაჭა-ლეჩხუმი.;{};41.89;17.63;2026-08-04 09:08:22.483763+00;43.1827006;42.7907267
osm-992913425;გუმაჩი;რაჭა-ლეჩხუმი;nature;მწვერვალი;"[""მწვერვალი"",""რაჭა-ლეჩხუმი""]";true;true;4.4;მწვერვალი — რაჭა-ლეჩხუმი.;{};41.67;17.41;2026-08-03 10:38:42.238563+00;43.1887461;42.7750986
osm-992913430;ლაცგა;რაჭა-ლეჩხუმი;nature;მწვერვალი;"[""მწვერვალი"",""რაჭა-ლეჩხუმი""]";true;true;4.4;მწვერვალი — რაჭა-ლეჩხუმი.;{};41.98;17.99;2026-08-04 09:08:22.483763+00;43.1731918;42.7968999
osm-995670335;ნათლისმცემელი;თბილისი;nature;მწვერვალი;"[""მწვერვალი"",""თბილისი""]";true;true;4.4;მწვერვალი — თბილისი.;{};68.56;71.58;2026-08-04 09:08:22.483763+00;41.7530773;44.6304152
osm-995848032;რივერ ჰოლი;თბილისი;food;რესტორანი;"[""რესტორანი"",""თბილისი""]";false;false;4.8;რესტორანი — თბილისი.;{};71.56;74.36;2026-08-04 09:08:22.483763+00;41.6793386;44.8374419
osm-995931992;დავითიანი;თბილისი;food;რესტორანი;"[""რესტორანი"",""თბილისი""]";false;false;4.8;რესტორანი — თბილისი.;{};71.41;74.05;2026-08-04 09:08:22.483763+00;41.687585;44.8273308
osm-995932634;მეტეხის ჩრდილში;თბილისი;food;რესტორანი;"[""რესტორანი"",""თბილისი""]";false;false;4.8;რესტორანი — თბილისი.;{};71.32;74.02;2026-08-04 09:08:22.483763+00;41.6884713;44.8213025
osm-996041056;გოგუთაი;სამეგრელო-ზემო სვანეთი;nature;მწვერვალი;"[""მწვერვალი"",""სამეგრელო-ზემო სვანეთი""]";true;true;4.4;მწვერვალი — სამეგრელო-ზემო სვანეთი.;{};38.31;17.86;2026-08-04 09:08:22.483763+00;43.1765921;42.5432518
osm-996047072;აღსუ;სამეგრელო-ზემო სვანეთი;nature;მწვერვალი;"[""მწვერვალი"",""სამეგრელო-ზემო სვანეთი""]";true;true;4.4;მწვერვალი — სამეგრელო-ზემო სვანეთი.;{};39.1;18.11;2026-08-04 09:08:22.483763+00;43.1699993;42.5978285
osm-996047111;პატარა შხელდა;სამეგრელო-ზემო სვანეთი;nature;მწვერვალი;"[""მწვერვალი"",""სამეგრელო-ზემო სვანეთი""]";true;true;4.4;მწვერვალი — სამეგრელო-ზემო სვანეთი.;{};39.11;18.36;2026-08-04 09:08:22.483763+00;43.1633883;42.5987024
osm-996066290;ბჟედუხი;სამეგრელო-ზემო სვანეთი;nature;მწვერვალი;"[""მწვერვალი"",""სამეგრელო-ზემო სვანეთი""]";true;true;4.4;მწვერვალი — სამეგრელო-ზემო სვანეთი.;{};40.37;17.94;2026-08-04 09:08:22.483763+00;43.1745096;42.68565
osm-996066332;ულუყარა;რაჭა-ლეჩხუმი;nature;მწვერვალი;"[""მწვერვალი"",""რაჭა-ლეჩხუმი""]";true;true;4.4;მწვერვალი — რაჭა-ლეჩხუმი.;{};40.73;17.78;2026-08-04 09:08:22.483763+00;43.178819;42.7102213
osm-996066359;ვულეია;სამეგრელო-ზემო სვანეთი;nature;მწვერვალი;"[""მწვერვალი"",""სამეგრელო-ზემო სვანეთი""]";true;true;4.4;მწვერვალი — სამეგრელო-ზემო სვანეთი.;{};40.28;18.29;2026-08-03 10:38:42.238563+00;43.1654411;42.6789754
osm-996081350;შჩუროვსკის;სამეგრელო-ზემო სვანეთი;nature;მწვერვალი;"[""მწვერვალი"",""სამეგრელო-ზემო სვანეთი""]";true;true;4.4;მწვერვალი — სამეგრელო-ზემო სვანეთი.;{};40.18;19.15;2026-08-03 10:38:42.238563+00;43.1426157;42.6722021
osm-996081360;ჩათინთაუ;სამეგრელო-ზემო სვანეთი;nature;მწვერვალი;"[""მწვერვალი"",""სამეგრელო-ზემო სვანეთი""]";true;true;4.4;მწვერვალი — სამეგრელო-ზემო სვანეთი.;{};40.28;19.31;2026-08-04 09:08:22.483763+00;43.1383648;42.6790505
osm-996091658;ბაშყარა;რაჭა-ლეჩხუმი;nature;მწვერვალი;"[""მწვერვალი"",""რაჭა-ლეჩხუმი""]";true;true;4.4;მწვერვალი — რაჭა-ლეჩხუმი.;{};41.17;17.87;2026-08-03 10:38:42.238563+00;43.1763612;42.7408387
osm-996100029;ჯანთუგანი;რაჭა-ლეჩხუმი;nature;მწვერვალი;"[""მწვერვალი"",""რაჭა-ლეჩხუმი""]";true;true;4.4;მწვერვალი — რაჭა-ლეჩხუმი.;{};41.27;17.51;2026-08-03 10:38:42.238563+00;43.1859182;42.7478107
osm-996136354;დალაყორი;რაჭა-ლეჩხუმი;nature;მწვერვალი;"[""მწვერვალი"",""რაჭა-ლეჩხუმი""]";true;true;4.4;მწვერვალი — რაჭა-ლეჩხუმი.;{};41.13;19.47;2026-08-03 10:38:42.238563+00;43.1339414;42.7380124
osm-996178440;ყარაყაია;რაჭა-ლეჩხუმი;nature;მწვერვალი;"[""მწვერვალი"",""რაჭა-ლეჩხუმი""]";true;true;4.4;მწვერვალი — რაჭა-ლეჩხუმი.;{};43.15;18.12;2026-08-04 09:08:22.483763+00;43.1696916;42.877524
osm-996178447;სარიქოლბაში;რაჭა-ლეჩხუმი;nature;მწვერვალი;"[""მწვერვალი"",""რაჭა-ლეჩხუმი""]";true;true;4.4;მწვერვალი — რაჭა-ლეჩხუმი.;{};42.9;17.79;2026-08-04 09:08:22.483763+00;43.1785579;42.8602669
osm-996178463;ულუთაუ-ჩანა;რაჭა-ლეჩხუმი;nature;მწვერვალი;"[""მწვერვალი"",""რაჭა-ლეჩხუმი""]";true;true;4.4;მწვერვალი — რაჭა-ლეჩხუმი.;{};42.39;17.98;2026-08-04 09:08:22.483763+00;43.1734721;42.8245961
osm-996178466;მესტია;რაჭა-ლეჩხუმი;nature;მწვერვალი;"[""მწვერვალი"",""რაჭა-ლეჩხუმი""]";true;true;4.4;მწვერვალი — რაჭა-ლეჩხუმი.;{};42.95;17.9;2026-08-04 09:08:22.483763+00;43.1755743;42.8633807
osm-998788333;სულხან-საბა ორბელიანის ლიტერატორული მუზეუმი;ქვემო ქართლი;leisure;მუზეუმი;"[""მუზეუმი"",""ქვემო ქართლი""]";false;false;4.8;მუზეუმი — ქვემო ქართლი.;{};64.65;82.94;2026-08-03 10:38:42.238563+00;41.4520309;44.3606687
osm-998796596;ქვეშის ციხე-სიმაგრე;ქვემო ქართლი;culture;ციხე-დარბაზი;"[""ციხე-დარბაზი"",""ქვემო ქართლი""]";false;false;4.8;ციხე-დარბაზი — ქვემო ქართლი.;{};65.81;83.48;2026-08-03 10:38:42.238563+00;41.4376835;44.4408774
osm-1008769485;გრიგოლ აბაშიძე;თბილისი;culture;მემორიალი;"[""მემორიალი"",""თბილისი""]";false;false;4.8;მემორიალი — თბილისი.;{};71.02;73.71;2026-08-04 09:08:22.483763+00;41.6967217;44.8006899
osm-1011995142;ატენის ციხე;შიდა ქართლი;culture;ციხე-დარბაზი;"[""ციხე-დარბაზი"",""შიდა ქართლი""]";false;false;4.8;ციხე-დარბაზი — შიდა ქართლი.;{};60.77;65.47;2026-08-03 10:38:42.238563+00;41.9150327;44.0928908
osm-1011995148;დანახვისის პანორამა;შიდა ქართლი;leisure;ხედი;"[""ხედი"",""შიდა ქართლი""]";false;false;4.8;ხედი — შიდა ქართლი.;{};61.13;66.37;2026-08-03 10:38:42.238563+00;41.891156;44.1181779
osm-1013665323;ბირცხა;აფხაზეთი;nature;მწვერვალი;"[""მწვერვალი"",""აფხაზეთი""]";true;true;4.4;მწვერვალი — აფხაზეთი.;{};16.6;22.83;2026-08-03 10:38:42.238563+00;43.0449681;41.0457324
osm-1014219658;შრომა;აფხაზეთი;nature;მწვერვალი;"[""მწვერვალი"",""აფხაზეთი""]";true;true;4.4;მწვერვალი — აფხაზეთი.;{};16.57;22.03;2026-08-04 09:08:22.483763+00;43.0662074;41.043189
osm-1023317934;ძველი სიღნაღი;კახეთი;food;რესტორანი;"[""რესტორანი"",""კახეთი""]";false;false;4.8;რესტორანი — კახეთი.;{};87.27;76.67;2026-08-04 09:08:22.483763+00;41.6183159;45.9216448
osm-1040773044;კვეტერას ციხე-ქალაქი და ეკლესია;თბილისი;culture;ციხე-დარბაზი;"[""ციხე-დარბაზი"",""თბილისი""]";false;false;4.8;ციხე-დარბაზი — თბილისი.;{};75.35;60.13;2026-08-03 10:38:42.238563+00;42.056615;45.0994524
osm-1045610473;ციხე;შიდა ქართლი;culture;ციხე-დარბაზი;"[""ციხე-დარბაზი"",""შიდა ქართლი""]";false;false;4.8;ციხე-დარბაზი — შიდა ქართლი.;{};58.57;50.15;2026-08-03 10:38:42.238563+00;42.3209262;43.9411468
osm-1065159312;პატიოსანი კაცის დუქანი;თბილისი;food;რესტორანი;"[""რესტორანი"",""თბილისი""]";false;false;4.8;რესტორანი — თბილისი.;{};70.31;62.54;2026-08-04 09:08:22.691872+00;41.9926041;44.7512497
osm-1069129653;მადარტი;თბილისი;food;კაფე;"[""კაფე"",""თბილისი""]";false;false;4.8;კაფე — თბილისი.;{};70.62;72.71;2026-08-04 09:08:22.691872+00;41.7231723;44.7730856
osm-1086795245;ბოსფირუსი;თბილისი;food;რესტორანი;"[""რესტორანი"",""თბილისი""]";false;false;4.8;რესტორანი — თბილისი.;{};71.06;73.57;2026-08-04 09:08:22.691872+00;41.7004622;44.8029831
osm-1107453018;კიდევაც დაიზრდებიან;ქვემო ქართლი;culture;ძეგლი;"[""ძეგლი"",""ქვემო ქართლი""]";false;false;4.8;ძეგლი — ქვემო ქართლი.;{};71.07;81.05;2026-08-04 09:08:22.691872+00;41.5022127;44.8037461
osm-1111316631;გიორგი სააკაძე;თბილისი;culture;მემორიალი;"[""მემორიალი"",""თბილისი""]";false;false;4.8;მემორიალი — თბილისი.;{};70.67;72.66;2026-08-04 09:08:22.691872+00;41.7245002;44.776502
osm-1124499107;შოთა რუსთაველი;სამცხე-ჯავახეთი;culture;მემორიალი;"[""მემორიალი"",""სამცხე-ჯავახეთი""]";false;false;4.8;მემორიალი — სამცხე-ჯავახეთი.;{};51.93;84.37;2026-08-04 09:08:22.691872+00;41.4142618;43.4831249
osm-1132505377;ნაძვები;იმერეთი;food;რესტორანი;"[""რესტორანი"",""იმერეთი""]";false;false;4.8;რესტორანი — იმერეთი.;{};39.06;50.49;2026-08-04 09:08:22.691872+00;42.3119097;42.5952718
osm-1132505421;პრომეთეს მღვიმე;იმერეთი;nature;მღვიმე;"[""მღვიმე"",""იმერეთი""]";false;false;4.8;მღვიმე — იმერეთი.;{};39.14;48.02;2026-08-03 10:38:42.238563+00;42.3773644;42.6009216
osm-1132505726;გადასახედი ქ. ქუთაისზე;იმერეთი;leisure;ხედი;"[""ხედი"",""იმერეთი""]";false;false;4.8;ხედი — იმერეთი.;{};40.23;50.58;2026-08-03 10:38:42.238563+00;42.3096473;42.6755313
osm-1143796245;მორევი;სამცხე-ჯავახეთი;food;რესტორანი;"[""რესტორანი"",""სამცხე-ჯავახეთი""]";false;false;4.8;რესტორანი — სამცხე-ჯავახეთი.;{};48.71;80.87;2026-08-04 09:08:22.691872+00;41.5068845;43.260995
osm-1147401795;პაკო;იმერეთი;food;რესტორანი;"[""რესტორანი"",""იმერეთი""]";false;false;4.8;რესტორანი — იმერეთი.;{};40.64;74.53;2026-08-04 09:08:22.691872+00;41.6748301;42.7039129
osm-1147401907;ოჯახური;იმერეთი;food;კაფე;"[""კაფე"",""იმერეთი""]";false;false;4.8;კაფე — იმერეთი.;{};42.49;71.54;2026-08-04 09:08:22.691872+00;41.7540989;42.8315281
osm-1147783165;ბერმუხა;გურია;food;რესტორანი;"[""რესტორანი"",""გურია""]";false;false;4.8;რესტორანი — გურია.;{};35.44;56.05;2026-08-04 09:08:22.691872+00;42.1645927;42.345364
osm-1147783673;ლაღიძის წყლები;გურია;food;კაფე;"[""კაფე"",""გურია""]";false;false;4.8;კაფე — გურია.;{};35.46;56.07;2026-08-04 09:08:22.691872+00;42.1641416;42.3464707
osm-1148161682;ხიდი;იმერეთი;food;რესტორანი;"[""რესტორანი"",""იმერეთი""]";false;false;4.8;რესტორანი — იმერეთი.;{};37.57;46.45;2026-08-04 09:08:22.691872+00;42.4191051;42.4921657
osm-1148161689;ქალაქის ჩრდილში;იმერეთი;food;რესტორანი;"[""რესტორანი"",""იმერეთი""]";false;false;4.8;რესტორანი — იმერეთი.;{};36.54;50.05;2026-08-04 09:08:22.691872+00;42.3236346;42.4209773
osm-1148161715;მეგობარი;იმერეთი;food;რესტორანი;"[""რესტორანი"",""იმერეთი""]";false;false;4.8;რესტორანი — იმერეთი.;{};36.57;50.01;2026-08-04 09:08:22.691872+00;42.3246511;42.4234591
osm-1148161730;საპურმარილო;იმერეთი;food;რესტორანი;"[""რესტორანი"",""იმერეთი""]";false;false;4.8;რესტორანი — იმერეთი.;{};36.57;50;2026-08-04 09:08:22.691872+00;42.3249252;42.4234748
osm-1148682020;ოაზისი;იმერეთი;food;კაფე;"[""კაფე"",""იმერეთი""]";false;false;4.8;კაფე — იმერეთი.;{};41.36;64.68;2026-08-04 09:08:22.691872+00;41.9360679;42.7539417
osm-1148682127;ჯარგვალი;იმერეთი;food;რესტორანი;"[""რესტორანი"",""იმერეთი""]";false;false;4.8;რესტორანი — იმერეთი.;{};41.39;64.51;2026-08-04 09:08:22.691872+00;41.9404479;42.7560259
osm-1148682156;მჟავანაძეს წყარო;იმერეთი;nature;წყარო;"[""წყარო"",""იმერეთი""]";false;false;4.8;წყარო — იმერეთი.;{};41.77;63.31;2026-08-04 09:08:22.691872+00;41.9723128;42.7823766
osm-1148682180;ბერმუხა;იმერეთი;food;კაფე;"[""კაფე"",""იმერეთი""]";false;false;4.8;კაფე — იმერეთი.;{};37.83;58.95;2026-08-04 09:08:22.691872+00;42.087781;42.5102145
osm-1152553995;სანსეტი;რაჭა-ლეჩხუმი;food;რესტორანი;"[""რესტორანი"",""რაჭა-ლეჩხუმი""]";false;false;4.8;რესტორანი — რაჭა-ლეჩხუმი.;{};40.96;22.86;2026-08-04 09:08:22.691872+00;43.0441827;42.7261307
osm-1152554412;კოშკი;რაჭა-ლეჩხუმი;food;კაფე;"[""კაფე"",""რაჭა-ლეჩხუმი""]";false;false;4.8;კაფე — რაჭა-ლეჩხუმი.;{};45.12;27.73;2026-08-04 09:08:22.691872+00;42.9152079;43.0135648
osm-1152554504;ბარჯაში;სამეგრელო-ზემო სვანეთი;food;რესტორანი;"[""რესტორანი"",""სამეგრელო-ზემო სვანეთი""]";false;false;4.8;რესტორანი — სამეგრელო-ზემო სვანეთი.;{};30.9;29.39;2026-08-04 09:08:22.691872+00;42.8711944;42.032114
osm-1152554535;ციცხვარი;სამეგრელო-ზემო სვანეთი;food;რესტორანი;"[""რესტორანი"",""სამეგრელო-ზემო სვანეთი""]";false;false;4.8;რესტორანი — სამეგრელო-ზემო სვანეთი.;{};32;27.1;2026-08-04 09:08:22.691872+00;42.9317804;42.1081385
osm-1152554658;ბარჯა;სამეგრელო-ზემო სვანეთი;food;რესტორანი;"[""რესტორანი"",""სამეგრელო-ზემო სვანეთი""]";false;false;4.8;რესტორანი — სამეგრელო-ზემო სვანეთი.;{};30.88;29.36;2026-08-04 09:08:22.691872+00;42.8720317;42.0308118
osm-1152642453;ფიესტა;სამცხე-ჯავახეთი;food;კაფე;"[""კაფე"",""სამცხე-ჯავახეთი""]";false;false;4.8;კაფე — სამცხე-ჯავახეთი.;{};44.93;75.91;2026-08-04 09:08:22.691872+00;41.6384949;43.0004703
osm-1152642727;ქიმერიონი;სამცხე-ჯავახეთი;food;კაფე;"[""კაფე"",""სამცხე-ჯავახეთი""]";false;false;4.8;კაფე — სამცხე-ჯავახეთი.;{};46.78;73.8;2026-08-04 09:08:22.691872+00;41.6942083;43.1277007
osm-1152642810;დავიტი;სამცხე-ჯავახეთი;food;რესტორანი;"[""რესტორანი"",""სამცხე-ჯავახეთი""]";false;false;4.8;რესტორანი — სამცხე-ჯავახეთი.;{};45.02;75.49;2026-08-04 09:08:22.691872+00;41.6494804;43.006679
osm-1157550453;ამორე;იმერეთი;food;კაფე;"[""კაფე"",""იმერეთი""]";false;false;4.8;კაფე — იმერეთი.;{};42.37;59.53;2026-08-04 09:08:22.691872+00;42.0724634;42.8237218
osm-1157550485;საბანკეტო;იმერეთი;food;რესტორანი;"[""რესტორანი"",""იმერეთი""]";false;false;4.8;რესტორანი — იმერეთი.;{};42.4;59.72;2026-08-04 09:08:22.691872+00;42.0675379;42.8258989
osm-1157550488;სათნოების სახლი კათარზისი;იმერეთი;food;კაფე;"[""კაფე"",""იმერეთი""]";false;false;4.8;კაფე — იმერეთი.;{};42.38;59.73;2026-08-04 09:08:22.691872+00;42.0670794;42.8243341
osm-1157550506;წყალთაშუა;იმერეთი;food;რესტორანი;"[""რესტორანი"",""იმერეთი""]";false;false;4.8;რესტორანი — იმერეთი.;{};42.51;61.71;2026-08-04 09:08:22.691872+00;42.0147497;42.833
osm-1157550508;კიხურა;იმერეთი;food;კაფე;"[""კაფე"",""იმერეთი""]";false;false;4.8;კაფე — იმერეთი.;{};42.36;59.25;2026-08-04 09:08:22.691872+00;42.0797792;42.822938
osm-1157580400;ცხინვალის მუზეუმი;შიდა ქართლი;leisure;მუზეუმი;"[""მუზეუმი"",""შიდა ქართლი""]";false;false;4.8;მუზეუმი — შიდა ქართლი.;{};59.02;53.74;2026-08-03 10:38:42.238563+00;42.2259867;43.9720899
osm-1157804117;კაფე ფორტუნა;შიდა ქართლი;food;კაფე;"[""კაფე"",""შიდა ქართლი""]";false;false;4.8;კაფე — შიდა ქართლი.;{};58.98;53.6;2026-08-04 09:08:22.691872+00;42.2295472;43.9698511
osm-1158876206;დავიტი;რაჭა-ლეჩხუმი;food;კაფე;"[""კაფე"",""რაჭა-ლეჩხუმი""]";false;false;4.8;კაფე — რაჭა-ლეჩხუმი.;{};48.94;51.1;2026-08-04 09:08:22.691872+00;42.2959298;43.2768915
osm-1158876278;ბენეფიტი;რაჭა-ლეჩხუმი;food;კაფე;"[""კაფე"",""რაჭა-ლეჩხუმი""]";false;false;4.8;კაფე — რაჭა-ლეჩხუმი.;{};49.06;51.3;2026-08-04 09:08:22.691872+00;42.2905658;43.2850977
osm-1158876502;კვირილა;რაჭა-ლეჩხუმი;food;რესტორანი;"[""რესტორანი"",""რაჭა-ლეჩხუმი""]";false;false;4.8;რესტორანი — რაჭა-ლეჩხუმი.;{};49.06;51.3;2026-08-04 09:08:22.691872+00;42.2905102;43.2850719
osm-1158876708;ყავის სახლი;რაჭა-ლეჩხუმი;food;კაფე;"[""კაფე"",""რაჭა-ლეჩხუმი""]";false;false;4.8;კაფე — რაჭა-ლეჩხუმი.;{};50.78;49.72;2026-08-04 09:08:22.691872+00;42.3323423;43.403862
osm-1158876961;მილასერი;რაჭა-ლეჩხუმი;food;კაფე;"[""კაფე"",""რაჭა-ლეჩხუმი""]";false;false;4.8;კაფე — რაჭა-ლეჩხუმი.;{};50.78;49.73;2026-08-04 09:08:22.691872+00;42.3322472;43.4037017
osm-1159072062;წყარო ოსოური;იმერეთი;nature;წყარო;"[""წყარო"",""იმერეთი""]";false;false;4.8;წყარო — იმერეთი.;{};46.57;60.37;2026-08-04 09:08:22.691872+00;42.0502303;43.1134376
osm-1159072109;ძველი გემო;იმერეთი;food;კაფე;"[""კაფე"",""იმერეთი""]";false;false;4.8;კაფე — იმერეთი.;{};45.43;58.29;2026-08-04 09:08:22.691872+00;42.105374;43.0346413
osm-1159072140;ზღაპარი;იმერეთი;food;რესტორანი;"[""რესტორანი"",""იმერეთი""]";false;false;4.8;რესტორანი — იმერეთი.;{};47.99;58.37;2026-08-04 09:08:22.691872+00;42.1032109;43.2110516
osm-1159072182;წყარო ქვერცხნარი;იმერეთი;nature;წყარო;"[""წყარო"",""იმერეთი""]";false;false;4.8;წყარო — იმერეთი.;{};46.23;61.32;2026-08-04 09:08:22.691872+00;42.0250741;43.0897464
osm-1159072388;ნატვრის წყარო;იმერეთი;nature;წყარო;"[""წყარო"",""იმერეთი""]";false;false;4.8;წყარო — იმერეთი.;{};46.08;58.38;2026-08-04 09:08:22.691872+00;42.102932;43.0792191
osm-1159072444;გემო;იმერეთი;food;კაფე;"[""კაფე"",""იმერეთი""]";false;false;4.8;კაფე — იმერეთი.;{};45.34;57.95;2026-08-04 09:08:22.691872+00;42.1141952;43.0283835
osm-1159072610;იმერეთი;იმერეთი;food;რესტორანი;"[""რესტორანი"",""იმერეთი""]";false;false;4.8;რესტორანი — იმერეთი.;{};47.31;58.87;2026-08-04 09:08:22.691872+00;42.0900287;43.1640705
osm-1159072660;ღვეძელი;იმერეთი;food;კაფე;"[""კაფე"",""იმერეთი""]";false;false;4.8;კაფე — იმერეთი.;{};45.43;58.29;2026-08-04 09:08:22.691872+00;42.1054445;43.0346257
osm-1161938450;სახინკლე;შიდა ქართლი;food;კაფე;"[""კაფე"",""შიდა ქართლი""]";false;false;4.8;კაფე — შიდა ქართლი.;{};58.91;53.93;2026-08-04 09:08:22.691872+00;42.2209047;43.9651305
osm-1163632889;ხახუაშვილის წყარო;იმერეთი;nature;წყარო;"[""წყარო"",""იმერეთი""]";false;false;4.8;წყარო — იმერეთი.;{};44.74;52.7;2026-08-04 09:08:22.691872+00;42.2533338;42.9867368
osm-1163633026;ბედიაური წყარო;იმერეთი;nature;წყარო;"[""წყარო"",""იმერეთი""]";false;false;4.8;წყარო — იმერეთი.;{};43.94;53.14;2026-08-04 09:08:22.691872+00;42.2418164;42.9320602
osm-1163633139;ხიდისთავი;იმერეთი;food;რესტორანი;"[""რესტორანი"",""იმერეთი""]";false;false;4.8;რესტორანი — იმერეთი.;{};44.62;55.62;2026-08-04 09:08:22.691872+00;42.1761539;42.978787
osm-1163633524;"წყარო ""ორ-ღარა""";იმერეთი;nature;წყარო;"[""წყარო"",""იმერეთი""]";false;false;4.8;წყარო — იმერეთი.;{};44.64;52.82;2026-08-04 09:08:22.691872+00;42.2503799;42.9800426
osm-1163633583;ოაზისი;იმერეთი;food;კაფე;"[""კაფე"",""იმერეთი""]";false;false;4.8;კაფე — იმერეთი.;{};44.61;55.49;2026-08-04 09:08:22.691872+00;42.179591;42.977781
osm-1163633711;თორთლაძეების წყარო;იმერეთი;nature;წყარო;"[""წყარო"",""იმერეთი""]";false;false;4.8;წყარო — იმერეთი.;{};44.79;53.6;2026-08-04 09:08:22.691872+00;42.2294825;42.990523
osm-1163633889;ოთხი ძმის წყარო;იმერეთი;nature;წყარო;"[""წყარო"",""იმერეთი""]";false;false;4.8;წყარო — იმერეთი.;{};45.99;52.95;2026-08-04 09:08:22.691872+00;42.2469318;43.0733042
osm-1164349472;სკიფი;იმერეთი;food;რესტორანი;"[""რესტორანი"",""იმერეთი""]";false;false;4.8;რესტორანი — იმერეთი.;{};44.11;49.81;2026-08-04 09:08:22.691872+00;42.3301362;42.943634
osm-1164349480;რესტორანი მოწამეთა;იმერეთი;food;რესტორანი;"[""რესტორანი"",""იმერეთი""]";false;false;4.8;რესტორანი — იმერეთი.;{};41.19;51.43;2026-08-04 09:08:22.691872+00;42.2871551;42.7419284
osm-1164487842;ილია ჭავჭავაძე;იმერეთი;culture;მემორიალი;"[""მემორიალი"",""იმერეთი""]";false;false;4.8;მემორიალი — იმერეთი.;{};40.12;52.5;2026-08-04 09:08:22.691872+00;42.2588715;42.6680314
osm-1164531030;იპოლიტე ხვიჩია;იმერეთი;culture;მემორიალი;"[""მემორიალი"",""იმერეთი""]";false;false;4.8;მემორიალი — იმერეთი.;{};40.67;51.99;2026-08-04 09:08:22.691872+00;42.2722899;42.706005
osm-1164536202;ბაგრატი;იმერეთი;food;რესტორანი;"[""რესტორანი"",""იმერეთი""]";false;false;4.8;რესტორანი — იმერეთი.;{};40.5;53.29;2026-08-04 09:08:22.691872+00;42.2377399;42.6947576
osm-1164536498;სტალაქტიტა;იმერეთი;food;რესტორანი;"[""რესტორანი"",""იმერეთი""]";false;false;4.8;რესტორანი — იმერეთი.;{};39.08;48.81;2026-08-04 09:08:22.691872+00;42.3565622;42.5965058
osm-1164536701;დიანა;იმერეთი;food;კაფე;"[""კაფე"",""იმერეთი""]";false;false;4.8;კაფე — იმერეთი.;{};40.72;52.17;2026-08-04 09:08:22.691872+00;42.2675231;42.7095907
osm-1164536921;მოდინახე;იმერეთი;food;რესტორანი;"[""რესტორანი"",""იმერეთი""]";false;false;4.8;რესტორანი — იმერეთი.;{};40.57;52.91;2026-08-04 09:08:22.691872+00;42.2478095;42.699018
osm-1164537052;ჯაჩვის ციდი XXI;იმერეთი;food;რესტორანი;"[""რესტორანი"",""იმერეთი""]";false;false;4.8;რესტორანი — იმერეთი.;{};40.61;51.95;2026-08-04 09:08:22.691872+00;42.2734483;42.7023912
osm-1164537405;ქართული;იმერეთი;food;რესტორანი;"[""რესტორანი"",""იმერეთი""]";false;false;4.8;რესტორანი — იმერეთი.;{};40.62;52.12;2026-08-04 09:08:22.691872+00;42.2687919;42.7024352
osm-1164538147;მილანო;იმერეთი;food;კაფე;"[""კაფე"",""იმერეთი""]";false;false;4.8;კაფე — იმერეთი.;{};40.7;52.27;2026-08-04 09:08:22.691872+00;42.264898;42.7085602
osm-1164538212;გიგა;იმერეთი;food;რესტორანი;"[""რესტორანი"",""იმერეთი""]";false;false;4.8;რესტორანი — იმერეთი.;{};40.38;53.59;2026-08-04 09:08:22.691872+00;42.229757;42.6862595
osm-1164538260;გენაცვალე;იმერეთი;food;რესტორანი;"[""რესტორანი"",""იმერეთი""]";false;false;4.8;რესტორანი — იმერეთი.;{};40.29;53;2026-08-04 09:08:22.691872+00;42.2455608;42.6800673
osm-1164538449;პიკნიკი;იმერეთი;food;კაფე;"[""კაფე"",""იმერეთი""]";false;false;4.8;კაფე — იმერეთი.;{};40.76;53.01;2026-08-04 09:08:22.691872+00;42.245154;42.7125586
osm-1164538722;ჩვენი სოფელი;იმერეთი;food;რესტორანი;"[""რესტორანი"",""იმერეთი""]";false;false;4.8;რესტორანი — იმერეთი.;{};38.97;53.81;2026-08-04 09:08:22.691872+00;42.2239087;42.5886554
osm-1164538861;ფაცხები;იმერეთი;food;რესტორანი;"[""რესტორანი"",""იმერეთი""]";false;false;4.8;რესტორანი — იმერეთი.;{};40.48;53.07;2026-08-04 09:08:22.691872+00;42.2435352;42.6929449
osm-1164538938;მონოპოლი;იმერეთი;food;კაფე;"[""კაფე"",""იმერეთი""]";false;false;4.8;კაფე — იმერეთი.;{};40.4;52.85;2026-08-04 09:08:22.691872+00;42.2494558;42.6874522
osm-1164538948;გეგუთი;იმერეთი;food;რესტორანი;"[""რესტორანი"",""იმერეთი""]";false;false;4.8;რესტორანი — იმერეთი.;{};40.3;55.42;2026-08-04 09:08:22.691872+00;42.1812676;42.6807157
osm-1164538956;იმედი;იმერეთი;food;კაფე;"[""კაფე"",""იმერეთი""]";false;false;4.8;კაფე — იმერეთი.;{};40.16;52.92;2026-08-04 09:08:22.691872+00;42.2475253;42.6712427
osm-1164538976;კახიანაური;იმერეთი;food;კაფე;"[""კაფე"",""იმერეთი""]";false;false;4.8;კაფე — იმერეთი.;{};40.71;52.95;2026-08-04 09:08:22.691872+00;42.2467058;42.7089981
osm-1164538992;ვენეცია;იმერეთი;food;რესტორანი;"[""რესტორანი"",""იმერეთი""]";false;false;4.8;რესტორანი — იმერეთი.;{};40.41;55.02;2026-08-04 09:08:22.691872+00;42.1920819;42.6880055
osm-1164539082;ფაზისი;იმერეთი;food;კაფე;"[""კაფე"",""იმერეთი""]";false;false;4.8;კაფე — იმერეთი.;{};40.46;52.51;2026-08-04 09:08:22.691872+00;42.2585509;42.6913985
osm-1164539085;კაფე ტკბილი ცხოვრება;იმერეთი;food;კაფე;"[""კაფე"",""იმერეთი""]";false;false;4.8;კაფე — იმერეთი.;{};40.56;52.15;2026-08-04 09:08:22.691872+00;42.2679559;42.6983103
osm-1164539304;ძველი იმერეთი;იმერეთი;food;რესტორანი;"[""რესტორანი"",""იმერეთი""]";false;false;4.8;რესტორანი — იმერეთი.;{};40.46;53.53;2026-08-04 09:08:22.691872+00;42.2314744;42.6915036
osm-1164539433;კახური დუქანი;იმერეთი;food;რესტორანი;"[""რესტორანი"",""იმერეთი""]";false;false;4.8;რესტორანი — იმერეთი.;{};39.97;52.6;2026-08-04 09:08:22.691872+00;42.2560365;42.6576032
osm-1164539572;თეთრი ქვები;იმერეთი;food;კაფე;"[""კაფე"",""იმერეთი""]";false;false;4.8;კაფე — იმერეთი.;{};40.58;52.13;2026-08-04 09:08:22.691872+00;42.2685031;42.7000078
osm-1169744163;სალხინო;გურია;food;რესტორანი;"[""რესტორანი"",""გურია""]";false;false;4.8;რესტორანი — გურია.;{};30.47;68.18;2026-08-04 09:08:22.691872+00;41.84311;42.0027526
osm-1169744706;ბახმარო;გურია;food;რესტორანი;"[""რესტორანი"",""გურია""]";false;false;4.8;რესტორანი — გურია.;{};33.93;61.52;2026-08-04 09:08:22.691872+00;42.0197644;42.2411844
osm-1169744854;თურქული;გურია;food;რესტორანი;"[""რესტორანი"",""გურია""]";false;false;4.8;რესტორანი — გურია.;{};30.45;58.99;2026-08-04 09:08:22.691872+00;42.0867988;42.001317
osm-1169744866;ნიკო ბერძენიშვილის სახელობის ადგილობრივი ცოდნის მუზეუმი;გურია;food;კვება;"[""კვება"",""გურია""]";false;false;4.8;კვება — გურია.;{};33.91;61.56;2026-08-03 10:38:42.238563+00;42.0187509;42.2399696
osm-1169744975;ჭყიმარტე;გურია;food;რესტორანი;"[""რესტორანი"",""გურია""]";false;false;4.8;რესტორანი — გურია.;{};30.48;68.2;2026-08-04 09:08:22.691872+00;41.8427973;42.0031576
osm-1179612903;საბარათიანო;ქვემო ქართლი;food;კაფე;"[""კაფე"",""ქვემო ქართლი""]";false;false;4.8;კაფე — ქვემო ქართლი.;{};62.35;87.56;2026-08-04 09:08:22.691872+00;41.3296159;44.2020206
osm-1179616603;სამი მღვდელმთავრის სტავროპიგიალური მამათა მონასტერი;შიდა ქართლი;food;კვება;"[""კვება"",""შიდა ქართლი""]";false;false;4.8;კვება — შიდა ქართლი.;{};57.6;76.87;2026-08-03 10:38:42.238563+00;41.6130651;43.8740755
osm-1179617525;დარდიმანდი;ქვემო ქართლი;food;რესტორანი;"[""რესტორანი"",""ქვემო ქართლი""]";false;false;4.8;რესტორანი — ქვემო ქართლი.;{};69.14;83.19;2026-08-04 09:08:22.691872+00;41.4454835;44.6703503
osm-1180202444;ლაშარი;რაჭა-ლეჩხუმი;food;კაფე;"[""კაფე"",""რაჭა-ლეჩხუმი""]";false;false;4.8;კაფე — რაჭა-ლეჩხუმი.;{};47.07;42.55;2026-08-04 09:08:22.691872+00;42.5225111;43.1480364
osm-1180204197;კაფე ია;რაჭა-ლეჩხუმი;food;კაფე;"[""კაფე"",""რაჭა-ლეჩხუმი""]";false;false;4.8;კაფე — რაჭა-ლეჩხუმი.;{};51.31;40.21;2026-08-04 09:08:22.691872+00;42.5843296;43.4407236
osm-1180204914;რაჭული ეზო;რაჭა-ლეჩხუმი;food;რესტორანი;"[""რესტორანი"",""რაჭა-ლეჩხუმი""]";false;false;4.8;რესტორანი — რაჭა-ლეჩხუმი.;{};51.31;40.29;2026-08-04 09:08:22.691872+00;42.5823486;43.4401648
osm-1180205162;სინაგოგა;რაჭა-ლეჩხუმი;food;კვება;"[""კვება"",""რაჭა-ლეჩხუმი""]";false;false;4.8;კვება — რაჭა-ლეჩხუმი.;{};51.4;40.11;2026-08-03 10:38:42.238563+00;42.5870274;43.4464029
osm-1182745832;საძმო;კახეთი;food;რესტორანი;"[""რესტორანი"",""კახეთი""]";false;false;4.8;რესტორანი — კახეთი.;{};80.71;65.07;2026-08-04 09:08:22.691872+00;41.9256328;45.4692688
osm-1182746251;დეიდა;კახეთი;food;კაფე;"[""კაფე"",""კახეთი""]";false;false;4.8;კაფე — კახეთი.;{};88.17;76.67;2026-08-04 09:08:22.691872+00;41.61824;45.9837504
osm-1182746287;კაჭრეთის ჩემპიონი;კახეთი;food;რესტორანი;"[""რესტორანი"",""კახეთი""]";false;false;4.8;რესტორანი — კახეთი.;{};83.86;76.05;2026-08-04 09:08:22.691872+00;41.6346246;45.686113
osm-1182746290;თეთრი დუქანი;თბილისი;food;რესტორანი;"[""რესტორანი"",""თბილისი""]";false;false;4.8;რესტორანი — თბილისი.;{};76.97;60.98;2026-08-04 09:08:22.691872+00;42.0340493;45.2110612
osm-1182746518;ნიკალა;კახეთი;food;რესტორანი;"[""რესტორანი"",""კახეთი""]";false;false;4.8;რესტორანი — კახეთი.;{};81.07;65.36;2026-08-04 09:08:22.691872+00;41.9180359;45.4936963
osm-1182746626;თელავი;კახეთი;food;რესტორანი;"[""რესტორანი"",""კახეთი""]";false;false;4.8;რესტორანი — კახეთი.;{};81.05;65.42;2026-08-04 09:08:22.691872+00;41.9163018;45.492205
osm-1182746658;ნაკადული;კახეთი;food;რესტორანი;"[""რესტორანი"",""კახეთი""]";false;false;4.8;რესტორანი — კახეთი.;{};86;74.95;2026-08-04 09:08:22.691872+00;41.6638259;45.8336912
osm-1182747592;წმინდა ნინოს წყარო;კახეთი;nature;წყარო;"[""წყარო"",""კახეთი""]";false;false;4.8;წყარო — კახეთი.;{};87.49;77.01;2026-08-04 09:08:22.691872+00;41.6091498;45.9370245
osm-1182747715;კავკასიური სახლი;კახეთი;food;რესტორანი;"[""რესტორანი"",""კახეთი""]";false;false;4.8;რესტორანი — კახეთი.;{};87.27;76.61;2026-08-04 09:08:22.691872+00;41.6198558;45.9215347
osm-1182747731;ბახტრიონი;თბილისი;food;რესტორანი;"[""რესტორანი"",""თბილისი""]";false;false;4.8;რესტორანი — თბილისი.;{};76.92;60.92;2026-08-04 09:08:22.691872+00;42.0356819;45.2076254
osm-1182747928;შუა თელავში;კახეთი;food;რესტორანი;"[""რესტორანი"",""კახეთი""]";false;false;4.8;რესტორანი — კახეთი.;{};80.77;65.36;2026-08-04 09:08:22.691872+00;41.9180127;45.4728313
osm-1182747935;საბანკეტო დარბაზი;კახეთი;food;რესტორანი;"[""რესტორანი"",""კახეთი""]";false;false;4.8;რესტორანი — კახეთი.;{};90;82.64;2026-08-04 09:08:22.691872+00;41.4601505;46.1099727
osm-1182748123;სარაჯიშვილი 3;კახეთი;food;რესტორანი;"[""რესტორანი"",""კახეთი""]";false;false;4.8;რესტორანი — კახეთი.;{};87.28;76.63;2026-08-04 09:08:22.691872+00;41.6192828;45.9219797
osm-1182748450;გადასახედი;კახეთი;food;რესტორანი;"[""რესტორანი"",""კახეთი""]";false;false;4.8;რესტორანი — კახეთი.;{};87.33;76.41;2026-08-04 09:08:22.691872+00;41.6252186;45.9256435
osm-1182748468;ნაძვები;კახეთი;food;რესტორანი;"[""რესტორანი"",""კახეთი""]";false;false;4.8;რესტორანი — კახეთი.;{};81.07;65.35;2026-08-04 09:08:22.691872+00;41.9181497;45.4938981
osm-1182748513;ნიკო;კახეთი;food;რესტორანი;"[""რესტორანი"",""კახეთი""]";false;false;4.8;რესტორანი — კახეთი.;{};79.78;65.16;2026-08-04 09:08:22.691872+00;41.923371;45.4050261
osm-1182748760;ნიკალა;კახეთი;food;რესტორანი;"[""რესტორანი"",""კახეთი""]";false;false;4.8;რესტორანი — კახეთი.;{};90.08;82.55;2026-08-04 09:08:22.691872+00;41.4625115;46.1151825
osm-1182749935;კავკასიონი;კახეთი;food;რესტორანი;"[""რესტორანი"",""კახეთი""]";false;false;4.8;რესტორანი — კახეთი.;{};81.39;65.28;2026-08-04 09:08:22.691872+00;41.9200848;45.5156171
osm-1182750070;ქიზიყი;კახეთი;food;კაფე;"[""კაფე"",""კახეთი""]";false;false;4.8;კაფე — კახეთი.;{};88.11;76.6;2026-08-04 09:08:22.691872+00;41.6201036;45.9792591
osm-1182750097;სალხინო;კახეთი;food;რესტორანი;"[""რესტორანი"",""კახეთი""]";false;false;4.8;რესტორანი — კახეთი.;{};90.19;82.66;2026-08-04 09:08:22.691872+00;41.4593859;46.1228615
osm-1182750219;პილიგრიმი;კახეთი;food;რესტორანი;"[""რესტორანი"",""კახეთი""]";false;false;4.8;რესტორანი — კახეთი.;{};87.42;77.12;2026-08-04 09:08:22.691872+00;41.6062538;45.932288
osm-1182750389;ალაზნის ველი;კახეთი;food;რესტორანი;"[""რესტორანი"",""კახეთი""]";false;false;4.8;რესტორანი — კახეთი.;{};80.76;65.03;2026-08-04 09:08:22.691872+00;41.9267091;45.4722702
osm-1182750545;თელავი;კახეთი;food;რესტორანი;"[""რესტორანი"",""კახეთი""]";false;false;4.8;რესტორანი — კახეთი.;{};81.04;65.44;2026-08-04 09:08:22.691872+00;41.9158538;45.4917915
osm-1182750741;თემურა;კახეთი;food;რესტორანი;"[""რესტორანი"",""კახეთი""]";false;false;4.8;რესტორანი — კახეთი.;{};80.78;65.01;2026-08-04 09:08:22.691872+00;41.9273568;45.4741402
osm-1182750881;სამეფო;კახეთი;food;კაფე;"[""კაფე"",""კახეთი""]";false;false;4.8;კაფე — კახეთი.;{};80.78;65.34;2026-08-04 09:08:22.691872+00;41.9185255;45.4735357
osm-1182750938;კოლორიტი;კახეთი;food;რესტორანი;"[""რესტორანი"",""კახეთი""]";false;false;4.8;რესტორანი — კახეთი.;{};90.11;82.69;2026-08-04 09:08:22.691872+00;41.4586842;46.1173503
osm-1182750968;ზუზუმბო;კახეთი;food;რესტორანი;"[""რესტორანი"",""კახეთი""]";false;false;4.8;რესტორანი — კახეთი.;{};80.52;65.32;2026-08-04 09:08:22.691872+00;41.9191031;45.456165
osm-1182751605;თელგა;კახეთი;food;რესტორანი;"[""რესტორანი"",""კახეთი""]";false;false;4.8;რესტორანი — კახეთი.;{};81.39;65.28;2026-08-04 09:08:22.691872+00;41.9200383;45.5159953
osm-1182752324;ფახას დუქანი;კახეთი;food;რესტორანი;"[""რესტორანი"",""კახეთი""]";false;false;4.8;რესტორანი — კახეთი.;{};80.74;65.32;2026-08-04 09:08:22.691872+00;41.9190395;45.4709601
osm-1182752974;ხერგილი;კახეთი;food;რესტორანი;"[""რესტორანი"",""კახეთი""]";false;false;4.8;რესტორანი — კახეთი.;{};80.53;65.09;2026-08-04 09:08:22.691872+00;41.9251089;45.4562937
osm-1182754663;გივის დუქანი;კახეთი;food;რესტორანი;"[""რესტორანი"",""კახეთი""]";false;false;4.8;რესტორანი — კახეთი.;{};82.47;75.77;2026-08-04 09:08:22.691872+00;41.6421591;45.5905235
osm-1182755842;წიწმათიანი;კახეთი;food;რესტორანი;"[""რესტორანი"",""კახეთი""]";false;false;4.8;რესტორანი — კახეთი.;{};80.74;64.61;2026-08-04 09:08:22.691872+00;41.9378124;45.4713918
osm-1182756332;ზღაპარი;კახეთი;food;რესტორანი;"[""რესტორანი"",""კახეთი""]";false;false;4.8;რესტორანი — კახეთი.;{};81.37;65.27;2026-08-04 09:08:22.691872+00;41.9203596;45.5146899
osm-1185710492;სამხედრო ტყვეთა საძმო სასაფლაო;სამეგრელო-ზემო სვანეთი;culture;მემორიალი;"[""მემორიალი"",""სამეგრელო-ზემო სვანეთი""]";false;false;4.8;მემორიალი — სამეგრელო-ზემო სვანეთი.;{};28.31;40.96;2026-08-04 09:08:22.691872+00;42.5646337;41.8532905
osm-1185713964;აკაკი წერეთელი;სამეგრელო-ზემო სვანეთი;culture;ძეგლი;"[""ძეგლი"",""სამეგრელო-ზემო სვანეთი""]";false;false;4.8;ძეგლი — სამეგრელო-ზემო სვანეთი.;{};28.71;42.86;2026-08-04 09:08:22.691872+00;42.5142409;41.8810999
osm-1185723326;სკურის მინერალური წყალი;სამეგრელო-ზემო სვანეთი;nature;წყარო;"[""წყარო"",""სამეგრელო-ზემო სვანეთი""]";false;false;4.8;წყარო — სამეგრელო-ზემო სვანეთი.;{};32.75;36.13;2026-08-04 09:08:22.691872+00;42.6925039;42.159757
osm-1185723548;ჯიხა;სამეგრელო-ზემო სვანეთი;food;კაფე;"[""კაფე"",""სამეგრელო-ზემო სვანეთი""]";false;false;4.8;კაფე — სამეგრელო-ზემო სვანეთი.;{};28.54;43.02;2026-08-04 09:08:22.691872+00;42.5100619;41.869586
osm-1185723760;კოლხი;გურია;food;რესტორანი;"[""რესტორანი"",""გურია""]";false;false;4.8;რესტორანი — გურია.;{};25.47;56.54;2026-08-04 09:08:22.691872+00;42.1516464;41.6572969
osm-1185724912;ოაზისი;სამეგრელო-ზემო სვანეთი;food;კაფე;"[""კაფე"",""სამეგრელო-ზემო სვანეთი""]";false;false;4.8;კაფე — სამეგრელო-ზემო სვანეთი.;{};28.56;43.18;2026-08-04 09:08:22.691872+00;42.5056094;41.8703319
osm-1185725076;პაპანწყვირე;გურია;nature;წყარო;"[""წყარო"",""გურია""]";false;false;4.8;წყარო — გურია.;{};27.96;48.17;2026-08-04 09:08:22.691872+00;42.3733833;41.8292232
osm-1185725210;იასონი;გურია;food;რესტორანი;"[""რესტორანი"",""გურია""]";false;false;4.8;რესტორანი — გურია.;{};26.15;58.64;2026-08-04 09:08:22.691872+00;42.0959122;41.7043934
osm-1185725962;სამეფო;გურია;food;რესტორანი;"[""რესტორანი"",""გურია""]";false;false;4.8;რესტორანი — გურია.;{};31.4;52.2;2026-08-04 09:08:22.691872+00;42.2667842;42.0662809
osm-1185726436;ბარჯა;სამეგრელო-ზემო სვანეთი;food;რესტორანი;"[""რესტორანი"",""სამეგრელო-ზემო სვანეთი""]";false;false;4.8;რესტორანი — სამეგრელო-ზემო სვანეთი.;{};32.27;42.67;2026-08-04 09:08:22.691872+00;42.5191326;42.1268142
osm-1185727371;რესტორანი ტამი;გურია;food;რესტორანი;"[""რესტორანი"",""გურია""]";false;false;4.8;რესტორანი — გურია.;{};26.04;57.98;2026-08-04 09:08:22.691872+00;42.1135126;41.696673
osm-1185727619;მეკობრე;სამეგრელო-ზემო სვანეთი;food;რესტორანი;"[""რესტორანი"",""სამეგრელო-ზემო სვანეთი""]";false;false;4.8;რესტორანი — სამეგრელო-ზემო სვანეთი.;{};28.6;43.17;2026-08-04 09:08:22.691872+00;42.5059195;41.8736146
osm-1185727773;დუქანი მოედანზე;სამეგრელო-ზემო სვანეთი;food;კაფე;"[""კაფე"",""სამეგრელო-ზემო სვანეთი""]";false;false;4.8;კაფე — სამეგრელო-ზემო სვანეთი.;{};28.51;43.26;2026-08-04 09:08:22.691872+00;42.5035475;41.8674382
osm-1185728614;რესტორანი ოაზისი;გურია;food;რესტორანი;"[""რესტორანი"",""გურია""]";false;false;4.8;რესტორანი — გურია.;{};25.85;55.63;2026-08-04 09:08:22.691872+00;42.1758222;41.6836632
osm-1185728697;ეგრისი;გურია;food;რესტორანი;"[""რესტორანი"",""გურია""]";false;false;4.8;რესტორანი — გურია.;{};32.56;52.91;2026-08-04 09:08:22.691872+00;42.2479766;42.1464982
osm-1185728702;ფაცხა მარგალიში;სამეგრელო-ზემო სვანეთი;food;რესტორანი;"[""რესტორანი"",""სამეგრელო-ზემო სვანეთი""]";false;false;4.8;რესტორანი — სამეგრელო-ზემო სვანეთი.;{};28.61;43.21;2026-08-04 09:08:22.691872+00;42.5048926;41.8742162
osm-1185728948;ლაკადა;სამეგრელო-ზემო სვანეთი;food;რესტორანი;"[""რესტორანი"",""სამეგრელო-ზემო სვანეთი""]";false;false;4.8;რესტორანი — სამეგრელო-ზემო სვანეთი.;{};31.47;39.28;2026-08-04 09:08:22.691872+00;42.6092099;42.0713236
osm-1185729074;ზუგდიდი;სამეგრელო-ზემო სვანეთი;food;კაფე;"[""კაფე"",""სამეგრელო-ზემო სვანეთი""]";false;false;4.8;კაფე — სამეგრელო-ზემო სვანეთი.;{};28.52;43.23;2026-08-04 09:08:22.691872+00;42.5044469;41.8681479
osm-1185729380;ფაცხა;სამეგრელო-ზემო სვანეთი;food;რესტორანი;"[""რესტორანი"",""სამეგრელო-ზემო სვანეთი""]";false;false;4.8;რესტორანი — სამეგრელო-ზემო სვანეთი.;{};33.21;49.18;2026-08-04 09:08:22.691872+00;42.3468416;42.1913429
osm-1185729619;რეტრო;სამეგრელო-ზემო სვანეთი;food;რესტორანი;"[""რესტორანი"",""სამეგრელო-ზემო სვანეთი""]";false;false;4.8;რესტორანი — სამეგრელო-ზემო სვანეთი.;{};28.09;44.58;2026-08-04 09:08:22.691872+00;42.4685022;41.8381209
osm-1185729815;რონა;გურია;food;რესტორანი;"[""რესტორანი"",""გურია""]";false;false;4.8;რესტორანი — გურია.;{};25.43;52.04;2026-08-04 09:08:22.691872+00;42.2709786;41.6547903
osm-1185729991;ით პოინტი;გურია;food;კაფე;"[""კაფე"",""გურია""]";false;false;4.8;კაფე — გურია.;{};25.51;56.54;2026-08-04 09:08:22.691872+00;42.151668;41.6600247
osm-1185731107;რესტორანი ბათუ;სამეგრელო-ზემო სვანეთი;food;რესტორანი;"[""რესტორანი"",""სამეგრელო-ზემო სვანეთი""]";false;false;4.8;რესტორანი — სამეგრელო-ზემო სვანეთი.;{};31.51;39.22;2026-08-04 09:08:22.691872+00;42.6107847;42.0744762
osm-1185731341;გოგირდიანი წყლის გეიზერი;სამეგრელო-ზემო სვანეთი;nature;წყარო;"[""წყარო"",""სამეგრელო-ზემო სვანეთი""]";false;false;4.8;წყარო — სამეგრელო-ზემო სვანეთი.;{};31.73;46.65;2026-08-04 09:08:22.691872+00;42.4138213;42.0894171
osm-1185731394;ფიფინო;გურია;food;კაფე;"[""კაფე"",""გურია""]";false;false;4.8;კაფე — გურია.;{};31.33;52.16;2026-08-04 09:08:22.691872+00;42.2676551;42.0617635
osm-1185731448;მეგრული ლულა;სამეგრელო-ზემო სვანეთი;food;კაფე;"[""კაფე"",""სამეგრელო-ზემო სვანეთი""]";false;false;4.8;კაფე — სამეგრელო-ზემო სვანეთი.;{};28.59;43.12;2026-08-04 09:08:22.691872+00;42.5073701;41.8725551
osm-1185731501;შაკო;სამეგრელო-ზემო სვანეთი;food;კაფე;"[""კაფე"",""სამეგრელო-ზემო სვანეთი""]";false;false;4.8;კაფე — სამეგრელო-ზემო სვანეთი.;{};28.54;43.18;2026-08-04 09:08:22.691872+00;42.5056928;41.8693923
osm-1185731901;ანტრე;სამეგრელო-ზემო სვანეთი;food;რესტორანი;"[""რესტორანი"",""სამეგრელო-ზემო სვანეთი""]";false;false;4.8;რესტორანი — სამეგრელო-ზემო სვანეთი.;{};28.4;43.8;2026-08-04 09:08:22.691872+00;42.4892269;41.8594046
osm-1185732285;კაფე იქსი;გურია;food;კაფე;"[""კაფე"",""გურია""]";false;false;4.8;კაფე — გურია.;{};33.39;54.52;2026-08-04 09:08:22.691872+00;42.2050935;42.204081
osm-1185732385;დიარონი;სამეგრელო-ზემო სვანეთი;food;რესტორანი;"[""რესტორანი"",""სამეგრელო-ზემო სვანეთი""]";false;false;4.8;რესტორანი — სამეგრელო-ზემო სვანეთი.;{};28.6;43.13;2026-08-04 09:08:22.691872+00;42.5069414;41.8732815
osm-1185732637;არმადა;გურია;food;კაფე;"[""კაფე"",""გურია""]";false;false;4.8;კაფე — გურია.;{};25.6;56.36;2026-08-04 09:08:22.691872+00;42.1565288;41.6665474
osm-1185732690;რესტორანი ჯეგეთა;სამეგრელო-ზემო სვანეთი;food;რესტორანი;"[""რესტორანი"",""სამეგრელო-ზემო სვანეთი""]";false;false;4.8;რესტორანი — სამეგრელო-ზემო სვანეთი.;{};27.41;47.35;2026-08-04 09:08:22.691872+00;42.3952057;41.7909991
osm-1185733037;შუა ქალაქში;სამეგრელო-ზემო სვანეთი;food;კაფე;"[""კაფე"",""სამეგრელო-ზემო სვანეთი""]";false;false;4.8;კაფე — სამეგრელო-ზემო სვანეთი.;{};28.54;43.2;2026-08-04 09:08:22.691872+00;42.5051099;41.8691398
osm-1185733319;კაფე ნატალი;სამეგრელო-ზემო სვანეთი;food;კაფე;"[""კაფე"",""სამეგრელო-ზემო სვანეთი""]";false;false;4.8;კაფე — სამეგრელო-ზემო სვანეთი.;{};31.52;39.21;2026-08-04 09:08:22.691872+00;42.6108477;42.0746755
osm-1185733746;დიოსკურია;სამეგრელო-ზემო სვანეთი;food;რესტორანი;"[""რესტორანი"",""სამეგრელო-ზემო სვანეთი""]";false;false;4.8;რესტორანი — სამეგრელო-ზემო სვანეთი.;{};28.51;43.32;2026-08-04 09:08:22.691872+00;42.5020396;41.8671928
osm-1185733925;კაფე ალერტი;სამეგრელო-ზემო სვანეთი;food;კაფე;"[""კაფე"",""სამეგრელო-ზემო სვანეთი""]";false;false;4.8;კაფე — სამეგრელო-ზემო სვანეთი.;{};28.59;43.08;2026-08-04 09:08:22.691872+00;42.5082562;41.8726129
osm-1185811768;ორქიდეა;სამცხე-ჯავახეთი;food;კაფე;"[""კაფე"",""სამცხე-ჯავახეთი""]";false;false;4.8;კაფე — სამცხე-ჯავახეთი.;{};50.47;68.25;2026-08-04 09:08:22.691872+00;41.8413205;43.3823206
osm-1185812282;პაემანი;სამცხე-ჯავახეთი;food;კაფე;"[""კაფე"",""სამცხე-ჯავახეთი""]";false;false;4.8;კაფე — სამცხე-ჯავახეთი.;{};50.46;68.26;2026-08-04 09:08:22.691872+00;41.8411811;43.3820233
osm-1185812345;არ დაიდარდო;სამცხე-ჯავახეთი;food;რესტორანი;"[""რესტორანი"",""სამცხე-ჯავახეთი""]";false;false;4.8;რესტორანი — სამცხე-ჯავახეთი.;{};51.95;65.04;2026-08-04 09:08:22.691872+00;41.9265437;43.4844123
osm-1185812791;ბორჯომის მინერალური წყალი;სამცხე-ჯავახეთი;food;კვება;"[""კვება"",""სამცხე-ჯავახეთი""]";false;false;4.8;კვება — სამცხე-ჯავახეთი.;{};50.61;68.45;2026-08-03 10:38:42.238563+00;41.8359553;43.3919416
osm-1185812835;გვირგვინა;სამცხე-ჯავახეთი;food;რესტორანი;"[""რესტორანი"",""სამცხე-ჯავახეთი""]";false;false;4.8;რესტორანი — სამცხე-ჯავახეთი.;{};51.92;69.89;2026-08-04 09:08:22.691872+00;41.7979413;43.4827894
osm-1185812890;ნია;სამცხე-ჯავახეთი;food;რესტორანი;"[""რესტორანი"",""სამცხე-ჯავახეთი""]";false;false;4.8;რესტორანი — სამცხე-ჯავახეთი.;{};50.46;68.26;2026-08-04 09:08:22.691872+00;41.8410535;43.3814966
osm-1185812893;ნიკალა;სამცხე-ჯავახეთი;food;კაფე;"[""კაფე"",""სამცხე-ჯავახეთი""]";false;false;4.8;კაფე — სამცხე-ჯავახეთი.;{};50.57;68.41;2026-08-04 09:08:22.691872+00;41.8371411;43.3890997
osm-1185812919;რველი;სამცხე-ჯავახეთი;food;რესტორანი;"[""რესტორანი"",""სამცხე-ჯავახეთი""]";false;false;4.8;რესტორანი — სამცხე-ჯავახეთი.;{};50.98;67.18;2026-08-04 09:08:22.691872+00;41.8698448;43.4179441
osm-1196594915;ფასანაური;თბილისი;food;რესტორანი;"[""რესტორანი"",""თბილისი""]";false;false;4.8;რესტორანი — თბილისი.;{};70.15;72.7;2026-08-04 09:08:22.691872+00;41.7234641;44.7400957
osm-1199800410;ნაპერწკალი;შიდა ქართლი;food;კაფე;"[""კაფე"",""შიდა ქართლი""]";false;false;4.8;კაფე — შიდა ქართლი.;{};52.69;61.19;2026-08-04 09:08:22.691872+00;42.0284461;43.535861
osm-1199800415;აია;შიდა ქართლი;food;რესტორანი;"[""რესტორანი"",""შიდა ქართლი""]";false;false;4.8;რესტორანი — შიდა ქართლი.;{};52.62;61.17;2026-08-04 09:08:22.691872+00;42.0290979;43.5307519
osm-1199800420;ქუთაისი;შიდა ქართლი;food;რესტორანი;"[""რესტორანი"",""შიდა ქართლი""]";false;false;4.8;რესტორანი — შიდა ქართლი.;{};52.59;61.16;2026-08-04 09:08:22.691872+00;42.029177;43.5288474
osm-1199800448;დათვის წყარო;შიდა ქართლი;nature;წყარო;"[""წყარო"",""შიდა ქართლი""]";false;false;4.8;წყარო — შიდა ქართლი.;{};52.8;60.99;2026-08-04 09:08:22.691872+00;42.0337155;43.5435188
osm-1199800473;იმედი;შიდა ქართლი;food;რესტორანი;"[""რესტორანი"",""შიდა ქართლი""]";false;false;4.8;რესტორანი — შიდა ქართლი.;{};52.66;61.19;2026-08-04 09:08:22.691872+00;42.0284001;43.5336837
osm-1199800491;გორდა;შიდა ქართლი;food;რესტორანი;"[""რესტორანი"",""შიდა ქართლი""]";false;false;4.8;რესტორანი — შიდა ქართლი.;{};52.8;61.25;2026-08-04 09:08:22.691872+00;42.0269218;43.5431843
osm-1199800509;გურია;შიდა ქართლი;food;რესტორანი;"[""რესტორანი"",""შიდა ქართლი""]";false;false;4.8;რესტორანი — შიდა ქართლი.;{};52.67;61.19;2026-08-04 09:08:22.691872+00;42.0283574;43.533981
osm-1199800628;ფორტუნა;შიდა ქართლი;food;რესტორანი;"[""რესტორანი"",""შიდა ქართლი""]";false;false;4.8;რესტორანი — შიდა ქართლი.;{};52.73;61.21;2026-08-04 09:08:22.691872+00;42.0278124;43.5381773
osm-1199900759;გომი;შიდა ქართლი;food;რესტორანი;"[""რესტორანი"",""შიდა ქართლი""]";false;false;4.8;რესტორანი — შიდა ქართლი.;{};55.38;61.69;2026-08-04 09:08:22.691872+00;42.0151175;43.7214948
osm-1203448448;კასპი;თბილისი;food;რესტორანი;"[""რესტორანი"",""თბილისი""]";false;false;4.8;რესტორანი — თბილისი.;{};65.49;65.26;2026-08-04 09:08:22.691872+00;41.9206129;44.4186587
osm-1203448546;აგურებში;თბილისი;food;რესტორანი;"[""რესტორანი"",""თბილისი""]";false;false;4.8;რესტორანი — თბილისი.;{};65.53;65.22;2026-08-04 09:08:22.691872+00;41.9217279;44.4217341
osm-1203448598;ციხის წყარო;შიდა ქართლი;nature;წყარო;"[""წყარო"",""შიდა ქართლი""]";false;false;4.8;წყარო — შიდა ქართლი.;{};57.88;61.33;2026-08-04 09:08:22.691872+00;42.0248375;43.8934487
osm-1203448848;რუსთაველის წყარო;შიდა ქართლი;nature;წყარო;"[""წყარო"",""შიდა ქართლი""]";false;false;4.8;წყარო — შიდა ქართლი.;{};60.66;59.76;2026-08-04 09:08:22.691872+00;42.0663107;44.0853622
osm-1203449076;გორი;შიდა ქართლი;food;რესტორანი;"[""რესტორანი"",""შიდა ქართლი""]";false;false;4.8;რესტორანი — შიდა ქართლი.;{};61.53;61.65;2026-08-04 09:08:22.691872+00;42.0163945;44.1458098
osm-1203479940;ქებაბ ლენდი;შიდა ქართლი;food;კაფე;"[""კაფე"",""შიდა ქართლი""]";false;false;4.8;კაფე — შიდა ქართლი.;{};53.56;62.77;2026-08-04 09:08:22.691872+00;41.9865821;43.5956394
osm-1203479974;ხაშური;შიდა ქართლი;food;კაფე;"[""კაფე"",""შიდა ქართლი""]";false;false;4.8;კაფე — შიდა ქართლი.;{};53.63;62.36;2026-08-04 09:08:22.691872+00;41.99746;43.6004918
osm-1203480156;კაფე ნათია;შიდა ქართლი;food;რესტორანი;"[""რესტორანი"",""შიდა ქართლი""]";false;false;4.8;რესტორანი — შიდა ქართლი.;{};53.6;62.52;2026-08-04 09:08:22.691872+00;41.9932002;43.5981112
osm-1203480505;დიაოხი;შიდა ქართლი;food;რესტორანი;"[""რესტორანი"",""შიდა ქართლი""]";false;false;4.8;რესტორანი — შიდა ქართლი.;{};53.32;62.93;2026-08-04 09:08:22.691872+00;41.98236;43.5794
osm-1203480799;სავანე;შიდა ქართლი;food;კაფე;"[""კაფე"",""შიდა ქართლი""]";false;false;4.8;კაფე — შიდა ქართლი.;{};53.65;62.35;2026-08-04 09:08:22.691872+00;41.9977909;43.6018095
osm-1203480866;ობოლთა კაფე;შიდა ქართლი;food;კაფე;"[""კაფე"",""შიდა ქართლი""]";false;false;4.8;კაფე — შიდა ქართლი.;{};53.7;62.29;2026-08-04 09:08:22.691872+00;41.9992168;43.6053197
osm-1203507993;ათას ერთი ღამე;შიდა ქართლი;food;კაფე;"[""კაფე"",""შიდა ქართლი""]";false;false;4.8;კაფე — შიდა ქართლი.;{};61.01;62.88;2026-08-04 09:08:22.842779+00;41.9836202;44.1100074
osm-1203508176;სამეფო;შიდა ქართლი;food;რესტორანი;"[""რესტორანი"",""შიდა ქართლი""]";false;false;4.8;რესტორანი — შიდა ქართლი.;{};60.98;62.92;2026-08-04 09:08:22.842779+00;41.982509;44.1074733
osm-1203508671;წყაროს უბანი;შიდა ქართლი;food;კაფე;"[""კაფე"",""შიდა ქართლი""]";false;false;4.8;კაფე — შიდა ქართლი.;{};60.97;63;2026-08-04 09:08:22.842779+00;41.9805238;44.1068522
osm-1203508997;დარიალი;შიდა ქართლი;food;რესტორანი;"[""რესტორანი"",""შიდა ქართლი""]";false;false;4.8;რესტორანი — შიდა ქართლი.;{};61.21;62.28;2026-08-04 09:08:22.842779+00;41.9996796;44.123805
osm-1203510250;ავანგარდი;შიდა ქართლი;food;კაფე;"[""კაფე"",""შიდა ქართლი""]";false;false;4.8;კაფე — შიდა ქართლი.;{};61.02;62.96;2026-08-04 09:08:22.842779+00;41.9815284;44.1105691
osm-1203512713;თბილისური;შიდა ქართლი;food;რესტორანი;"[""რესტორანი"",""შიდა ქართლი""]";false;false;4.8;რესტორანი — შიდა ქართლი.;{};61.19;62.53;2026-08-04 09:08:22.842779+00;41.9930346;44.1223047
osm-1207164626;ქორბუდა-2;მცხეთა-მთიანეთი;food;რესტორანი;"[""რესტორანი"",""მცხეთა-მთიანეთი""]";false;false;4.8;რესტორანი — მცხეთა-მთიანეთი.;{};69.29;48.28;2026-08-04 09:08:22.842779+00;42.3706344;44.6809365
osm-1207165461;ბულაჩაური;თბილისი;food;რესტორანი;"[""რესტორანი"",""თბილისი""]";false;false;4.8;რესტორანი — თბილისი.;{};70.43;61.91;2026-08-04 09:08:22.842779+00;42.0094274;44.7597171
osm-1207165607;კახაბერი;მცხეთა-მთიანეთი;food;რესტორანი;"[""რესტორანი"",""მცხეთა-მთიანეთი""]";false;false;4.8;რესტორანი — მცხეთა-მთიანეთი.;{};69.3;50.05;2026-08-04 09:08:22.842779+00;42.323661;44.6820251
osm-1207165715;ანანური;მცხეთა-მთიანეთი;food;რესტორანი;"[""რესტორანი"",""მცხეთა-მთიანეთი""]";false;false;4.8;რესტორანი — მცხეთა-მთიანეთი.;{};69.8;56.27;2026-08-04 09:08:22.842779+00;42.1588402;44.7159699
osm-1207165814;ტოლუბაში;თბილისი;food;რესტორანი;"[""რესტორანი"",""თბილისი""]";false;false;4.8;რესტორანი — თბილისი.;{};70.34;61.94;2026-08-04 09:08:22.842779+00;42.0087041;44.7531663
osm-1207165867;ბაღი;მცხეთა-მთიანეთი;food;რესტორანი;"[""რესტორანი"",""მცხეთა-მთიანეთი""]";false;false;4.8;რესტორანი — მცხეთა-მთიანეთი.;{};69.45;49.16;2026-08-04 09:08:22.842779+00;42.3473292;44.6922907
osm-1213786131;ვაჟა-ფშაველა;თბილისი;culture;მემორიალი;"[""მემორიალი"",""თბილისი""]";false;false;4.8;მემორიალი — თბილისი.;{};69.99;72.69;2026-08-04 09:08:22.842779+00;41.7238361;44.7290101
osm-1238933130;ვეფხვი და მოყმე;თბილისი;culture;მემორიალი;"[""მემორიალი"",""თბილისი""]";false;false;4.8;მემორიალი — თბილისი.;{};70.58;72.08;2026-08-04 09:08:22.842779+00;41.7398554;44.7701579
osm-1258838130;თავშანქას მთა;სამცხე-ჯავახეთი;nature;მწვერვალი;"[""მწვერვალი"",""სამცხე-ჯავახეთი""]";true;true;4.4;მწვერვალი — სამცხე-ჯავახეთი.;{};52.16;85.03;2026-08-04 09:08:22.842779+00;41.3966904;43.4991179
osm-1259635766;ქართულ-სომხური ძმობა;სამცხე-ჯავახეთი;culture;მემორიალი;"[""მემორიალი"",""სამცხე-ჯავახეთი""]";false;false;4.8;მემორიალი — სამცხე-ჯავახეთი.;{};53.44;89.92;2026-08-04 09:08:22.842779+00;41.267009;43.5875379
osm-1259637168;ვაჰან ტერიანი;სამცხე-ჯავახეთი;leisure;ხელოვნება;"[""ხელოვნება"",""სამცხე-ჯავახეთი""]";false;false;4.8;ხელოვნება — სამცხე-ჯავახეთი.;{};53.44;89.94;2026-08-04 09:08:22.842779+00;41.2664957;43.5870453
osm-1279039757;ველიამინოვი;თბილისი;food;რესტორანი;"[""რესტორანი"",""თბილისი""]";false;false;4.8;რესტორანი — თბილისი.;{};71.05;73.87;2026-08-04 09:08:22.842779+00;41.6924223;44.8021201
osm-1291410449;კაფე;შიდა ქართლი;food;კაფე;"[""კაფე"",""შიდა ქართლი""]";false;false;4.8;კაფე — შიდა ქართლი.;{};59.04;53.79;2026-08-04 09:08:22.842779+00;42.2245338;43.9739685
osm-1316155911;წისქვილი წყნეთში;თბილისი;food;რესტორანი;"[""რესტორანი"",""თბილისი""]";false;false;4.8;რესტორანი — თბილისი.;{};69.52;74.02;2026-08-04 09:08:22.842779+00;41.6884593;44.6968122
osm-1316156080;წყნეთის ეზო;თბილისი;food;რესტორანი;"[""რესტორანი"",""თბილისი""]";false;false;4.8;რესტორანი — თბილისი.;{};69.62;73.51;2026-08-04 09:08:22.842779+00;41.7019548;44.7035672
osm-1316157181;ქარავანი;თბილისი;food;რესტორანი;"[""რესტორანი"",""თბილისი""]";false;false;4.8;რესტორანი — თბილისი.;{};74.24;72.45;2026-08-04 09:08:22.842779+00;41.7300098;45.0224729
osm-1316157183;დათოს დუქანი;თბილისი;food;რესტორანი;"[""რესტორანი"",""თბილისი""]";false;false;4.8;რესტორანი — თბილისი.;{};76.44;72.89;2026-08-04 09:08:22.842779+00;41.7183344;45.1743604
osm-1316157224;ჩხაკუნა პაპას დუქანი;თბილისი;food;რესტორანი;"[""რესტორანი"",""თბილისი""]";false;false;4.8;რესტორანი — თბილისი.;{};76.45;72.89;2026-08-04 09:08:22.842779+00;41.7184161;45.1749916
osm-1316161209;დიდგორი;თბილისი;food;რესტორანი;"[""რესტორანი"",""თბილისი""]";false;false;4.8;რესტორანი — თბილისი.;{};73.5;78.47;2026-08-04 09:08:22.842779+00;41.5705872;44.9717344
osm-1316161454;ნაძვები;თბილისი;food;რესტორანი;"[""რესტორანი"",""თბილისი""]";false;false;4.8;რესტორანი — თბილისი.;{};74.29;78.96;2026-08-04 09:08:22.842779+00;41.5576247;45.0262799
osm-1316161507;თამადა;თბილისი;food;რესტორანი;"[""რესტორანი"",""თბილისი""]";false;false;4.8;რესტორანი — თბილისი.;{};73.51;78.83;2026-08-04 09:08:22.842779+00;41.5609177;44.9722941
osm-1316161669;სახინკლე;თბილისი;food;კაფე;"[""კაფე"",""თბილისი""]";false;false;4.8;კაფე — თბილისი.;{};73.64;78.95;2026-08-04 09:08:22.842779+00;41.557866;44.9811786
osm-1316161686;ნადკუროი;თბილისი;food;რესტორანი;"[""რესტორანი"",""თბილისი""]";false;false;4.8;რესტორანი — თბილისი.;{};74.03;79.28;2026-08-04 09:08:22.842779+00;41.5491264;45.0082952
osm-1316161817;კიკაბიძე;თბილისი;food;რესტორანი;"[""რესტორანი"",""თბილისი""]";false;false;4.8;რესტორანი — თბილისი.;{};74.21;79.61;2026-08-04 09:08:22.842779+00;41.5403132;45.0205973
osm-1316161896;პეპელა;თბილისი;food;რესტორანი;"[""რესტორანი"",""თბილისი""]";false;false;4.8;რესტორანი — თბილისი.;{};74.34;79.29;2026-08-04 09:08:22.842779+00;41.5488096;45.0292573
osm-1316162266;მუხამბაზი;თბილისი;food;რესტორანი;"[""რესტორანი"",""თბილისი""]";false;false;4.8;რესტორანი — თბილისი.;{};73.75;79.2;2026-08-04 09:08:22.842779+00;41.5511477;44.9884239
osm-1316162285;ოაზისი;თბილისი;food;რესტორანი;"[""რესტორანი"",""თბილისი""]";false;false;4.8;რესტორანი — თბილისი.;{};73.57;78.82;2026-08-04 09:08:22.842779+00;41.5613163;44.9764076
osm-1316162334;ორჯეთი;თბილისი;food;რესტორანი;"[""რესტორანი"",""თბილისი""]";false;false;4.8;რესტორანი — თბილისი.;{};73.75;78.42;2026-08-04 09:08:22.842779+00;41.5719796;44.9887986
osm-1316162496;ქართული დარბაზი;თბილისი;food;რესტორანი;"[""რესტორანი"",""თბილისი""]";false;false;4.8;რესტორანი — თბილისი.;{};73.97;79.5;2026-08-04 09:08:22.842779+00;41.5431479;45.0036984
osm-1316162791;ნიცა;თბილისი;food;კაფე;"[""კაფე"",""თბილისი""]";false;false;4.8;კაფე — თბილისი.;{};73.67;78.72;2026-08-04 09:08:22.842779+00;41.563828;44.9829796
osm-1316163030;რესტორანი საქართველო;თბილისი;food;რესტორანი;"[""რესტორანი"",""თბილისი""]";false;false;4.8;რესტორანი — თბილისი.;{};74.02;79.67;2026-08-04 09:08:22.842779+00;41.5387396;45.007175
osm-1316163243;შანხაი;თბილისი;food;რესტორანი;"[""რესტორანი"",""თბილისი""]";false;false;4.8;რესტორანი — თბილისი.;{};74.28;79.4;2026-08-04 09:08:22.842779+00;41.5460316;45.0250938
osm-1316163276;პრაღა;თბილისი;food;რესტორანი;"[""რესტორანი"",""თბილისი""]";false;false;4.8;რესტორანი — თბილისი.;{};74.12;79.54;2026-08-04 09:08:22.842779+00;41.5422211;45.0144816
osm-1316163404;ქალაქური;თბილისი;food;რესტორანი;"[""რესტორანი"",""თბილისი""]";false;false;4.8;რესტორანი — თბილისი.;{};73.5;78.7;2026-08-04 09:08:22.842779+00;41.5643274;44.9715476
osm-1316163502;ჩემპიონი;თბილისი;food;რესტორანი;"[""რესტორანი"",""თბილისი""]";false;false;4.8;რესტორანი — თბილისი.;{};73.47;78.5;2026-08-04 09:08:22.842779+00;41.5696825;44.9693329
osm-1316164025;ოღუზ;თბილისი;food;რესტორანი;"[""რესტორანი"",""თბილისი""]";false;false;4.8;რესტორანი — თბილისი.;{};73.61;77.39;2026-08-04 09:08:22.842779+00;41.5991703;44.9792456
osm-1316166330;შინდისი;თბილისი;food;რესტორანი;"[""რესტორანი"",""თბილისი""]";false;false;4.8;რესტორანი — თბილისი.;{};70.46;74.81;2026-08-04 09:08:22.842779+00;41.6675372;44.7617581
osm-1316166347;ზარები;თბილისი;food;რესტორანი;"[""რესტორანი"",""თბილისი""]";false;false;4.8;რესტორანი — თბილისი.;{};69.93;75.23;2026-08-04 09:08:22.842779+00;41.6564196;44.7254486
osm-1316166467;მუხები;თბილისი;food;რესტორანი;"[""რესტორანი"",""თბილისი""]";false;false;4.8;რესტორანი — თბილისი.;{};70.27;75.32;2026-08-04 09:08:22.842779+00;41.6539743;44.7489706
osm-1316166469;რესტორანი საგურამო;თბილისი;food;რესტორანი;"[""რესტორანი"",""თბილისი""]";false;false;4.8;რესტორანი — თბილისი.;{};70.02;67.32;2026-08-04 09:08:22.842779+00;41.8659503;44.7315835
osm-1316166498;მერიდიანი;თბილისი;food;რესტორანი;"[""რესტორანი"",""თბილისი""]";false;false;4.8;რესტორანი — თბილისი.;{};70.41;74.8;2026-08-04 09:08:22.842779+00;41.6678892;44.7585313
osm-1316166530;სოფლის სახლი;თბილისი;food;რესტორანი;"[""რესტორანი"",""თბილისი""]";false;false;4.8;რესტორანი — თბილისი.;{};70.46;74.76;2026-08-04 09:08:22.842779+00;41.6689303;44.7616195
osm-1316168414;მოდი ნახე;თბილისი;food;რესტორანი;"[""რესტორანი"",""თბილისი""]";false;false;4.8;რესტორანი — თბილისი.;{};71.14;76.23;2026-08-04 09:08:22.842779+00;41.6299384;44.8088814
osm-1355266196;საყარაულო;შიდა ქართლი;nature;მწვერვალი;"[""მწვერვალი"",""შიდა ქართლი""]";true;true;4.4;მწვერვალი — შიდა ქართლი.;{};63.87;67.58;2026-08-04 09:08:22.842779+00;41.8592487;44.3067885
osm-1355275189;ძეძვიანი;შიდა ქართლი;nature;მწვერვალი;"[""მწვერვალი"",""შიდა ქართლი""]";true;true;4.4;მწვერვალი — შიდა ქართლი.;{};63.37;67.81;2026-08-04 09:08:22.842779+00;41.8529517;44.2724562
osm-1363609470;ხინპლის სახლი;თბილისი;food;რესტორანი;"[""რესტორანი"",""თბილისი""]";false;false;4.8;რესტორანი — თბილისი.;{};70.72;71.22;2026-08-04 09:08:22.842779+00;41.7625488;44.7799657
osm-1365757056;მოხვეული;თბილისი;nature;მწვერვალი;"[""მწვერვალი"",""თბილისი""]";true;true;4.4;მწვერვალი — თბილისი.;{};72.29;67.08;2026-08-04 09:08:22.842779+00;41.8723783;44.8879589
osm-1380015985;მესროფ მაშტოცი;სამცხე-ჯავახეთი;culture;მემორიალი;"[""მემორიალი"",""სამცხე-ჯავახეთი""]";false;false;4.8;მემორიალი — სამცხე-ჯავახეთი.;{};51.97;84.6;2026-08-04 09:08:22.842779+00;41.4080236;43.486051
osm-1380127045;თამარ მეფე;სამცხე-ჯავახეთი;culture;მემორიალი;"[""მემორიალი"",""სამცხე-ჯავახეთი""]";false;false;4.8;მემორიალი — სამცხე-ჯავახეთი.;{};44.69;75.81;2026-08-04 09:08:22.842779+00;41.6409555;42.9834362
osm-1380127051;შოთა რუსთაველი;სამცხე-ჯავახეთი;culture;მემორიალი;"[""მემორიალი"",""სამცხე-ჯავახეთი""]";false;false;4.8;მემორიალი — სამცხე-ჯავახეთი.;{};44.73;75.87;2026-08-04 09:08:22.842779+00;41.6394687;42.9860991
osm-1392061407;დავით აღმაშენებელი;თბილისი;culture;მემორიალი;"[""მემორიალი"",""თბილისი""]";false;false;4.8;მემორიალი — თბილისი.;{};70.56;71.26;2026-08-04 09:08:22.842779+00;41.7615722;44.7686045
osm-1401085004;2 ტონა;თბილისი;food;რესტორანი;"[""რესტორანი"",""თბილისი""]";false;false;4.8;რესტორანი — თბილისი.;{};70.54;72.56;2026-08-04 09:08:22.842779+00;41.7272668;44.7674389
osm-1411801140;სპარტაკი;მცხეთა-მთიანეთი;nature;მწვერვალი;"[""მწვერვალი"",""მცხეთა-მთიანეთი""]";true;true;4.4;მწვერვალი — მცხეთა-მთიანეთი.;{};66.57;35.78;2026-08-04 09:08:22.842779+00;42.7018869;44.4935989
osm-1415895333;ორთამელა;აჭარა;food;კაფე;"[""კაფე"",""აჭარა""]";false;false;4.8;კაფე — აჭარა.;{};33.12;76.43;2026-08-04 09:08:22.842779+00;41.6245042;42.1852388
osm-1415895336;საძმო;აჭარა;food;რესტორანი;"[""რესტორანი"",""აჭარა""]";false;false;4.8;რესტორანი — აჭარა.;{};38.52;76.86;2026-08-04 09:08:22.842779+00;41.6133002;42.5578046
osm-1415895337;შუახევი;აჭარა;food;რესტორანი;"[""რესტორანი"",""აჭარა""]";false;false;4.8;რესტორანი — აჭარა.;{};33.2;76.39;2026-08-04 09:08:22.842779+00;41.6255648;42.1906994
osm-1415895342;შუქურა;აჭარა;food;კაფე;"[""კაფე"",""აჭარა""]";false;false;4.8;კაფე — აჭარა.;{};33.13;76.44;2026-08-04 09:08:22.842779+00;41.6244189;42.1857096
osm-1446022192;მაჭახელა;თბილისი;food;რესტორანი;"[""რესტორანი"",""თბილისი""]";false;false;4.8;რესტორანი — თბილისი.;{};70.69;72.7;2026-08-04 09:08:22.842779+00;41.7233208;44.7774905
osm-1424865259;მეორე მსოფლიო ომში დაღუპულთა მემორიალი;თბილისი;culture;მემორიალი;"[""მემორიალი"",""თბილისი""]";false;false;4.8;მემორიალი — თბილისი.;{};74.15;70.28;2026-08-04 09:08:22.842779+00;41.7875098;45.0163136
osm-1430115688;ჭალა;აჭარა;food;რესტორანი;"[""რესტორანი"",""აჭარა""]";false;false;4.8;რესტორანი — აჭარა.;{};28.9;77.77;2026-08-04 09:08:22.842779+00;41.5890337;41.8943529
osm-1430117866;დავითი;აჭარა;food;კაფე;"[""კაფე"",""აჭარა""]";false;false;4.8;კაფე — აჭარა.;{};27.16;69.06;2026-08-04 09:08:22.842779+00;41.819872;41.773956
osm-1430118095;ჯაბა;აჭარა;food;კაფე;"[""კაფე"",""აჭარა""]";false;false;4.8;კაფე — აჭარა.;{};27.25;69.03;2026-08-04 09:08:22.842779+00;41.8207268;41.780167
osm-1430118257;საზანდარი;გურია;food;რესტორანი;"[""რესტორანი"",""გურია""]";false;false;4.8;რესტორანი — გურია.;{};27.24;68.03;2026-08-04 09:08:22.842779+00;41.8470767;41.7793094
osm-1430118305;მაჭახელა;აჭარა;food;რესტორანი;"[""რესტორანი"",""აჭარა""]";false;false;4.8;რესტორანი — აჭარა.;{};26.36;80.44;2026-08-04 09:08:22.842779+00;41.5183156;41.7187899
osm-1430118337;ნიკოლა;აჭარა;food;კაფე;"[""კაფე"",""აჭარა""]";false;false;4.8;კაფე — აჭარა.;{};27.2;68.57;2026-08-04 09:08:22.842779+00;41.8329052;41.7770984
osm-1430148660;ფიროსმანი;აჭარა;food;რესტორანი;"[""რესტორანი"",""აჭარა""]";false;false;4.8;რესტორანი — აჭარა.;{};25.36;76.05;2026-08-04 09:08:22.842779+00;41.6348017;41.6500977
osm-1430151058;ედემი 2000;აჭარა;food;რესტორანი;"[""რესტორანი"",""აჭარა""]";false;false;4.8;რესტორანი — აჭარა.;{};24.99;76.54;2026-08-04 09:08:22.842779+00;41.6217252;41.6245506
osm-1430573942;არჰავი;აჭარა;food;რესტორანი;"[""რესტორანი"",""აჭარა""]";false;false;4.8;რესტორანი — აჭარა.;"{""wheelchair"":true}";25.27;75.53;2026-08-04 09:08:22.842779+00;41.6485689;41.6434698
osm-1430573980;ქართული კერძები;აჭარა;food;კაფე;"[""კაფე"",""აჭარა""]";false;false;4.8;კაფე — აჭარა.;{};25.26;75.62;2026-08-04 09:08:22.842779+00;41.6460072;41.6431094
osm-1430573989;მარსელი;აჭარა;food;რესტორანი;"[""რესტორანი"",""აჭარა""]";false;false;4.8;რესტორანი — აჭარა.;{};25.34;75.62;2026-08-04 09:08:22.842779+00;41.6460941;41.6481779
osm-1430574263;ადიორემ;აჭარა;food;კაფე;"[""კაფე"",""აჭარა""]";false;false;4.8;კაფე — აჭარა.;{};25.26;75.5;2026-08-04 09:08:22.842779+00;41.6493219;41.6429546
osm-1430584344;მთის არწივები;აჭარა;food;კაფე;"[""კაფე"",""აჭარა""]";false;false;4.8;კაფე — აჭარა.;{};25.14;75.83;2026-08-04 09:08:22.842779+00;41.6406176;41.6348237
osm-1430586098;ელიტ;აჭარა;food;კაფე;"[""კაფე"",""აჭარა""]";false;false;4.8;კაფე — აჭარა.;{};25.08;75.55;2026-08-04 09:08:22.842779+00;41.6478393;41.6302291
osm-1430596244;ქარავანი;აჭარა;food;რესტორანი;"[""რესტორანი"",""აჭარა""]";false;false;4.8;რესტორანი — აჭარა.;{};25.17;75.48;2026-08-04 09:08:22.842779+00;41.6498811;41.6369035
osm-1430596256;ორიენტალი;აჭარა;food;კაფე;"[""კაფე"",""აჭარა""]";false;false;4.8;კაფე — აჭარა.;{};25.13;75.48;2026-08-04 09:08:22.842779+00;41.6498399;41.634012
osm-1430596263;ლიტერატურული;აჭარა;food;კაფე;"[""კაფე"",""აჭარა""]";false;false;4.8;კაფე — აჭარა.;{};25.19;75.46;2026-08-04 09:08:22.842779+00;41.6503674;41.6381272
osm-1430596291;პრივეტ იზ ბატუმა;აჭარა;food;კაფე;"[""კაფე"",""აჭარა""]";false;false;4.8;კაფე — აჭარა.;{};25.14;75.47;2026-08-04 09:08:22.842779+00;41.6499593;41.6348945
osm-1430596296;რუსუდანი;აჭარა;food;კაფე;"[""კაფე"",""აჭარა""]";false;false;4.8;კაფე — აჭარა.;{};25.13;75.38;2026-08-04 09:08:22.842779+00;41.6524831;41.6337196
osm-1430596308;შემოიხედე გენაცვალე;აჭარა;food;რესტორანი;"[""რესტორანი"",""აჭარა""]";false;false;4.8;რესტორანი — აჭარა.;{};25.24;75.43;2026-08-04 09:08:22.842779+00;41.6510329;41.6415963
osm-1430596329;უკრაინა;აჭარა;food;რესტორანი;"[""რესტორანი"",""აჭარა""]";false;false;4.8;რესტორანი — აჭარა.;"{""wheelchair"":true}";25.24;75.39;2026-08-04 09:08:22.842779+00;41.6522732;41.6417942
osm-1431846214;თამადის ძეგლი;თბილისი;leisure;ხელოვნება;"[""ხელოვნება"",""თბილისი""]";false;false;4.8;ხელოვნება — თბილისი.;{};71.13;73.94;2026-08-04 09:08:22.842779+00;41.6906765;44.8077077
osm-1437463719;დები იშხნელები;იმერეთი;culture;მემორიალი;"[""მემორიალი"",""იმერეთი""]";false;false;4.8;მემორიალი — იმერეთი.;{};40.64;52.02;2026-08-04 09:08:22.842779+00;42.271523;42.7045034
osm-1437463720;ზაქარია ფალიაშვილი;იმერეთი;culture;მემორიალი;"[""მემორიალი"",""იმერეთი""]";false;false;4.8;მემორიალი — იმერეთი.;{};40.62;52.03;2026-08-04 09:08:22.842779+00;42.2711227;42.7030113
osm-1437471757;დიდება შრომას;იმერეთი;culture;ძეგლი;"[""ძეგლი"",""იმერეთი""]";false;false;4.8;ძეგლი — იმერეთი.;{};40.63;52.06;2026-08-04 09:08:22.842779+00;42.2702821;42.7032144
osm-1441768323;ჯარგვალი;სამცხე-ჯავახეთი;food;რესტორანი;"[""რესტორანი"",""სამცხე-ჯავახეთი""]";false;false;4.8;რესტორანი — სამცხე-ჯავახეთი.;{};51.06;58.73;2026-08-04 09:08:22.842779+00;42.0935505;43.4232924
osm-1442529560;მზიური;თბილისი;food;კაფე;"[""კაფე"",""თბილისი""]";false;false;4.8;კაფე — თბილისი.;"{""wheelchair"":true}";70.57;73.19;2026-08-04 09:08:22.842779+00;41.7105537;44.7691501
osm-1447924576;ფასანაური;თბილისი;food;რესტორანი;"[""რესტორანი"",""თბილისი""]";false;false;4.8;რესტორანი — თბილისი.;{};70.9;73.49;2026-08-04 09:08:22.842779+00;41.7024682;44.7920905
osm-1466679023;სიელო;თბილისი;food;რესტორანი;"[""რესტორანი"",""თბილისი""]";false;false;4.8;რესტორანი — თბილისი.;{};71.18;74.01;2026-08-04 09:08:22.842779+00;41.688607;44.8112065
osm-1483624021;რაჯის უბანი;თბილისი;food;რესტორანი;"[""რესტორანი"",""თბილისი""]";false;false;4.8;რესტორანი — თბილისი.;{};70.23;73.49;2026-08-04 09:08:22.842779+00;41.702588;44.7455323
osm-1489842974;გაკვანძული იარაღი;სამეგრელო-ზემო სვანეთი;culture;ძეგლი;"[""ძეგლი"",""სამეგრელო-ზემო სვანეთი""]";false;false;4.8;ძეგლი — სამეგრელო-ზემო სვანეთი.;{};28.41;40.42;2026-08-04 09:08:22.842779+00;42.5787549;41.8600218
osm-1491156512;პოლიკარპე კაკაბაძე;თბილისი;culture;მემორიალი;"[""მემორიალი"",""თბილისი""]";false;false;4.8;მემორიალი — თბილისი.;{};70.93;73.04;2026-08-04 09:08:22.842779+00;41.7145166;44.7938746
osm-1491166287;ენაცვალე;თბილისი;food;რესტორანი;"[""რესტორანი"",""თბილისი""]";false;false;4.8;რესტორანი — თბილისი.;{};70.93;73.09;2026-08-04 09:08:22.842779+00;41.7130967;44.7944599
osm-1494021899;ნიკო მუნხელიშვილი;თბილისი;culture;მემორიალი;"[""მემორიალი"",""თბილისი""]";false;false;4.8;მემორიალი — თბილისი.;{};70.55;73.21;2026-08-04 09:08:22.842779+00;41.7099711;44.7678232
osm-1494251795;ორპირი;იმერეთი;nature;მღვიმე;"[""მღვიმე"",""იმერეთი""]";false;false;4.8;მღვიმე — იმერეთი.;{};39.16;48.02;2026-08-04 09:08:22.842779+00;42.3775997;42.6023505
osm-1498066348;სულთანის სუფრა;თბილისი;food;რესტორანი;"[""რესტორანი"",""თბილისი""]";false;false;4.8;რესტორანი — თბილისი.;{};70.92;73.05;2026-08-04 09:08:22.842779+00;41.7141561;44.7934033
osm-1498098653;ლორდი;თბილისი;food;რესტორანი;"[""რესტორანი"",""თბილისი""]";false;false;4.8;რესტორანი — თბილისი.;{};70.86;73.01;2026-08-04 09:08:22.842779+00;41.7152714;44.7894748
osm-1499609996;ინდოეთის გემო;თბილისი;food;რესტორანი;"[""რესტორანი"",""თბილისი""]";false;false;4.8;რესტორანი — თბილისი.;{};70.51;72.42;2026-08-04 09:08:22.842779+00;41.7309448;44.765008
osm-1512781555;სულხან-საბა ორბელიანის ქანდაკება;მცხეთა-მთიანეთი;culture;მემორიალი;"[""მემორიალი"",""მცხეთა-მთიანეთი""]";false;false;4.8;მემორიალი — მცხეთა-მთიანეთი.;{};68.21;46.56;2026-08-04 09:08:22.842779+00;42.4161433;44.6062444
osm-1560445093;წმინდა ნინო;თბილისი;culture;ძეგლი;"[""ძეგლი"",""თბილისი""]";false;false;4.8;ძეგლი — თბილისი.;{};70.54;71.23;2026-08-04 09:08:22.842779+00;41.7624864;44.7673206
osm-1560478872;ოდა;თბილისი;food;რესტორანი;"[""რესტორანი"",""თბილისი""]";false;false;4.8;რესტორანი — თბილისი.;{};70.77;71.03;2026-08-04 09:08:22.842779+00;41.7676495;44.7829181
osm-1562273936;სამიკიტნო;თბილისი;food;რესტორანი;"[""რესტორანი"",""თბილისი""]";false;false;4.8;რესტორანი — თბილისი.;{};70.96;73.18;2026-08-04 09:08:22.842779+00;41.7106294;44.7963989
osm-1567308847;ქალაქური;თბილისი;food;რესტორანი;"[""რესტორანი"",""თბილისი""]";false;false;4.8;რესტორანი — თბილისი.;{};71.12;73.78;2026-08-04 09:08:22.842779+00;41.6949328;44.8073785
osm-1568744316;პურის სახლი;თბილისი;food;რესტორანი;"[""რესტორანი"",""თბილისი""]";false;false;4.8;რესტორანი — თბილისი.;{};71.2;74.02;2026-08-04 09:08:22.842779+00;41.6885893;44.8125145
osm-1573658031;შავი;თბილისი;food;კაფე;"[""კაფე"",""თბილისი""]";false;false;4.8;კაფე — თბილისი.;{};70.78;73.43;2026-08-04 09:08:22.842779+00;41.7041039;44.784023
osm-1610896576;ლებარდე;სამეგრელო-ზემო სვანეთი;nature;მწვერვალი;"[""მწვერვალი"",""სამეგრელო-ზემო სვანეთი""]";true;true;4.4;მწვერვალი — სამეგრელო-ზემო სვანეთი.;{};37.49;33.31;2026-08-04 09:08:22.842779+00;42.7673347;42.4870022
osm-1610896685;უსკური;სამეგრელო-ზემო სვანეთი;nature;მწვერვალი;"[""მწვერვალი"",""სამეგრელო-ზემო სვანეთი""]";true;true;4.4;მწვერვალი — სამეგრელო-ზემო სვანეთი.;{};36.18;28.79;2026-08-04 09:08:22.842779+00;42.8869487;42.3965254
osm-1610896723;ლეშკური;სამეგრელო-ზემო სვანეთი;nature;მწვერვალი;"[""მწვერვალი"",""სამეგრელო-ზემო სვანეთი""]";true;true;4.4;მწვერვალი — სამეგრელო-ზემო სვანეთი.;{};37.46;29.06;2026-08-04 09:08:22.842779+00;42.8799771;42.4849968
osm-1610896774;როჟანა;სამეგრელო-ზემო სვანეთი;nature;მწვერვალი;"[""მწვერვალი"",""სამეგრელო-ზემო სვანეთი""]";true;true;4.4;მწვერვალი — სამეგრელო-ზემო სვანეთი.;{};37.43;27.03;2026-08-04 09:08:22.842779+00;42.9336987;42.4829091
osm-1610896809;ელექტრა ბუვოლიანი მთა;სამეგრელო-ზემო სვანეთი;nature;მწვერვალი;"[""მწვერვალი"",""სამეგრელო-ზემო სვანეთი""]";true;true;4.4;მწვერვალი — სამეგრელო-ზემო სვანეთი.;{};37.91;27.36;2026-08-03 10:38:42.238563+00;42.9248318;42.515741
osm-1610896832;ლაილა;სამეგრელო-ზემო სვანეთი;nature;მწვერვალი;"[""მწვერვალი"",""სამეგრელო-ზემო სვანეთი""]";true;true;4.4;მწვერვალი — სამეგრელო-ზემო სვანეთი.;{};38.5;27.52;2026-08-04 09:08:22.842779+00;42.9207126;42.5564696
osm-1610896920;ცარცი;რაჭა-ლეჩხუმი;nature;მწვერვალი;"[""მწვერვალი"",""რაჭა-ლეჩხუმი""]";true;true;4.4;მწვერვალი — რაჭა-ლეჩხუმი.;{};40.51;28.64;2026-08-04 09:08:22.842779+00;42.8911499;42.6948484
osm-1610897059;მუშური;რაჭა-ლეჩხუმი;nature;მწვერვალი;"[""მწვერვალი"",""რაჭა-ლეჩხუმი""]";true;true;4.4;მწვერვალი — რაჭა-ლეჩხუმი.;{};43.7;29.1;2026-08-04 09:08:22.842779+00;42.8788309;42.9153619
osm-1610897208;ჩუბედიში;რაჭა-ლეჩხუმი;nature;მწვერვალი;"[""მწვერვალი"",""რაჭა-ლეჩხუმი""]";true;true;4.4;მწვერვალი — რაჭა-ლეჩხუმი.;{};46.31;26.88;2026-08-04 09:08:22.842779+00;42.9377507;43.0951033
osm-1611783102;თავშავა;იმერეთი;nature;მწვერვალი;"[""მწვერვალი"",""იმერეთი""]";true;true;4.4;მწვერვალი — იმერეთი.;{};42.97;43.73;2026-08-04 09:08:22.842779+00;42.4911967;42.8650697
osm-1611783505;კვაციშხე;რაჭა-ლეჩხუმი;nature;მწვერვალი;"[""მწვერვალი"",""რაჭა-ლეჩხუმი""]";true;true;4.4;მწვერვალი — რაჭა-ლეჩხუმი.;{};49.57;34.31;2026-08-04 09:08:22.842779+00;42.7407952;43.3202027
osm-1611783524;ციკური;სამეგრელო-ზემო სვანეთი;nature;მწვერვალი;"[""მწვერვალი"",""სამეგრელო-ზემო სვანეთი""]";true;true;4.4;მწვერვალი — სამეგრელო-ზემო სვანეთი.;{};39.29;35.56;2026-08-04 09:08:22.842779+00;42.7075478;42.6108396
osm-1611783567;ჯაზანისთავი;რაჭა-ლეჩხუმი;nature;მწვერვალი;"[""მწვერვალი"",""რაჭა-ლეჩხუმი""]";true;true;4.4;მწვერვალი — რაჭა-ლეჩხუმი.;{};42.61;35.24;2026-08-04 09:08:22.842779+00;42.71603;42.840426
osm-1611783578;გუნურისთავი;რაჭა-ლეჩხუმი;nature;მწვერვალი;"[""მწვერვალი"",""რაჭა-ლეჩხუმი""]";true;true;4.4;მწვერვალი — რაჭა-ლეჩხუმი.;{};43.2;34.54;2026-08-03 10:38:42.238563+00;42.734769;42.8809
osm-1611783584;ტეტენარი;რაჭა-ლეჩხუმი;nature;მწვერვალი;"[""მწვერვალი"",""რაჭა-ლეჩხუმი""]";true;true;4.4;მწვერვალი — რაჭა-ლეჩხუმი.;{};43.44;33.44;2026-08-04 09:08:22.842779+00;42.763801;42.897069
osm-1614170190;საკე სუში ბარი;თბილისი;food;რესტორანი;"[""რესტორანი"",""თბილისი""]";false;false;4.8;რესტორანი — თბილისი.;{};70.97;73.64;2026-08-04 09:08:22.842779+00;41.6986033;44.7966206
osm-1616067219;გალერეა;თბილისი;food;კაფე;"[""კაფე"",""თბილისი""]";false;false;4.8;კაფე — თბილისი.;{};70.9;73.49;2026-08-04 09:08:22.842779+00;41.7025227;44.7918662
osm-1617511726;გერმანული წისქვილი;ქვემო ქართლი;food;რესტორანი;"[""რესტორანი"",""ქვემო ქართლი""]";false;false;4.8;რესტორანი — ქვემო ქართლი.;{};67.2;83.21;2026-08-04 09:08:22.842779+00;41.4448794;44.5367226
osm-1623751663;კოშკი;აფხაზეთი;culture;ნანგრევები;"[""ნანგრევები"",""აფხაზეთი""]";false;false;4.8;ნანგრევები — აფხაზეთი.;{};20.63;23.31;2026-08-04 09:08:22.842779+00;43.0323755;41.3236277
osm-1625246142;მიგარია;სამეგრელო-ზემო სვანეთი;nature;მწვერვალი;"[""მწვერვალი"",""სამეგრელო-ზემო სვანეთი""]";true;true;4.4;მწვერვალი — სამეგრელო-ზემო სვანეთი.;{};35.39;38.28;2026-08-04 09:08:22.842779+00;42.6357032;42.3416531
osm-1625246165;ლეკუდელი;სამეგრელო-ზემო სვანეთი;nature;მწვერვალი;"[""მწვერვალი"",""სამეგრელო-ზემო სვანეთი""]";true;true;4.4;მწვერვალი — სამეგრელო-ზემო სვანეთი.;{};35.98;36.92;2026-08-04 09:08:22.842779+00;42.6717416;42.3829608
osm-1625246168;ნატოლები;სამეგრელო-ზემო სვანეთი;nature;მწვერვალი;"[""მწვერვალი"",""სამეგრელო-ზემო სვანეთი""]";true;true;4.4;მწვერვალი — სამეგრელო-ზემო სვანეთი.;{};35.81;36.39;2026-08-04 09:08:22.842779+00;42.6856601;42.3705582
osm-1625246202;ტეხურიშდუდი;სამეგრელო-ზემო სვანეთი;nature;მწვერვალი;"[""მწვერვალი"",""სამეგრელო-ზემო სვანეთი""]";true;true;4.4;მწვერვალი — სამეგრელო-ზემო სვანეთი.;{};36.53;32.44;2026-08-04 09:08:22.842779+00;42.7902499;42.4206224
osm-1625246455;ურალაფი;სამეგრელო-ზემო სვანეთი;nature;მწვერვალი;"[""მწვერვალი"",""სამეგრელო-ზემო სვანეთი""]";true;true;4.4;მწვერვალი — სამეგრელო-ზემო სვანეთი.;{};31.46;31.02;2026-08-04 09:08:22.842779+00;42.8279802;42.0708215
osm-1625246537;ლაკუმურაშ-დუდი;სამეგრელო-ზემო სვანეთი;nature;მწვერვალი;"[""მწვერვალი"",""სამეგრელო-ზემო სვანეთი""]";true;true;4.4;მწვერვალი — სამეგრელო-ზემო სვანეთი.;{};33.48;31.48;2026-08-04 09:08:22.842779+00;42.8157491;42.2102656
osm-1625246594;ნატახტაშდუდი;სამეგრელო-ზემო სვანეთი;nature;მწვერვალი;"[""მწვერვალი"",""სამეგრელო-ზემო სვანეთი""]";true;true;4.4;მწვერვალი — სამეგრელო-ზემო სვანეთი.;{};34.63;30.6;2026-08-04 09:08:22.842779+00;42.8391967;42.2892269
osm-1625246628;სამოჭერხოლა;სამეგრელო-ზემო სვანეთი;nature;მწვერვალი;"[""მწვერვალი"",""სამეგრელო-ზემო სვანეთი""]";true;true;4.4;მწვერვალი — სამეგრელო-ზემო სვანეთი.;{};35.6;31.11;2026-08-04 09:08:22.842779+00;42.8256196;42.3566444
osm-1632202437;მისელაური;მცხეთა-მთიანეთი;nature;მწვერვალი;"[""მწვერვალი"",""მცხეთა-მთიანეთი""]";true;true;4.4;მწვერვალი — მცხეთა-მთიანეთი.;{};74.25;48.41;2026-08-04 09:08:22.842779+00;42.367011;45.023129
osm-1645484540;პაიპს;თბილისი;food;კაფე;"[""კაფე"",""თბილისი""]";false;false;4.8;კაფე — თბილისი.;{};70.31;72.59;2026-08-04 09:08:22.842779+00;41.7263696;44.7513933
osm-1668768833;შტელცეს სახლი;თბილისი;food;რესტორანი;"[""რესტორანი"",""თბილისი""]";false;false;4.8;რესტორანი — თბილისი.;{};71.11;73.89;2026-08-04 09:08:22.842779+00;41.6920204;44.8069007
osm-1690066807;სალობიე ვაკეში;თბილისი;food;კაფე;"[""კაფე"",""თბილისი""]";false;false;4.8;კაფე — თბილისი.;{};70.55;73.23;2026-08-04 09:08:22.842779+00;41.7094871;44.7678944
osm-1691598330;დმანისის მუზეუმ-ნაკრძალი;ქვემო ქართლი;culture;არქეოლოგიური ძეგლი;"[""არქეოლოგიური ძეგლი"",""ქვემო ქართლი""]";false;false;4.8;არქეოლოგიური ძეგლი — ქვემო ქართლი.;{};64.41;87.28;2026-08-03 10:38:42.238563+00;41.3371421;44.3446122
osm-1707290826;თადეოზ გურამიშვილის მარანი;თბილისი;culture;ძეგლი;"[""ძეგლი"",""თბილისი""]";false;false;4.8;ძეგლი — თბილისი.;{};70.45;66.12;2026-08-04 09:08:22.842779+00;41.8977206;44.7613695
osm-1709161697;სამიკიტნო;თბილისი;food;რესტორანი;"[""რესტორანი"",""თბილისი""]";false;false;4.8;რესტორანი — თბილისი.;"{""wheelchair"":true}";70.69;72.72;2026-08-04 09:08:22.842779+00;41.7228648;44.777626
osm-1709527109;მინერალური წყალი;მცხეთა-მთიანეთი;nature;წყარო;"[""წყარო"",""მცხეთა-მთიანეთი""]";false;false;4.8;წყარო — მცხეთა-მთიანეთი.;{};68.18;46.57;2026-08-04 09:08:22.842779+00;42.41595;44.6043093
osm-1711491456;მ.ზესხო;რაჭა-ლეჩხუმი;nature;მწვერვალი;"[""მწვერვალი"",""რაჭა-ლეჩხუმი""]";true;true;4.4;მწვერვალი — რაჭა-ლეჩხუმი.;{};47.78;29.64;2026-08-04 09:08:22.842779+00;42.8646553;43.1965728
osm-1720402916;ანტრე;თბილისი;food;კაფე;"[""კაფე"",""თბილისი""]";false;false;4.8;კაფე — თბილისი.;{};70.16;73.23;2026-08-04 09:08:22.842779+00;41.7094021;44.7413352
osm-1733868055;ატმოსფერო;აჭარა;food;რესტორანი;"[""რესტორანი"",""აჭარა""]";false;false;4.8;რესტორანი — აჭარა.;{};25.21;75.25;2026-08-04 09:08:22.842779+00;41.6559609;41.6393594
osm-1735370262;დანო გამხტაშვილი;შიდა ქართლი;culture;მემორიალი;"[""მემორიალი"",""შიდა ქართლი""]";false;false;4.8;მემორიალი — შიდა ქართლი.;{};65.34;62.02;2026-08-04 09:08:22.842779+00;42.0065824;44.4087618
osm-1735385333;ვახტანგ ამილახვარის საფლავი;შიდა ქართლი;culture;მემორიალი;"[""მემორიალი"",""შიდა ქართლი""]";false;false;4.8;მემორიალი — შიდა ქართლი.;{};65.12;61.38;2026-08-04 09:08:22.842779+00;42.0233597;44.3934779
osm-1742821177;ჩოკოლატე;აჭარა;food;კაფე;"[""კაფე"",""აჭარა""]";false;false;4.8;კაფე — აჭარა.;{};25.2;75.4;2026-08-04 09:08:22.842779+00;41.6518146;41.6389311
osm-1744041858;მემედ აბაშიძის სახლ-მუზეუმი;აჭარა;leisure;მუზეუმი;"[""მუზეუმი"",""აჭარა""]";false;false;4.8;მუზეუმი — აჭარა.;{};25.21;75.4;2026-08-03 10:38:42.238563+00;41.6520026;41.6394037
osm-1762064729;შავი ზღვის თაღი;აჭარა;leisure;ხელოვნება;"[""ხელოვნება"",""აჭარა""]";false;false;4.8;ხელოვნება — აჭარა.;{};24.91;75.96;2026-08-04 09:08:22.842779+00;41.6371882;41.6188267
osm-1765998581;თამარ მეფე;რაჭა-ლეჩხუმი;culture;ძეგლი;"[""ძეგლი"",""რაჭა-ლეჩხუმი""]";false;false;4.8;ძეგლი — რაჭა-ლეჩხუმი.;{};40.95;22.87;2026-08-04 09:08:22.842779+00;43.043899;42.7252384
osm-1765999570;ტერასა თაუერი;რაჭა-ლეჩხუმი;food;რესტორანი;"[""რესტორანი"",""რაჭა-ლეჩხუმი""]";false;false;4.8;რესტორანი — რაჭა-ლეჩხუმი.;{};40.96;22.86;2026-08-04 09:08:22.842779+00;43.0442072;42.7262095
osm-1795586629;ძალისის ნაქალაქარი;თბილისი;culture;არქეოლოგიური ძეგლი;"[""არქეოლოგიური ძეგლი"",""თბილისი""]";false;false;4.8;არქეოლოგიური ძეგლი — თბილისი.;{};68.37;63.77;2026-08-03 10:38:42.238563+00;41.9600747;44.6172249
osm-1804720930;წითელი ციხე;სამცხე-ჯავახეთი;culture;ციხე-დარბაზი;"[""ციხე-დარბაზი"",""სამცხე-ჯავახეთი""]";false;false;4.8;ციხე-დარბაზი — სამცხე-ჯავახეთი.;{};50.18;76.41;2026-08-03 10:38:42.238563+00;41.6250524;43.362256
osm-1804728450;წედისის ციხე;შიდა ქართლი;culture;ციხე-დარბაზი;"[""ციხე-დარბაზი"",""შიდა ქართლი""]";false;false;4.8;ციხე-დარბაზი — შიდა ქართლი.;{};60.81;63.9;2026-08-03 10:38:42.238563+00;41.9565439;44.096107
osm-1804729058;ვერეს ციხე;შიდა ქართლი;culture;ციხე-დარბაზი;"[""ციხე-დარბაზი"",""შიდა ქართლი""]";false;false;4.8;ციხე-დარბაზი — შიდა ქართლი.;{};61.2;65.39;2026-08-03 10:38:42.238563+00;41.9172107;44.1225258
osm-1817818428;სიდედრის ენა;ქვემო ქართლი;leisure;ხედი;"[""ხედი"",""ქვემო ქართლი""]";false;false;4.8;ხედი — ქვემო ქართლი.;{};67.63;75.26;2026-08-03 10:38:42.238563+00;41.6555353;44.5663306
osm-1818014626;კოდის მამლაყინწა;თბილისი;culture;მემორიალი;"[""მემორიალი"",""თბილისი""]";false;false;4.8;მემორიალი — თბილისი.;{};70.37;77.97;2026-08-04 09:08:22.842779+00;41.5838013;44.7554898
osm-1831828348;ვახტანგ გორგასალი;მცხეთა-მთიანეთი;culture;მემორიალი;"[""მემორიალი"",""მცხეთა-მთიანეთი""]";false;false;4.8;მემორიალი — მცხეთა-მთიანეთი.;{};68.66;39.45;2026-08-04 09:08:22.842779+00;42.6046849;44.637321
osm-1858743002;ჟიული შარტავა;თბილისი;culture;მემორიალი;"[""მემორიალი"",""თბილისი""]";false;false;4.8;მემორიალი — თბილისი.;{};73.51;78.65;2026-08-04 09:08:22.842779+00;41.5657838;44.9721085
osm-1859687017;შოთა რუსთაველი;თბილისი;culture;ძეგლი;"[""ძეგლი"",""თბილისი""]";false;false;4.8;ძეგლი — თბილისი.;{};73.6;78.77;2026-08-04 09:08:22.842779+00;41.5626127;44.9787009
osm-1863664534;ბერდნის წყარო;გურია;nature;წყარო;"[""წყარო"",""გურია""]";false;false;4.8;წყარო — გურია.;{};34.34;59.86;2026-08-04 09:08:22.842779+00;42.0635839;42.269313
osm-1863929156;მარულა;გურია;food;რესტორანი;"[""რესტორანი"",""გურია""]";false;false;4.8;რესტორანი — გურია.;{};33.86;61.87;2026-08-04 09:08:22.842779+00;42.0103545;42.2360692
osm-1894583683;დელისი;თბილისი;food;კაფე;"[""კაფე"",""თბილისი""]";false;false;4.8;კაფე — თბილისი.;{};70.21;72.64;2026-08-04 09:08:22.842779+00;41.7251399;44.7441519
osm-1973756364;ჯასთკაფე;თბილისი;food;კაფე;"[""კაფე"",""თბილისი""]";false;false;4.8;კაფე — თბილისი.;{};71.12;73.63;2026-08-04 09:08:22.842779+00;41.6987758;44.8070766
osm-1984004465;დედა ენა;იმერეთი;culture;მემორიალი;"[""მემორიალი"",""იმერეთი""]";false;false;4.8;მემორიალი — იმერეთი.;{};40.28;52.27;2026-08-04 09:08:22.842779+00;42.2649488;42.6795286
osm-1991929900;ევტიხი ჟვანია;თბილისი;culture;მემორიალი;"[""მემორიალი"",""თბილისი""]";false;false;4.8;მემორიალი — თბილისი.;{};70.98;73.63;2026-08-04 09:08:22.842779+00;41.6988482;44.7976634
osm-1992204276;ქაფ;თბილისი;food;კაფე;"[""კაფე"",""თბილისი""]";false;false;4.8;კაფე — თბილისი.;{};70.76;73.29;2026-08-04 09:08:22.842779+00;41.7078647;44.7824173
osm-1992267282;გრილ მორი;თბილისი;food;რესტორანი;"[""რესტორანი"",""თბილისი""]";false;false;4.8;რესტორანი — თბილისი.;{};70.69;73.24;2026-08-04 09:08:22.842779+00;41.7091379;44.7776173
osm-1999472360;მარგიანის სახლ-მუზეუმი(კოშკი);რაჭა-ლეჩხუმი;leisure;მუზეუმი;"[""მუზეუმი"",""რაჭა-ლეჩხუმი""]";false;false;4.8;მუზეუმი — რაჭა-ლეჩხუმი.;{};41.04;22.68;2026-08-03 10:38:42.238563+00;43.0490398;42.731793
osm-1999978860;წყარო;იმერეთი;nature;წყარო;"[""წყარო"",""იმერეთი""]";false;false;4.8;წყარო — იმერეთი.;{};40.06;51.42;2026-08-04 09:08:22.842779+00;42.2874486;42.6638079
osm-1999996544;ნოქალაქევის არქეოლოგიური მუზეუმი;სამეგრელო-ზემო სვანეთი;leisure;მუზეუმი;"[""მუზეუმი"",""სამეგრელო-ზემო სვანეთი""]";false;false;4.8;მუზეუმი — სამეგრელო-ზემო სვანეთი.;{};33.29;48.76;2026-08-03 10:38:42.238563+00;42.3579554;42.1969244
osm-2069588612;ალექსანდრე პუშკინი;თბილისი;culture;მემორიალი;"[""მემორიალი"",""თბილისი""]";false;false;4.8;მემორიალი — თბილისი.;{};71.04;73.79;2026-08-04 09:08:22.842779+00;41.6945812;44.8019717
osm-2088337685;კოშკასნელი;მცხეთა-მთიანეთი;nature;მწვერვალი;"[""მწვერვალი"",""მცხეთა-მთიანეთი""]";true;true;4.4;მწვერვალი — მცხეთა-მთიანეთი.;{};71.45;60.3;2026-08-04 09:08:22.842779+00;42.0521275;44.8299461
osm-2088524162;ლაგის მთა;მცხეთა-მთიანეთი;nature;მწვერვალი;"[""მწვერვალი"",""მცხეთა-მთიანეთი""]";true;true;4.4;მწვერვალი — მცხეთა-მთიანეთი.;{};70.62;51.44;2026-08-04 09:08:22.842779+00;42.2867117;44.7725574
osm-2101210150;არსენა;თბილისი;culture;ძეგლი;"[""ძეგლი"",""თბილისი""]";false;false;4.8;ძეგლი — თბილისი.;{};69.72;68.34;2026-08-04 09:08:22.842779+00;41.8390256;44.7107378
osm-2103398742;პატარა ბიდარა;მცხეთა-მთიანეთი;nature;მწვერვალი;"[""მწვერვალი"",""მცხეთა-მთიანეთი""]";true;true;4.4;მწვერვალი — მცხეთა-მთიანეთი.;{};66.4;43.29;2026-08-04 09:08:22.842779+00;42.5028235;44.4813362
osm-2105316024;ნახიდურის (არუხლო) ციკლოპური ციხე;ქვემო ქართლი;culture;არქეოლოგიური ძეგლი;"[""არქეოლოგიური ძეგლი"",""ქვემო ქართლი""]";false;false;4.8;არქეოლოგიური ძეგლი — ქვემო ქართლი.;{};69.48;81.94;2026-08-03 10:38:42.238563+00;41.4784667;44.6937812
osm-2122356276;კალა;თბილისი;food;რესტორანი;"[""რესტორანი"",""თბილისი""]";false;false;4.8;რესტორანი — თბილისი.;{};71.11;73.88;2026-08-04 09:08:22.915793+00;41.6921644;44.8068577
osm-2130384147;დავით გარეჯას ქოლაგირის კლდეში ნაკვეთი სამონასტრო კომპლექსი;კახეთი;food;კვება;"[""კვება"",""კახეთი""]";false;false;4.8;კვება — კახეთი.;{};83.48;83.18;2026-08-03 10:38:42.238563+00;41.4458256;45.660046
osm-2136288352;სამი კიბე;აფხაზეთი;food;კაფე;"[""კაფე"",""აფხაზეთი""]";false;false;4.8;კაფე — აფხაზეთი.;{};10.4;20.81;2026-08-04 09:08:22.915793+00;43.0984429;40.6175336
osm-2195688861;საბოლოკის სერი;იმერეთი;nature;მწვერვალი;"[""მწვერვალი"",""იმერეთი""]";true;true;4.4;მწვერვალი — იმერეთი.;{};37.43;62.58;2026-08-04 09:08:22.915793+00;41.9915238;42.4824086
osm-2195688862;საყინულე;გურია;nature;მწვერვალი;"[""მწვერვალი"",""გურია""]";true;true;4.4;მწვერვალი — გურია.;{};36.31;62.55;2026-08-04 09:08:22.915793+00;41.9925477;42.4050752
osm-2195689666;ტყემლოვანა;იმერეთი;nature;მწვერვალი;"[""მწვერვალი"",""იმერეთი""]";true;true;4.4;მწვერვალი — იმერეთი.;{};37.91;61.76;2026-08-04 09:08:22.915793+00;42.0133405;42.5158826
osm-2195696797;ლამაზგორა;იმერეთი;nature;მწვერვალი;"[""მწვერვალი"",""იმერეთი""]";true;true;4.4;მწვერვალი — იმერეთი.;{};40.78;63.82;2026-08-04 09:08:22.915793+00;41.9588598;42.7137996
osm-2195699338;დიდი მაღალა;იმერეთი;nature;მწვერვალი;"[""მწვერვალი"",""იმერეთი""]";true;true;4.4;მწვერვალი — იმერეთი.;{};42.07;68.18;2026-08-03 10:38:42.238563+00;41.8431439;42.802909
osm-2195703167;წამათიხელი;იმერეთი;nature;მწვერვალი;"[""მწვერვალი"",""იმერეთი""]";true;true;4.4;მწვერვალი — იმერეთი.;{};42.49;66.06;2026-08-04 09:08:22.915793+00;41.8993409;42.8315767
osm-2195707523;მამლის მთა;იმერეთი;nature;მწვერვალი;"[""მწვერვალი"",""იმერეთი""]";true;true;4.4;მწვერვალი — იმერეთი.;{};41.26;69.49;2026-08-04 09:08:22.915793+00;41.8085582;42.7471191
osm-2195712118;დიდი ლობოროტი;იმერეთი;nature;მწვერვალი;"[""მწვერვალი"",""იმერეთი""]";true;true;4.4;მწვერვალი — იმერეთი.;{};40.04;66.39;2026-08-03 10:38:42.238563+00;41.8907851;42.6624728
osm-2195713604;საპრეტი;იმერეთი;nature;მწვერვალი;"[""მწვერვალი"",""იმერეთი""]";true;true;4.4;მწვერვალი — იმერეთი.;{};43.2;63.7;2026-08-04 09:08:22.915793+00;41.9619169;42.8809119
osm-2195717516;მარგალითი;იმერეთი;nature;მწვერვალი;"[""მწვერვალი"",""იმერეთი""]";true;true;4.4;მწვერვალი — იმერეთი.;{};44;64.72;2026-08-04 09:08:22.915793+00;41.9350451;42.9358522
osm-2195721729;მეღრუკისვარი;იმერეთი;nature;მწვერვალი;"[""მწვერვალი"",""იმერეთი""]";true;true;4.4;მწვერვალი — იმერეთი.;{};42.82;61.21;2026-08-04 09:08:22.915793+00;42.0280062;42.8547422
osm-2244798868;მიხეილ ლერმონტოვის ძეგლი;თბილისი;culture;მემორიალი;"[""მემორიალი"",""თბილისი""]";false;false;4.8;მემორიალი — თბილისი.;{};70.08;68.7;2026-08-04 09:08:22.915793+00;41.829557;44.7353675
osm-2247886811;ბესარიონ ქებურია;თბილისი;culture;მემორიალი;"[""მემორიალი"",""თბილისი""]";false;false;4.8;მემორიალი — თბილისი.;{};73.33;74.57;2026-08-04 09:08:22.915793+00;41.6737689;44.9597725
osm-2260245219;ილია ჭავჭავაძის თავი;თბილისი;culture;მემორიალი;"[""მემორიალი"",""თბილისი""]";false;false;4.8;მემორიალი — თბილისი.;{};70.43;66.36;2026-08-04 09:08:22.915793+00;41.8915871;44.7599995
osm-2272360683;900 წლის ხე;კახეთი;nature;ბუნება;"[""ბუნება"",""კახეთი""]";false;false;4.8;ბუნება — კახეთი.;{};80.84;65.41;2026-08-03 10:38:42.238563+00;41.91673;45.47808
osm-2272368064;მაჭახელა სამიკიტნო;თბილისი;food;რესტორანი;"[""რესტორანი"",""თბილისი""]";false;false;4.8;რესტორანი — თბილისი.;{};71.14;73.97;2026-08-04 09:08:22.915793+00;41.6897499;44.8088798
osm-2272380824;ნუმისის მარანი მუზეუმი;კახეთი;leisure;მუზეუმი;"[""მუზეუმი"",""კახეთი""]";false;false;4.8;მუზეუმი — კახეთი.;{};84.79;69.52;2026-08-03 10:38:42.238563+00;41.8076241;45.7505897
osm-2274047195;წმინდა პეტრესა და პავლეს ლუთერანული ეკლესია;თბილისი;culture;მემორიალი;"[""მემორიალი"",""თბილისი""]";false;false;4.8;მემორიალი — თბილისი.;{};70.98;73.22;2026-08-04 09:08:22.915793+00;41.7096465;44.797722
osm-2280109224;მეტროპოლი;სამცხე-ჯავახეთი;food;რესტორანი;"[""რესტორანი"",""სამცხე-ჯავახეთი""]";false;false;4.8;რესტორანი — სამცხე-ჯავახეთი.;{};50.51;68.25;2026-08-04 09:08:22.915793+00;41.8413473;43.3853023
osm-2289148018;ბახტრიონი;კახეთი;culture;ციხე-დარბაზი;"[""ციხე-დარბაზი"",""კახეთი""]";false;false;4.8;ციხე-დარბაზი — კახეთი.;{};77.42;60.31;2026-08-03 10:38:42.238563+00;42.0518253;45.2419991
osm-2294534802;ნაბეღლავი;გურია;food;კვება;"[""კვება"",""გურია""]";false;false;4.8;კვება — გურია.;{};35.79;64.87;2026-08-03 10:38:42.238563+00;41.9310419;42.369633
osm-2294540909;მამული ენა სარწხმემოება;გურია;culture;ძეგლი;"[""ძეგლი"",""გურია""]";false;false;4.8;ძეგლი — გურია.;{};33.91;61.63;2026-08-04 09:08:22.915793+00;42.0167413;42.2397433
osm-2301363547;თამარის ციხე;მცხეთა-მთიანეთი;culture;ნანგრევები;"[""ნანგრევები"",""მცხეთა-მთიანეთი""]";false;false;4.8;ნანგრევები — მცხეთა-მთიანეთი.;{};68.49;34.41;2026-08-03 10:38:42.238563+00;42.7381334;44.625742
osm-2324064099;ახალსოფლის დავითგარეჯას ეკლესიის ნანგრევები;კახეთი;food;კვება;"[""კვება"",""კახეთი""]";false;false;4.8;კვება — კახეთი.;{};88.15;65.16;2026-08-03 10:38:42.238563+00;41.9232559;45.9823376
osm-2324064104;საბუე ფიქლების იოანე ნათლისმცემლის კომპლექსი;კახეთი;food;კვება;"[""კვება"",""კახეთი""]";false;false;4.8;კვება — კახეთი.;{};84.4;59.35;2026-08-03 10:38:42.238563+00;42.0771385;45.7236979
osm-2324064118;შილდის (ვახვახიშვილების) ციხე;კახეთი;culture;ნანგრევები;"[""ნანგრევები"",""კახეთი""]";false;false;4.8;ნანგრევები — კახეთი.;{};84.32;62.06;2026-08-03 10:38:42.238563+00;42.0055248;45.7178009
osm-2324064123;ვეძისხევის კოშკი;კახეთი;culture;ნანგრევები;"[""ნანგრევები"",""კახეთი""]";false;false;4.8;ნანგრევები — კახეთი.;{};84.65;61.51;2026-08-03 10:38:42.238563+00;42.0200006;45.7409627
osm-2324064124;თავწმინდა გიორგის ეკლესია და კოშკი;კახეთი;food;კვება;"[""კვება"",""კახეთი""]";false;false;4.8;კვება — კახეთი.;{};88.2;64.22;2026-08-03 10:38:42.238563+00;41.9482982;45.9855777
osm-2329089875;ვიჩევერსა;თბილისი;food;კაფე;"[""კაფე"",""თბილისი""]";false;false;4.8;კაფე — თბილისი.;{};70.34;73.21;2026-08-04 09:08:22.915793+00;41.7099168;44.7535316
osm-2337676296;ლიალვერი;რაჭა-ლეჩხუმი;nature;მწვერვალი;"[""მწვერვალი"",""რაჭა-ლეჩხუმი""]";true;true;4.4;მწვერვალი — რაჭა-ლეჩხუმი.;{};45.15;21.84;2026-08-04 09:08:22.915793+00;43.0711493;43.0156191
osm-2349274250;შიხანი;ქვემო ქართლი;nature;მწვერვალი;"[""მწვერვალი"",""ქვემო ქართლი""]";true;true;4.4;მწვერვალი — ქვემო ქართლი.;{};64.84;71.7;2026-08-04 09:08:22.915793+00;41.7499188;44.3740968
osm-2364348715;დასავლეთი ჯანღა;რაჭა-ლეჩხუმი;nature;მწვერვალი;"[""მწვერვალი"",""რაჭა-ლეჩხუმი""]";true;true;4.4;მწვერვალი — რაჭა-ლეჩხუმი.;{};45.67;23.81;2026-08-03 10:38:42.238563+00;43.0190389;43.0514825
osm-2364348716;მთავარი ჯანღა;რაჭა-ლეჩხუმი;nature;მწვერვალი;"[""მწვერვალი"",""რაჭა-ლეჩხუმი""]";true;true;4.4;მწვერვალი — რაჭა-ლეჩხუმი.;{};45.76;23.84;2026-08-04 09:08:22.915793+00;43.0183172;43.0574799
osm-2379989352;ნარდევანის ციკლოპური ციხე-ხევღრმა;შიდა ქართლი;culture;ნანგრევები;"[""ნანგრევები"",""შიდა ქართლი""]";false;false;4.8;ნანგრევები — შიდა ქართლი.;{};57.93;78.25;2026-08-03 10:38:42.238563+00;41.5764952;43.8968577
osm-2379989355;პატარა აბული;სამცხე-ჯავახეთი;nature;მწვერვალი;"[""მწვერვალი"",""სამცხე-ჯავახეთი""]";true;true;4.4;მწვერვალი — სამცხე-ჯავახეთი.;{};54.71;85.81;2026-08-04 09:08:22.915793+00;41.376098;43.6746531
osm-2412381264;ნავენახევის მღვიმე;იმერეთი;nature;მღვიმე;"[""მღვიმე"",""იმერეთი""]";false;false;4.8;მღვიმე — იმერეთი.;{};42.95;53.13;2026-08-03 10:38:42.238563+00;42.2419303;42.8634646
osm-2417757805;ევროპა;გურია;food;რესტორანი;"[""რესტორანი"",""გურია""]";false;false;4.8;რესტორანი — გურია.;{};35.4;56.07;2026-08-04 09:08:22.915793+00;42.1641453;42.3426551
osm-2422410997;დედაბერა;სამცხე-ჯავახეთი;nature;მწვერვალი;"[""მწვერვალი"",""სამცხე-ჯავახეთი""]";true;true;4.4;მწვერვალი — სამცხე-ჯავახეთი.;{};50.69;65.1;2026-08-03 10:38:42.238563+00;41.9249299;43.3975275
osm-2422410999;ზვარისთავი;სამცხე-ჯავახეთი;nature;მწვერვალი;"[""მწვერვალი"",""სამცხე-ჯავახეთი""]";true;true;4.4;მწვერვალი — სამცხე-ჯავახეთი.;{};51.24;63.08;2026-08-04 09:08:22.915793+00;41.9783595;43.4353622
osm-2460802338;ქიზიყი;აჭარა;food;რესტორანი;"[""რესტორანი"",""აჭარა""]";false;false;4.8;რესტორანი — აჭარა.;{};25.1;75.69;2026-08-04 09:08:22.915793+00;41.6442979;41.6320802
osm-2508519148;მესტიის ჯვარი;რაჭა-ლეჩხუმი;leisure;ხედი;"[""ხედი"",""რაჭა-ლეჩხუმი""]";false;false;4.8;ხედი — რაჭა-ლეჩხუმი.;{};40.92;22.28;2026-08-03 10:38:42.238563+00;43.0594923;42.7234166
osm-2508522615;პანორამული გადასახედი;რაჭა-ლეჩხუმი;leisure;ხედი;"[""ხედი"",""რაჭა-ლეჩხუმი""]";false;false;4.8;ხედი — რაჭა-ლეჩხუმი.;{};40.69;20.8;2026-08-03 10:38:42.238563+00;43.0986951;42.7072964
osm-2513597008;სამცვერა;იმერეთი;leisure;ღირსშესანიშნაობა;"[""ღირსშესანიშნაობა"",""იმერეთი""]";false;false;4.8;ღირსშესანიშნაობა — იმერეთი.;{};45.64;56;2026-08-03 10:38:42.238563+00;42.1661239;43.0493456